datetime,demand_kWh
01/01/2022 01:00,5.87
01/01/2022 02:00,5.95
01/01/2022 03:00,5.69
01/01/2022 04:00,6.05
01/01/2022 05:00,5.64
01/01/2022 06:00,5.47
01/01/2022 07:00,4.66
01/01/2022 08:00,2.72
01/01/2022 09:00,0.26
01/01/2022 10:00,0
01/01/2022 11:00,0
01/01/2022 12:00,0
01/01/2022 13:00,0
01/01/2022 14:00,0.03
01/01/2022 15:00,0.01
01/01/2022 16:00,0.02
01/01/2022 17:00,2.31
01/01/2022 18:00,5.56
01/01/2022 19:00,7.15
01/01/2022 20:00,6.73
01/01/2022 21:00,6.39
01/01/2022 22:00,6.63
01/01/2022 23:00,6.21
02/01/2022 00:00,
02/01/2022 01:00,5.88
02/01/2022 02:00,5.89
02/01/2022 03:00,5.73
02/01/2022 04:00,5.62
02/01/2022 05:00,5.58
02/01/2022 06:00,5.34
02/01/2022 07:00,4.41
02/01/2022 08:00,2.71
02/01/2022 09:00,0.11
02/01/2022 10:00,0
02/01/2022 11:00,0
02/01/2022 12:00,0
02/01/2022 13:00,0
02/01/2022 14:00,0.04
02/01/2022 15:00,0.73
02/01/2022 16:00,0.06
02/01/2022 17:00,1.47
02/01/2022 18:00,5.13
02/01/2022 19:00,6.32
02/01/2022 20:00,6.48
02/01/2022 21:00,6.09
02/01/2022 22:00,6.32
02/01/2022 23:00,6.27
03/01/2022 00:00,
03/01/2022 01:00,6.04
03/01/2022 02:00,5.97
03/01/2022 03:00,5.76
03/01/2022 04:00,5.99
03/01/2022 05:00,5.58
03/01/2022 06:00,5.42
03/01/2022 07:00,5.14
03/01/2022 08:00,4.21
03/01/2022 09:00,0.26
03/01/2022 10:00,0
03/01/2022 11:00,0
03/01/2022 12:00,0
03/01/2022 13:00,0
03/01/2022 14:00,0
03/01/2022 15:00,0
03/01/2022 16:00,0.07
03/01/2022 17:00,2.21
03/01/2022 18:00,5.32
03/01/2022 19:00,7.16
03/01/2022 20:00,8.66
03/01/2022 21:00,6.88
03/01/2022 22:00,6.35
03/01/2022 23:00,6.2
04/01/2022 00:00,
04/01/2022 01:00,6.1
04/01/2022 02:00,5.71
04/01/2022 03:00,5.91
04/01/2022 04:00,5.73
04/01/2022 05:00,5.79
04/01/2022 06:00,5.57
04/01/2022 07:00,5.11
04/01/2022 08:00,4.85
04/01/2022 09:00,3.54
04/01/2022 10:00,1.67
04/01/2022 11:00,0.16
04/01/2022 12:00,0.28
04/01/2022 13:00,0
04/01/2022 14:00,2.6
04/01/2022 15:00,13.54
04/01/2022 16:00,17.48
04/01/2022 17:00,20.9
04/01/2022 18:00,17.08
04/01/2022 19:00,13.84
04/01/2022 20:00,9.17
04/01/2022 21:00,6.49
04/01/2022 22:00,6.39
04/01/2022 23:00,6.19
05/01/2022 00:00,
05/01/2022 01:00,6.21
05/01/2022 02:00,
05/01/2022 03:00,
05/01/2022 04:00,
05/01/2022 05:00,
05/01/2022 06:00,
05/01/2022 07:00,
05/01/2022 08:00,
05/01/2022 09:00,
05/01/2022 10:00,
05/01/2022 11:00,0.03
05/01/2022 12:00,0.04
05/01/2022 13:00,2.93
05/01/2022 14:00,16.82
05/01/2022 15:00,24.54
05/01/2022 16:00,31.31
05/01/2022 17:00,23.44
05/01/2022 18:00,19.61
05/01/2022 19:00,13.69
05/01/2022 20:00,9.53
05/01/2022 21:00,7.17
05/01/2022 22:00,6.64
05/01/2022 23:00,
06/01/2022 00:00,
06/01/2022 01:00,
06/01/2022 02:00,
06/01/2022 03:00,
06/01/2022 04:00,
06/01/2022 05:00,
06/01/2022 06:00,1.87
06/01/2022 07:00,5.2
06/01/2022 08:00,3.95
06/01/2022 09:00,1.89
06/01/2022 10:00,0.14
06/01/2022 11:00,0
06/01/2022 12:00,0.01
06/01/2022 13:00,
06/01/2022 14:00,0.75
06/01/2022 15:00,13.17
06/01/2022 16:00,19.19
06/01/2022 17:00,21.31
06/01/2022 18:00,17.69
06/01/2022 19:00,13.23
06/01/2022 20:00,8.74
06/01/2022 21:00,7.1
06/01/2022 22:00,6.91
06/01/2022 23:00,6.31
07/01/2022 00:00,
07/01/2022 01:00,6.12
07/01/2022 02:00,6.04
07/01/2022 03:00,5.98
07/01/2022 04:00,5.85
07/01/2022 05:00,6.09
07/01/2022 06:00,5.49
07/01/2022 07:00,5.22
07/01/2022 08:00,4.37
07/01/2022 09:00,1.81
07/01/2022 10:00,0.06
07/01/2022 11:00,0
07/01/2022 12:00,1.24
07/01/2022 13:00,3.79
07/01/2022 14:00,13.77
07/01/2022 15:00,20.27
07/01/2022 16:00,19.66
07/01/2022 17:00,17.55
07/01/2022 18:00,16.75
07/01/2022 19:00,10.38
07/01/2022 20:00,9.12
07/01/2022 21:00,8.85
07/01/2022 22:00,7.93
07/01/2022 23:00,7.22
08/01/2022 00:00,
08/01/2022 01:00,6.48
08/01/2022 02:00,6.57
08/01/2022 03:00,6.59
08/01/2022 04:00,6.03
08/01/2022 05:00,6.02
08/01/2022 06:00,5.73
08/01/2022 07:00,5.27
08/01/2022 08:00,3.8
08/01/2022 09:00,0.62
08/01/2022 10:00,0
08/01/2022 11:00,0
08/01/2022 12:00,0
08/01/2022 13:00,0.02
08/01/2022 14:00,1.1
08/01/2022 15:00,5.4
08/01/2022 16:00,5.02
08/01/2022 17:00,7.13
08/01/2022 18:00,8.98
08/01/2022 19:00,11
08/01/2022 20:00,9.81
08/01/2022 21:00,7.89
08/01/2022 22:00,7.61
08/01/2022 23:00,7.01
09/01/2022 00:00,
09/01/2022 01:00,7.04
09/01/2022 02:00,6.86
09/01/2022 03:00,6.8
09/01/2022 04:00,6.5
09/01/2022 05:00,6.34
09/01/2022 06:00,5.9
09/01/2022 07:00,4.85
09/01/2022 08:00,3.05
09/01/2022 09:00,0.28
09/01/2022 10:00,0
09/01/2022 11:00,0
09/01/2022 12:00,0.02
09/01/2022 13:00,0.02
09/01/2022 14:00,0.26
09/01/2022 15:00,1.04
09/01/2022 16:00,3.32
09/01/2022 17:00,6.28
09/01/2022 18:00,10.08
09/01/2022 19:00,11.63
09/01/2022 20:00,10.65
09/01/2022 21:00,8.46
09/01/2022 22:00,8.59
09/01/2022 23:00,8.21
10/01/2022 00:00,
10/01/2022 01:00,6.92
10/01/2022 02:00,6.32
10/01/2022 03:00,6.01
10/01/2022 04:00,5.84
10/01/2022 05:00,5.92
10/01/2022 06:00,5.78
10/01/2022 07:00,4.78
10/01/2022 08:00,4.69
10/01/2022 09:00,6.16
10/01/2022 10:00,4.77
10/01/2022 11:00,1.73
10/01/2022 12:00,2.55
10/01/2022 13:00,10.34
10/01/2022 14:00,20.95
10/01/2022 15:00,28.46
10/01/2022 16:00,29.42
10/01/2022 17:00,27.64
10/01/2022 18:00,23.05
10/01/2022 19:00,19.73
10/01/2022 20:00,14.82
10/01/2022 21:00,9.33
10/01/2022 22:00,7.41
10/01/2022 23:00,8.08
11/01/2022 00:00,
11/01/2022 01:00,6.84
11/01/2022 02:00,6.98
11/01/2022 03:00,6.27
11/01/2022 04:00,6.61
11/01/2022 05:00,6.26
11/01/2022 06:00,5.94
11/01/2022 07:00,5.62
11/01/2022 08:00,4.38
11/01/2022 09:00,3.87
11/01/2022 10:00,
11/01/2022 11:00,
11/01/2022 12:00,2.12
11/01/2022 13:00,5.22
11/01/2022 14:00,8.5
11/01/2022 15:00,13.38
11/01/2022 16:00,18.17
11/01/2022 17:00,20.97
11/01/2022 18:00,12.09
11/01/2022 19:00,12.46
11/01/2022 20:00,10.27
11/01/2022 21:00,8.58
11/01/2022 22:00,6.98
11/01/2022 23:00,7.05
12/01/2022 00:00,
12/01/2022 01:00,6.22
12/01/2022 02:00,6.55
12/01/2022 03:00,6.17
12/01/2022 04:00,6.1
12/01/2022 05:00,5.9
12/01/2022 06:00,5.95
12/01/2022 07:00,5.6
12/01/2022 08:00,4.73
12/01/2022 09:00,8.93
12/01/2022 10:00,6.21
12/01/2022 11:00,4.43
12/01/2022 12:00,5.86
12/01/2022 13:00,6.17
12/01/2022 14:00,12.64
12/01/2022 15:00,17.61
12/01/2022 16:00,18.62
12/01/2022 17:00,22.82
12/01/2022 18:00,17.08
12/01/2022 19:00,12.92
12/01/2022 20:00,10.36
12/01/2022 21:00,8.49
12/01/2022 22:00,7.87
12/01/2022 23:00,7.11
13/01/2022 00:00,
13/01/2022 01:00,6.26
13/01/2022 02:00,6.12
13/01/2022 03:00,5.89
13/01/2022 04:00,6.01
13/01/2022 05:00,5.85
13/01/2022 06:00,5.74
13/01/2022 07:00,4.84
13/01/2022 08:00,4.41
13/01/2022 09:00,2.71
13/01/2022 10:00,5.99
13/01/2022 11:00,12.91
13/01/2022 12:00,13.89
13/01/2022 13:00,13.47
13/01/2022 14:00,16.68
13/01/2022 15:00,24.41
13/01/2022 16:00,23.46
13/01/2022 17:00,23.83
13/01/2022 18:00,19.4
13/01/2022 19:00,11.72
13/01/2022 20:00,9.69
13/01/2022 21:00,8.03
13/01/2022 22:00,9.34
13/01/2022 23:00,9.91
14/01/2022 00:00,
14/01/2022 01:00,8.19
14/01/2022 02:00,6.26
14/01/2022 03:00,5.93
14/01/2022 04:00,6.01
14/01/2022 05:00,6.17
14/01/2022 06:00,5.56
14/01/2022 07:00,4.78
14/01/2022 08:00,4.2
14/01/2022 09:00,6.08
14/01/2022 10:00,2.63
14/01/2022 11:00,0.91
14/01/2022 12:00,0.44
14/01/2022 13:00,1.08
14/01/2022 14:00,2.04
14/01/2022 15:00,6.52
14/01/2022 16:00,12.51
14/01/2022 17:00,19.94
14/01/2022 18:00,16.27
14/01/2022 19:00,12.04
14/01/2022 20:00,10.67
14/01/2022 21:00,9.08
14/01/2022 22:00,7
14/01/2022 23:00,7.02
15/01/2022 00:00,
15/01/2022 01:00,6.59
15/01/2022 02:00,6.57
15/01/2022 03:00,6.09
15/01/2022 04:00,5.94
15/01/2022 05:00,5.87
15/01/2022 06:00,5.7
15/01/2022 07:00,4.83
15/01/2022 08:00,3.95
15/01/2022 09:00,2.56
15/01/2022 10:00,0.01
15/01/2022 11:00,0
15/01/2022 12:00,0
15/01/2022 13:00,0
15/01/2022 14:00,0
15/01/2022 15:00,0.02
15/01/2022 16:00,1.65
15/01/2022 17:00,6.72
15/01/2022 18:00,11.05
15/01/2022 19:00,12.82
15/01/2022 20:00,10.78
15/01/2022 21:00,8.02
15/01/2022 22:00,7.31
15/01/2022 23:00,7.41
16/01/2022 00:00,
16/01/2022 01:00,6.64
16/01/2022 02:00,6.42
16/01/2022 03:00,6.11
16/01/2022 04:00,5.93
16/01/2022 05:00,6.2
16/01/2022 06:00,5.94
16/01/2022 07:00,4.84
16/01/2022 08:00,3.35
16/01/2022 09:00,1.21
16/01/2022 10:00,0.01
16/01/2022 11:00,0
16/01/2022 12:00,0
16/01/2022 13:00,0
16/01/2022 14:00,0
16/01/2022 15:00,0.06
16/01/2022 16:00,1.36
16/01/2022 17:00,5.58
16/01/2022 18:00,10.48
16/01/2022 19:00,11.04
16/01/2022 20:00,9.77
16/01/2022 21:00,7.93
16/01/2022 22:00,7.13
16/01/2022 23:00,7.1
17/01/2022 00:00,
17/01/2022 01:00,6.81
17/01/2022 02:00,6.72
17/01/2022 03:00,6.51
17/01/2022 04:00,6.44
17/01/2022 05:00,6.16
17/01/2022 06:00,6.03
17/01/2022 07:00,5.64
17/01/2022 08:00,4.69
17/01/2022 09:00,6.56
17/01/2022 10:00,10.98
17/01/2022 11:00,9.16
17/01/2022 12:00,16.34
17/01/2022 13:00,18.47
17/01/2022 14:00,24.09
17/01/2022 15:00,27.25
17/01/2022 16:00,20.37
17/01/2022 17:00,21.21
17/01/2022 18:00,28.03
17/01/2022 19:00,15.46
17/01/2022 20:00,9.37
17/01/2022 21:00,8.03
17/01/2022 22:00,7.46
17/01/2022 23:00,7.33
18/01/2022 00:00,
18/01/2022 01:00,6.96
18/01/2022 02:00,6.83
18/01/2022 03:00,6.99
18/01/2022 04:00,6.69
18/01/2022 05:00,6.7
18/01/2022 06:00,6.2
18/01/2022 07:00,5.56
18/01/2022 08:00,5.63
18/01/2022 09:00,8.71
18/01/2022 10:00,9.95
18/01/2022 11:00,12.65
18/01/2022 12:00,13.14
18/01/2022 13:00,11.85
18/01/2022 14:00,14.56
18/01/2022 15:00,20.89
18/01/2022 16:00,25.28
18/01/2022 17:00,24.83
18/01/2022 18:00,21.43
18/01/2022 19:00,16.66
18/01/2022 20:00,9.11
18/01/2022 21:00,7.46
18/01/2022 22:00,7.03
18/01/2022 23:00,7.32
19/01/2022 00:00,
19/01/2022 01:00,7.08
19/01/2022 02:00,6.88
19/01/2022 03:00,6.57
19/01/2022 04:00,6.19
19/01/2022 05:00,6.29
19/01/2022 06:00,5.88
19/01/2022 07:00,5.42
19/01/2022 08:00,4.38
19/01/2022 09:00,11.53
19/01/2022 10:00,10.95
19/01/2022 11:00,7.99
19/01/2022 12:00,8.18
19/01/2022 13:00,5.26
19/01/2022 14:00,8.82
19/01/2022 15:00,15.55
19/01/2022 16:00,21.54
19/01/2022 17:00,22.26
19/01/2022 18:00,12.53
19/01/2022 19:00,
19/01/2022 20:00,
19/01/2022 21:00,
19/01/2022 22:00,
19/01/2022 23:00,
20/01/2022 00:00,
20/01/2022 01:00,
20/01/2022 02:00,
20/01/2022 03:00,
20/01/2022 04:00,
20/01/2022 05:00,
20/01/2022 06:00,
20/01/2022 07:00,
20/01/2022 08:00,
20/01/2022 09:00,
20/01/2022 10:00,
20/01/2022 11:00,12.12
20/01/2022 12:00,15.59
20/01/2022 13:00,16.24
20/01/2022 14:00,19.03
20/01/2022 15:00,
20/01/2022 16:00,
20/01/2022 17:00,
20/01/2022 18:00,
20/01/2022 19:00,
20/01/2022 20:00,
20/01/2022 21:00,
20/01/2022 22:00,
20/01/2022 23:00,
21/01/2022 00:00,
21/01/2022 01:00,
21/01/2022 02:00,
21/01/2022 03:00,
21/01/2022 04:00,
21/01/2022 05:00,
21/01/2022 06:00,
21/01/2022 07:00,
21/01/2022 08:00,
21/01/2022 09:00,
21/01/2022 10:00,
21/01/2022 11:00,
21/01/2022 12:00,
21/01/2022 13:00,
21/01/2022 14:00,
21/01/2022 15:00,
21/01/2022 16:00,
21/01/2022 17:00,
21/01/2022 18:00,
21/01/2022 19:00,
21/01/2022 20:00,
21/01/2022 21:00,
21/01/2022 22:00,
21/01/2022 23:00,
22/01/2022 00:00,
22/01/2022 01:00,
22/01/2022 02:00,
22/01/2022 03:00,
22/01/2022 04:00,
22/01/2022 05:00,
22/01/2022 06:00,
22/01/2022 07:00,
22/01/2022 08:00,
22/01/2022 09:00,
22/01/2022 10:00,
22/01/2022 11:00,
22/01/2022 12:00,
22/01/2022 13:00,
22/01/2022 14:00,
22/01/2022 15:00,
22/01/2022 16:00,
22/01/2022 17:00,
22/01/2022 18:00,
22/01/2022 19:00,
22/01/2022 20:00,
22/01/2022 21:00,
22/01/2022 22:00,
22/01/2022 23:00,
23/01/2022 00:00,
23/01/2022 01:00,
23/01/2022 02:00,
23/01/2022 03:00,
23/01/2022 04:00,
23/01/2022 05:00,
23/01/2022 06:00,
23/01/2022 07:00,
23/01/2022 08:00,
23/01/2022 09:00,
23/01/2022 10:00,
23/01/2022 11:00,
23/01/2022 12:00,
23/01/2022 13:00,
23/01/2022 14:00,
23/01/2022 15:00,
23/01/2022 16:00,
23/01/2022 17:00,
23/01/2022 18:00,
23/01/2022 19:00,
23/01/2022 20:00,
23/01/2022 21:00,
23/01/2022 22:00,
23/01/2022 23:00,
24/01/2022 00:00,
24/01/2022 01:00,
24/01/2022 02:00,
24/01/2022 03:00,
24/01/2022 04:00,
24/01/2022 05:00,
24/01/2022 06:00,
24/01/2022 07:00,
24/01/2022 08:00,3.24
24/01/2022 09:00,7.01
24/01/2022 10:00,5.5
24/01/2022 11:00,
24/01/2022 12:00,
24/01/2022 13:00,
24/01/2022 14:00,
24/01/2022 15:00,
24/01/2022 16:00,
24/01/2022 17:00,
24/01/2022 18:00,
24/01/2022 19:00,
24/01/2022 20:00,
24/01/2022 21:00,
24/01/2022 22:00,2.66
24/01/2022 23:00,8.34
25/01/2022 00:00,
25/01/2022 01:00,7.66
25/01/2022 02:00,7.21
25/01/2022 03:00,7.01
25/01/2022 04:00,7
25/01/2022 05:00,6.65
25/01/2022 06:00,6.54
25/01/2022 07:00,
25/01/2022 08:00,4.9
25/01/2022 09:00,4.47
25/01/2022 10:00,13.17
25/01/2022 11:00,11.06
25/01/2022 12:00,
25/01/2022 13:00,
25/01/2022 14:00,
25/01/2022 15:00,
25/01/2022 16:00,14.98
25/01/2022 17:00,32.64
25/01/2022 18:00,19.38
25/01/2022 19:00,17.48
25/01/2022 20:00,10.92
25/01/2022 21:00,7.58
25/01/2022 22:00,7.4
25/01/2022 23:00,6.32
26/01/2022 00:00,
26/01/2022 01:00,5.93
26/01/2022 02:00,5.88
26/01/2022 03:00,5.88
26/01/2022 04:00,5.59
26/01/2022 05:00,5.6
26/01/2022 06:00,5.4
26/01/2022 07:00,4.79
26/01/2022 08:00,4.23
26/01/2022 09:00,6.46
26/01/2022 10:00,11.95
26/01/2022 11:00,9.76
26/01/2022 12:00,10.39
26/01/2022 13:00,9.95
26/01/2022 14:00,25.93
26/01/2022 15:00,31.72
26/01/2022 16:00,33.17
26/01/2022 17:00,31.68
26/01/2022 18:00,16.42
26/01/2022 19:00,14.19
26/01/2022 20:00,11.23
26/01/2022 21:00,9.27
26/01/2022 22:00,9.21
26/01/2022 23:00,8.18
27/01/2022 00:00,
27/01/2022 01:00,7.42
27/01/2022 02:00,7.01
27/01/2022 03:00,6.64
27/01/2022 04:00,5.9
27/01/2022 05:00,5.75
27/01/2022 06:00,5.22
27/01/2022 07:00,5.1
27/01/2022 08:00,5
27/01/2022 09:00,5.5
27/01/2022 10:00,15.71
27/01/2022 11:00,20.68
27/01/2022 12:00,13.56
27/01/2022 13:00,11.71
27/01/2022 14:00,20.62
27/01/2022 15:00,28.32
27/01/2022 16:00,34.85
27/01/2022 17:00,32.71
27/01/2022 18:00,21.34
27/01/2022 19:00,17.36
27/01/2022 20:00,10.19
27/01/2022 21:00,8.87
27/01/2022 22:00,8.33
27/01/2022 23:00,
28/01/2022 00:00,
28/01/2022 01:00,
28/01/2022 02:00,
28/01/2022 03:00,
28/01/2022 04:00,
28/01/2022 05:00,1.05
28/01/2022 06:00,5.5
28/01/2022 07:00,5
28/01/2022 08:00,4.85
28/01/2022 09:00,4.11
28/01/2022 10:00,9.43
28/01/2022 11:00,5.77
28/01/2022 12:00,8.54
28/01/2022 13:00,8.94
28/01/2022 14:00,12.29
28/01/2022 15:00,14.87
28/01/2022 16:00,21.45
28/01/2022 17:00,31.53
28/01/2022 18:00,17.68
28/01/2022 19:00,12.5
28/01/2022 20:00,10.9
28/01/2022 21:00,7.91
28/01/2022 22:00,
28/01/2022 23:00,
29/01/2022 00:00,
29/01/2022 01:00,
29/01/2022 02:00,
29/01/2022 03:00,
29/01/2022 04:00,
29/01/2022 05:00,
29/01/2022 06:00,
29/01/2022 07:00,
29/01/2022 08:00,4.74
29/01/2022 09:00,1.17
29/01/2022 10:00,0
29/01/2022 11:00,0
29/01/2022 12:00,0
29/01/2022 13:00,0
29/01/2022 14:00,0
29/01/2022 15:00,0
29/01/2022 16:00,0.99
29/01/2022 17:00,4.78
29/01/2022 18:00,11.09
29/01/2022 19:00,13.38
29/01/2022 20:00,14.07
29/01/2022 21:00,11.95
29/01/2022 22:00,10.19
29/01/2022 23:00,10
30/01/2022 00:00,
30/01/2022 01:00,7.05
30/01/2022 02:00,7.09
30/01/2022 03:00,6.6
30/01/2022 04:00,6.43
30/01/2022 05:00,6.07
30/01/2022 06:00,11.04
30/01/2022 07:00,5.26
30/01/2022 08:00,3.53
30/01/2022 09:00,0.14
30/01/2022 10:00,0
30/01/2022 11:00,0
30/01/2022 12:00,0
30/01/2022 13:00,0
30/01/2022 14:00,2.91
30/01/2022 15:00,5.77
30/01/2022 16:00,10.86
30/01/2022 17:00,8.91
30/01/2022 18:00,8.61
30/01/2022 19:00,10.89
30/01/2022 20:00,9.57
30/01/2022 21:00,8.16
30/01/2022 22:00,7.56
30/01/2022 23:00,7.37
31/01/2022 00:00,
31/01/2022 01:00,8.03
31/01/2022 02:00,7.9
31/01/2022 03:00,6.44
31/01/2022 04:00,5.78
31/01/2022 05:00,5.56
31/01/2022 06:00,5.54
31/01/2022 07:00,5.25
31/01/2022 08:00,5.62
31/01/2022 09:00,2.44
31/01/2022 10:00,13.02
31/01/2022 11:00,7.99
31/01/2022 12:00,7.44
31/01/2022 13:00,24.45
31/01/2022 14:00,21.72
31/01/2022 15:00,31.94
31/01/2022 16:00,27.85
31/01/2022 17:00,31.2
31/01/2022 18:00,25.15
31/01/2022 19:00,17.05
31/01/2022 20:00,11.56
31/01/2022 21:00,8.67
31/01/2022 22:00,6.49
31/01/2022 23:00,6.14
01/02/2022 00:00,
01/02/2022 01:00,6.39
01/02/2022 02:00,6.18
01/02/2022 03:00,5.64
01/02/2022 04:00,5.78
01/02/2022 05:00,5.63
01/02/2022 06:00,5.57
01/02/2022 07:00,13.33
01/02/2022 08:00,4.51
01/02/2022 09:00,8.29
01/02/2022 10:00,26.54
01/02/2022 11:00,26.85
01/02/2022 12:00,30.09
01/02/2022 13:00,24.76
01/02/2022 14:00,28.63
01/02/2022 15:00,31.72
01/02/2022 16:00,34.62
01/02/2022 17:00,39.85
01/02/2022 18:00,33.73
01/02/2022 19:00,22.3
01/02/2022 20:00,12.36
01/02/2022 21:00,9.6
01/02/2022 22:00,7.52
01/02/2022 23:00,7.03
02/02/2022 00:00,
02/02/2022 01:00,6.84
02/02/2022 02:00,6.74
02/02/2022 03:00,6.41
02/02/2022 04:00,6.51
02/02/2022 05:00,6.4
02/02/2022 06:00,15.37
02/02/2022 07:00,5.39
02/02/2022 08:00,5.81
02/02/2022 09:00,5.11
02/02/2022 10:00,15.86
02/02/2022 11:00,25.55
02/02/2022 12:00,11.45
02/02/2022 13:00,7.75
02/02/2022 14:00,9.36
02/02/2022 15:00,14.25
02/02/2022 16:00,20.05
02/02/2022 17:00,52.12
02/02/2022 18:00,14.32
02/02/2022 19:00,13.68
02/02/2022 20:00,12.62
02/02/2022 21:00,10.14
02/02/2022 22:00,8.85
02/02/2022 23:00,8.45
03/02/2022 00:00,
03/02/2022 01:00,8.65
03/02/2022 02:00,8.47
03/02/2022 03:00,7.45
03/02/2022 04:00,7.41
03/02/2022 05:00,7.3
03/02/2022 06:00,7.17
03/02/2022 07:00,7.16
03/02/2022 08:00,6.5
03/02/2022 09:00,6.89
03/02/2022 10:00,14.16
03/02/2022 11:00,19.78
03/02/2022 12:00,17.79
03/02/2022 13:00,17.29
03/02/2022 14:00,18.3
03/02/2022 15:00,19.27
03/02/2022 16:00,23.82
03/02/2022 17:00,27.15
03/02/2022 18:00,27.23
03/02/2022 19:00,30.49
03/02/2022 20:00,20.84
03/02/2022 21:00,12.24
03/02/2022 22:00,10.37
03/02/2022 23:00,9
04/02/2022 00:00,
04/02/2022 01:00,7.37
04/02/2022 02:00,7.65
04/02/2022 03:00,6.79
04/02/2022 04:00,6.71
04/02/2022 05:00,6.87
04/02/2022 06:00,6.69
04/02/2022 07:00,6.66
04/02/2022 08:00,28.64
04/02/2022 09:00,17.41
04/02/2022 10:00,23.82
04/02/2022 11:00,20.91
04/02/2022 12:00,17.25
04/02/2022 13:00,16.66
04/02/2022 14:00,27.47
04/02/2022 15:00,24.25
04/02/2022 16:00,30.89
04/02/2022 17:00,28.21
04/02/2022 18:00,29.51
04/02/2022 19:00,32.02
04/02/2022 20:00,19.93
04/02/2022 21:00,15.33
04/02/2022 22:00,12.57
04/02/2022 23:00,8.13
05/02/2022 00:00,
05/02/2022 01:00,7.08
05/02/2022 02:00,6.66
05/02/2022 03:00,6.08
05/02/2022 04:00,6.35
05/02/2022 05:00,6.27
05/02/2022 06:00,6.34
05/02/2022 07:00,6.12
05/02/2022 08:00,5.35
05/02/2022 09:00,5.78
05/02/2022 10:00,5.36
05/02/2022 11:00,5.08
05/02/2022 12:00,4.92
05/02/2022 13:00,4.83
05/02/2022 14:00,5.14
05/02/2022 15:00,3.81
05/02/2022 16:00,1.09
05/02/2022 17:00,0.01
05/02/2022 18:00,4.27
05/02/2022 19:00,6.07
05/02/2022 20:00,8.22
05/02/2022 21:00,14.1
05/02/2022 22:00,8.78
05/02/2022 23:00,8.9
06/02/2022 00:00,
06/02/2022 01:00,10.11
06/02/2022 02:00,7
06/02/2022 03:00,6
06/02/2022 04:00,6.16
06/02/2022 05:00,6.23
06/02/2022 06:00,6.19
06/02/2022 07:00,6.27
06/02/2022 08:00,6.3
06/02/2022 09:00,41.76
06/02/2022 10:00,3.41
06/02/2022 11:00,1.62
06/02/2022 12:00,0
06/02/2022 13:00,0
06/02/2022 14:00,0.03
06/02/2022 15:00,0.04
06/02/2022 16:00,0.84
06/02/2022 17:00,3.91
06/02/2022 18:00,12.55
06/02/2022 19:00,13.81
06/02/2022 20:00,12.84
06/02/2022 21:00,14.22
06/02/2022 22:00,13.03
06/02/2022 23:00,12.36
07/02/2022 00:00,
07/02/2022 01:00,8.82
07/02/2022 02:00,5.99
07/02/2022 03:00,5.6
07/02/2022 04:00,5.78
07/02/2022 05:00,5.88
07/02/2022 06:00,5.29
07/02/2022 07:00,4.61
07/02/2022 08:00,4.45
07/02/2022 09:00,4.39
07/02/2022 10:00,4.42
07/02/2022 11:00,4.44
07/02/2022 12:00,5.93
07/02/2022 13:00,16
07/02/2022 14:00,41.65
07/02/2022 15:00,70.94
07/02/2022 16:00,59.24
07/02/2022 17:00,78.81
07/02/2022 18:00,98.76
07/02/2022 19:00,26.45
07/02/2022 20:00,15.48
07/02/2022 21:00,7.77
07/02/2022 22:00,8.76
07/02/2022 23:00,
08/02/2022 00:00,
08/02/2022 01:00,6.42
08/02/2022 02:00,7.46
08/02/2022 03:00,
08/02/2022 04:00,7.23
08/02/2022 05:00,7.43
08/02/2022 06:00,6.75
08/02/2022 07:00,
08/02/2022 08:00,
08/02/2022 09:00,2.82
08/02/2022 10:00,14.75
08/02/2022 11:00,
08/02/2022 12:00,
08/02/2022 13:00,
08/02/2022 14:00,21.95
08/02/2022 15:00,
08/02/2022 16:00,29.02
08/02/2022 17:00,32.03
08/02/2022 18:00,
08/02/2022 19:00,
08/02/2022 20:00,8.35
08/02/2022 21:00,
08/02/2022 22:00,5.87
08/02/2022 23:00,7.51
09/02/2022 00:00,
09/02/2022 01:00,
09/02/2022 02:00,
09/02/2022 03:00,
09/02/2022 04:00,
09/02/2022 05:00,
09/02/2022 06:00,
09/02/2022 07:00,5
09/02/2022 08:00,4.08
09/02/2022 09:00,5.19
09/02/2022 10:00,12.98
09/02/2022 11:00,9.42
09/02/2022 12:00,10.5
09/02/2022 13:00,5.6
09/02/2022 14:00,38.02
09/02/2022 15:00,25.24
09/02/2022 16:00,24.08
09/02/2022 17:00,26.39
09/02/2022 18:00,28.31
09/02/2022 19:00,29.07
09/02/2022 20:00,10.63
09/02/2022 21:00,6.74
09/02/2022 22:00,6.83
09/02/2022 23:00,7.66
10/02/2022 00:00,
10/02/2022 01:00,
10/02/2022 02:00,
10/02/2022 03:00,
10/02/2022 04:00,
10/02/2022 05:00,4.26
10/02/2022 06:00,6.55
10/02/2022 07:00,5.13
10/02/2022 08:00,
10/02/2022 09:00,
10/02/2022 10:00,
10/02/2022 11:00,
10/02/2022 12:00,
10/02/2022 13:00,
10/02/2022 14:00,
10/02/2022 15:00,
10/02/2022 16:00,
10/02/2022 17:00,
10/02/2022 18:00,
10/02/2022 19:00,
10/02/2022 20:00,
10/02/2022 21:00,
10/02/2022 22:00,
10/02/2022 23:00,
11/02/2022 00:00,
11/02/2022 01:00,
11/02/2022 02:00,
11/02/2022 03:00,
11/02/2022 04:00,
11/02/2022 05:00,
11/02/2022 06:00,4.67
11/02/2022 07:00,
11/02/2022 08:00,1.09
11/02/2022 09:00,12.92
11/02/2022 10:00,32.9
11/02/2022 11:00,32.13
11/02/2022 12:00,27.88
11/02/2022 13:00,25.03
11/02/2022 14:00,36.09
11/02/2022 15:00,38.47
11/02/2022 16:00,44.62
11/02/2022 17:00,41.91
11/02/2022 18:00,26.78
11/02/2022 19:00,15.5
11/02/2022 20:00,11.43
11/02/2022 21:00,8.06
11/02/2022 22:00,7.37
11/02/2022 23:00,7.44
12/02/2022 00:00,
12/02/2022 01:00,6.34
12/02/2022 02:00,6.48
12/02/2022 03:00,6.12
12/02/2022 04:00,6.4
12/02/2022 05:00,6.44
12/02/2022 06:00,6
12/02/2022 07:00,5.67
12/02/2022 08:00,4.92
12/02/2022 09:00,1.53
12/02/2022 10:00,0
12/02/2022 11:00,0
12/02/2022 12:00,0
12/02/2022 13:00,0
12/02/2022 14:00,0.03
12/02/2022 15:00,0.3
12/02/2022 16:00,0.21
12/02/2022 17:00,4.16
12/02/2022 18:00,6.5
12/02/2022 19:00,10.31
12/02/2022 20:00,10.62
12/02/2022 21:00,8.35
12/02/2022 22:00,7.49
12/02/2022 23:00,7.45
13/02/2022 00:00,
13/02/2022 01:00,6.84
13/02/2022 02:00,6.85
13/02/2022 03:00,6.51
13/02/2022 04:00,6.55
13/02/2022 05:00,6.59
13/02/2022 06:00,6.4
13/02/2022 07:00,5.49
13/02/2022 08:00,4.16
13/02/2022 09:00,0.66
13/02/2022 10:00,0.07
13/02/2022 11:00,0.12
13/02/2022 12:00,0.11
13/02/2022 13:00,0.6
13/02/2022 14:00,0.88
13/02/2022 15:00,0.19
13/02/2022 16:00,0.01
13/02/2022 17:00,1.78
13/02/2022 18:00,6.99
13/02/2022 19:00,10.47
13/02/2022 20:00,10.84
13/02/2022 21:00,8.62
13/02/2022 22:00,7.54
13/02/2022 23:00,7.3
14/02/2022 00:00,
14/02/2022 01:00,7.06
14/02/2022 02:00,7.21
14/02/2022 03:00,6.9
14/02/2022 04:00,7.31
14/02/2022 05:00,6.96
14/02/2022 06:00,6.67
14/02/2022 07:00,6.2
14/02/2022 08:00,5.29
14/02/2022 09:00,8.86
14/02/2022 10:00,36.45
14/02/2022 11:00,32.36
14/02/2022 12:00,28.56
14/02/2022 13:00,22.02
14/02/2022 14:00,24.68
14/02/2022 15:00,28.85
14/02/2022 16:00,35.07
14/02/2022 17:00,33.25
14/02/2022 18:00,18.71
14/02/2022 19:00,13.46
14/02/2022 20:00,11.72
14/02/2022 21:00,8.28
14/02/2022 22:00,7.27
14/02/2022 23:00,7.09
15/02/2022 00:00,
15/02/2022 01:00,6.88
15/02/2022 02:00,6.95
15/02/2022 03:00,6.93
15/02/2022 04:00,7.34
15/02/2022 05:00,6.91
15/02/2022 06:00,6.77
15/02/2022 07:00,6.28
15/02/2022 08:00,6.95
15/02/2022 09:00,9.92
15/02/2022 10:00,42.1
15/02/2022 11:00,41.05
15/02/2022 12:00,34.64
15/02/2022 13:00,38.05
15/02/2022 14:00,39.91
15/02/2022 15:00,32.76
15/02/2022 16:00,32.8
15/02/2022 17:00,30.62
15/02/2022 18:00,19.07
15/02/2022 19:00,11.27
15/02/2022 20:00,8.6
15/02/2022 21:00,6.74
15/02/2022 22:00,6.66
15/02/2022 23:00,6.38
16/02/2022 00:00,
16/02/2022 01:00,6.16
16/02/2022 02:00,6.47
16/02/2022 03:00,5.89
16/02/2022 04:00,6.16
16/02/2022 05:00,6.32
16/02/2022 06:00,6.17
16/02/2022 07:00,5.92
16/02/2022 08:00,5.1
16/02/2022 09:00,4.46
16/02/2022 10:00,6.99
16/02/2022 11:00,7.09
16/02/2022 12:00,4.43
16/02/2022 13:00,2.26
16/02/2022 14:00,1.35
16/02/2022 15:00,1.96
16/02/2022 16:00,2.42
16/02/2022 17:00,2.22
16/02/2022 18:00,6.62
16/02/2022 19:00,8.71
16/02/2022 20:00,8.1
16/02/2022 21:00,6.54
16/02/2022 22:00,6.26
16/02/2022 23:00,6.1
17/02/2022 00:00,
17/02/2022 01:00,6.17
17/02/2022 02:00,6.22
17/02/2022 03:00,5.8
17/02/2022 04:00,6.19
17/02/2022 05:00,6.21
17/02/2022 06:00,6.1
17/02/2022 07:00,5.49
17/02/2022 08:00,5.28
17/02/2022 09:00,7.47
17/02/2022 10:00,14.6
17/02/2022 11:00,15.13
17/02/2022 12:00,12.24
17/02/2022 13:00,13.57
17/02/2022 14:00,20.33
17/02/2022 15:00,28.26
17/02/2022 16:00,24.79
17/02/2022 17:00,26.55
17/02/2022 18:00,16.76
17/02/2022 19:00,11.78
17/02/2022 20:00,12.81
17/02/2022 21:00,10.82
17/02/2022 22:00,10.67
17/02/2022 23:00,9.9
18/02/2022 00:00,
18/02/2022 01:00,6.38
18/02/2022 02:00,6.69
18/02/2022 03:00,6.37
18/02/2022 04:00,6.3
18/02/2022 05:00,6.6
18/02/2022 06:00,6.09
18/02/2022 07:00,6.1
18/02/2022 08:00,6.14
18/02/2022 09:00,13.86
18/02/2022 10:00,25.51
18/02/2022 11:00,24.9
18/02/2022 12:00,20.56
18/02/2022 13:00,16.16
18/02/2022 14:00,24.79
18/02/2022 15:00,26.62
18/02/2022 16:00,29.74
18/02/2022 17:00,28.87
18/02/2022 18:00,23.93
18/02/2022 19:00,13.07
18/02/2022 20:00,9.82
18/02/2022 21:00,7.51
18/02/2022 22:00,7.42
18/02/2022 23:00,6.96
19/02/2022 00:00,
19/02/2022 01:00,6.37
19/02/2022 02:00,6.32
19/02/2022 03:00,6.08
19/02/2022 04:00,6.44
19/02/2022 05:00,6.14
19/02/2022 06:00,6.04
19/02/2022 07:00,5.64
19/02/2022 08:00,5.3
19/02/2022 09:00,2.34
19/02/2022 10:00,0.64
19/02/2022 11:00,0.36
19/02/2022 12:00,0.05
19/02/2022 13:00,0.66
19/02/2022 14:00,0.72
19/02/2022 15:00,5.66
19/02/2022 16:00,10.62
19/02/2022 17:00,2.62
19/02/2022 18:00,7.8
19/02/2022 19:00,10.42
19/02/2022 20:00,9.54
19/02/2022 21:00,7.7
19/02/2022 22:00,6.63
19/02/2022 23:00,6.74
20/02/2022 00:00,
20/02/2022 01:00,6.38
20/02/2022 02:00,6.22
20/02/2022 03:00,6.29
20/02/2022 04:00,6.39
20/02/2022 05:00,6.39
20/02/2022 06:00,6.25
20/02/2022 07:00,5.66
20/02/2022 08:00,5.16
20/02/2022 09:00,2.32
20/02/2022 10:00,0.9
20/02/2022 11:00,
20/02/2022 12:00,
20/02/2022 13:00,
20/02/2022 14:00,
20/02/2022 15:00,
20/02/2022 16:00,
20/02/2022 17:00,
20/02/2022 18:00,
20/02/2022 19:00,
20/02/2022 20:00,
20/02/2022 21:00,
20/02/2022 22:00,
20/02/2022 23:00,
21/02/2022 00:00,
21/02/2022 01:00,
21/02/2022 02:00,
21/02/2022 03:00,
21/02/2022 04:00,
21/02/2022 05:00,
21/02/2022 06:00,
21/02/2022 07:00,6.01
21/02/2022 08:00,4.98
21/02/2022 09:00,3.48
21/02/2022 10:00,16.05
21/02/2022 11:00,23.53
21/02/2022 12:00,14.5
21/02/2022 13:00,13.97
21/02/2022 14:00,13.59
21/02/2022 15:00,16.22
21/02/2022 16:00,22.12
21/02/2022 17:00,27.55
21/02/2022 18:00,12.89
21/02/2022 19:00,10.12
21/02/2022 20:00,9.04
21/02/2022 21:00,7.85
21/02/2022 22:00,7.42
21/02/2022 23:00,6.82
22/02/2022 00:00,
22/02/2022 01:00,5.75
22/02/2022 02:00,5.72
22/02/2022 03:00,5.56
22/02/2022 04:00,5.7
22/02/2022 05:00,5.66
22/02/2022 06:00,5.6
22/02/2022 07:00,4.62
22/02/2022 08:00,4.92
22/02/2022 09:00,6.58
22/02/2022 10:00,19.87
22/02/2022 11:00,18.29
22/02/2022 12:00,19.04
22/02/2022 13:00,19.23
22/02/2022 14:00,16.5
22/02/2022 15:00,15.2
22/02/2022 16:00,20.31
22/02/2022 17:00,20.84
22/02/2022 18:00,13.46
22/02/2022 19:00,10.33
22/02/2022 20:00,9.17
22/02/2022 21:00,7.46
22/02/2022 22:00,6.8
22/02/2022 23:00,6.64
23/02/2022 00:00,
23/02/2022 01:00,5.64
23/02/2022 02:00,5.93
23/02/2022 03:00,
23/02/2022 04:00,2.92
23/02/2022 05:00,5.49
23/02/2022 06:00,5
23/02/2022 07:00,4.4
23/02/2022 08:00,3.98
23/02/2022 09:00,2.62
23/02/2022 10:00,14.35
23/02/2022 11:00,7.38
23/02/2022 12:00,7.94
23/02/2022 13:00,7.42
23/02/2022 14:00,15.29
23/02/2022 15:00,16.58
23/02/2022 16:00,21.93
23/02/2022 17:00,26.42
23/02/2022 18:00,18.54
23/02/2022 19:00,15.23
23/02/2022 20:00,10.41
23/02/2022 21:00,7.5
23/02/2022 22:00,6.72
23/02/2022 23:00,6.79
24/02/2022 00:00,
24/02/2022 01:00,5.89
24/02/2022 02:00,6.04
24/02/2022 03:00,6.04
24/02/2022 04:00,5.92
24/02/2022 05:00,5.88
24/02/2022 06:00,5.16
24/02/2022 07:00,4.62
24/02/2022 08:00,4.47
24/02/2022 09:00,3.16
24/02/2022 10:00,14.11
24/02/2022 11:00,9.52
24/02/2022 12:00,8.27
24/02/2022 13:00,9.73
24/02/2022 14:00,10
24/02/2022 15:00,15.48
24/02/2022 16:00,22.25
24/02/2022 17:00,25.38
24/02/2022 18:00,17.23
24/02/2022 19:00,10.2
24/02/2022 20:00,9.84
24/02/2022 21:00,7.16
24/02/2022 22:00,6.35
24/02/2022 23:00,6.8
25/02/2022 00:00,
25/02/2022 01:00,5.83
25/02/2022 02:00,5.69
25/02/2022 03:00,5.53
25/02/2022 04:00,6.01
25/02/2022 05:00,5.51
25/02/2022 06:00,5.4
25/02/2022 07:00,4.7
25/02/2022 08:00,6.36
25/02/2022 09:00,12.86
25/02/2022 10:00,27.18
25/02/2022 11:00,27.4
25/02/2022 12:00,21.28
25/02/2022 13:00,20.68
25/02/2022 14:00,22.29
25/02/2022 15:00,21.69
25/02/2022 16:00,23.41
25/02/2022 17:00,21.88
25/02/2022 18:00,16.92
25/02/2022 19:00,13.39
25/02/2022 20:00,10.03
25/02/2022 21:00,8.38
25/02/2022 22:00,8.01
25/02/2022 23:00,7.04
26/02/2022 00:00,
26/02/2022 01:00,6.85
26/02/2022 02:00,6.78
26/02/2022 03:00,6.86
26/02/2022 04:00,6.42
26/02/2022 05:00,6.88
26/02/2022 06:00,6.82
26/02/2022 07:00,5.82
26/02/2022 08:00,4.95
26/02/2022 09:00,1.04
26/02/2022 10:00,0.07
26/02/2022 11:00,0
26/02/2022 12:00,0
26/02/2022 13:00,0
26/02/2022 14:00,0
26/02/2022 15:00,0
26/02/2022 16:00,1.06
26/02/2022 17:00,2.36
26/02/2022 18:00,6.78
26/02/2022 19:00,9.84
26/02/2022 20:00,10.18
26/02/2022 21:00,8.67
26/02/2022 22:00,8.44
26/02/2022 23:00,8.46
27/02/2022 00:00,
27/02/2022 01:00,6.94
27/02/2022 02:00,6.65
27/02/2022 03:00,
27/02/2022 04:00,
27/02/2022 05:00,
27/02/2022 06:00,
27/02/2022 07:00,
27/02/2022 08:00,
27/02/2022 09:00,
27/02/2022 10:00,
27/02/2022 11:00,
27/02/2022 12:00,
27/02/2022 13:00,
27/02/2022 14:00,
27/02/2022 15:00,
27/02/2022 16:00,
27/02/2022 17:00,
27/02/2022 18:00,
27/02/2022 19:00,
27/02/2022 20:00,
27/02/2022 21:00,
27/02/2022 22:00,
27/02/2022 23:00,
28/02/2022 00:00,
28/02/2022 01:00,
28/02/2022 02:00,5.37
28/02/2022 03:00,6.58
28/02/2022 04:00,6.31
28/02/2022 05:00,6.21
28/02/2022 06:00,5.87
28/02/2022 07:00,5.6
28/02/2022 08:00,4.1
28/02/2022 09:00,10.21
28/02/2022 10:00,16.72
28/02/2022 11:00,13.56
28/02/2022 12:00,12.78
28/02/2022 13:00,18.72
28/02/2022 14:00,
28/02/2022 15:00,32.29
28/02/2022 16:00,40.99
28/02/2022 17:00,36.96
28/02/2022 18:00,23.92
28/02/2022 19:00,
28/02/2022 20:00,
28/02/2022 21:00,
28/02/2022 22:00,
28/02/2022 23:00,6.52
01/03/2022 00:00,
01/03/2022 01:00,7.25
01/03/2022 02:00,6.97
01/03/2022 03:00,7.04
01/03/2022 04:00,6.92
01/03/2022 05:00,6.75
01/03/2022 06:00,6.52
01/03/2022 07:00,6.26
01/03/2022 08:00,4.91
01/03/2022 09:00,10.27
01/03/2022 10:00,25.14
01/03/2022 11:00,
01/03/2022 12:00,4.1
01/03/2022 13:00,28.37
01/03/2022 14:00,33.11
01/03/2022 15:00,30.98
01/03/2022 16:00,36.05
01/03/2022 17:00,36.83
01/03/2022 18:00,23.03
01/03/2022 19:00,12.47
01/03/2022 20:00,10.85
01/03/2022 21:00,9.04
01/03/2022 22:00,8.35
01/03/2022 23:00,8.25
02/03/2022 00:00,
02/03/2022 01:00,7.93
02/03/2022 02:00,7.95
02/03/2022 03:00,7.9
02/03/2022 04:00,7.64
02/03/2022 05:00,7.49
02/03/2022 06:00,7.28
02/03/2022 07:00,6.75
02/03/2022 08:00,5.38
02/03/2022 09:00,20.45
02/03/2022 10:00,28.62
02/03/2022 11:00,
02/03/2022 12:00,22.59
02/03/2022 13:00,25.94
02/03/2022 14:00,34.92
02/03/2022 15:00,31.27
02/03/2022 16:00,30.81
02/03/2022 17:00,34.09
02/03/2022 18:00,24.04
02/03/2022 19:00,13.87
02/03/2022 20:00,10.6
02/03/2022 21:00,8.44
02/03/2022 22:00,8.35
02/03/2022 23:00,8.17
03/03/2022 00:00,
03/03/2022 01:00,8.05
03/03/2022 02:00,7.88
03/03/2022 03:00,7.86
03/03/2022 04:00,7.74
03/03/2022 05:00,7.61
03/03/2022 06:00,7.34
03/03/2022 07:00,7.17
03/03/2022 08:00,5.47
03/03/2022 09:00,17.13
03/03/2022 10:00,30.25
03/03/2022 11:00,20.96
03/03/2022 12:00,26.81
03/03/2022 13:00,29.46
03/03/2022 14:00,37.87
03/03/2022 15:00,45.05
03/03/2022 16:00,36.46
03/03/2022 17:00,39.66
03/03/2022 18:00,32.55
03/03/2022 19:00,22.85
03/03/2022 20:00,12.4
03/03/2022 21:00,9.65
03/03/2022 22:00,9.43
03/03/2022 23:00,9.51
04/03/2022 00:00,
04/03/2022 01:00,8.77
04/03/2022 02:00,8.47
04/03/2022 03:00,7.94
04/03/2022 04:00,6.99
04/03/2022 05:00,7.16
04/03/2022 06:00,6.73
04/03/2022 07:00,6.26
04/03/2022 08:00,5.25
04/03/2022 09:00,20.07
04/03/2022 10:00,32.04
04/03/2022 11:00,25.32
04/03/2022 12:00,23.65
04/03/2022 13:00,26.88
04/03/2022 14:00,35.77
04/03/2022 15:00,34.94
04/03/2022 16:00,39.26
04/03/2022 17:00,38.36
04/03/2022 18:00,35.1
04/03/2022 19:00,26.35
04/03/2022 20:00,13.79
04/03/2022 21:00,8.75
04/03/2022 22:00,8.15
04/03/2022 23:00,7.78
05/03/2022 00:00,
05/03/2022 01:00,7.88
05/03/2022 02:00,7.64
05/03/2022 03:00,7.65
05/03/2022 04:00,7.36
05/03/2022 05:00,7.05
05/03/2022 06:00,7.24
05/03/2022 07:00,6.03
05/03/2022 08:00,4.43
05/03/2022 09:00,1.24
05/03/2022 10:00,0.05
05/03/2022 11:00,0
05/03/2022 12:00,0
05/03/2022 13:00,0.57
05/03/2022 14:00,5.25
05/03/2022 15:00,10.61
05/03/2022 16:00,15.61
05/03/2022 17:00,15.37
05/03/2022 18:00,12.06
05/03/2022 19:00,11.79
05/03/2022 20:00,9.46
05/03/2022 21:00,8.3
05/03/2022 22:00,7.8
05/03/2022 23:00,8.11
06/03/2022 00:00,
06/03/2022 01:00,7.72
06/03/2022 02:00,7.75
06/03/2022 03:00,7.79
06/03/2022 04:00,7.77
06/03/2022 05:00,7.55
06/03/2022 06:00,7.45
06/03/2022 07:00,6.56
06/03/2022 08:00,4
06/03/2022 09:00,0.71
06/03/2022 10:00,0.21
06/03/2022 11:00,0.36
06/03/2022 12:00,0.26
06/03/2022 13:00,0.06
06/03/2022 14:00,0.09
06/03/2022 15:00,0.05
06/03/2022 16:00,0.26
06/03/2022 17:00,3.8
06/03/2022 18:00,9.05
06/03/2022 19:00,13.08
06/03/2022 20:00,11.08
06/03/2022 21:00,8.98
06/03/2022 22:00,8.92
06/03/2022 23:00,8.77
07/03/2022 00:00,
07/03/2022 01:00,8.51
07/03/2022 02:00,8.43
07/03/2022 03:00,7.36
07/03/2022 04:00,7.46
07/03/2022 05:00,7.44
07/03/2022 06:00,7.18
07/03/2022 07:00,5.95
07/03/2022 08:00,4.87
07/03/2022 09:00,18.74
07/03/2022 10:00,35.93
07/03/2022 11:00,31.31
07/03/2022 12:00,29.62
07/03/2022 13:00,31.07
07/03/2022 14:00,34.72
07/03/2022 15:00,40.62
07/03/2022 16:00,42.31
07/03/2022 17:00,37.36
07/03/2022 18:00,24.01
07/03/2022 19:00,23.09
07/03/2022 20:00,10.82
07/03/2022 21:00,7.43
07/03/2022 22:00,7.62
07/03/2022 23:00,7.95
08/03/2022 00:00,
08/03/2022 01:00,7.4
08/03/2022 02:00,7.49
08/03/2022 03:00,7.31
08/03/2022 04:00,7.45
08/03/2022 05:00,7.14
08/03/2022 06:00,6.56
08/03/2022 07:00,5.96
08/03/2022 08:00,3.41
08/03/2022 09:00,20.32
08/03/2022 10:00,33.89
08/03/2022 11:00,34.33
08/03/2022 12:00,38.43
08/03/2022 13:00,32.88
08/03/2022 14:00,28.99
08/03/2022 15:00,34.83
08/03/2022 16:00,35.77
08/03/2022 17:00,39.64
08/03/2022 18:00,26.45
08/03/2022 19:00,15.99
08/03/2022 20:00,10.37
08/03/2022 21:00,8.06
08/03/2022 22:00,7.78
08/03/2022 23:00,8.11
09/03/2022 00:00,
09/03/2022 01:00,7.72
09/03/2022 02:00,7.56
09/03/2022 03:00,7.45
09/03/2022 04:00,7.52
09/03/2022 05:00,7.17
09/03/2022 06:00,7.08
09/03/2022 07:00,6.4
09/03/2022 08:00,4.5
09/03/2022 09:00,16.81
09/03/2022 10:00,26.51
09/03/2022 11:00,27.33
09/03/2022 12:00,
09/03/2022 13:00,32.21
09/03/2022 14:00,34.88
09/03/2022 15:00,37.81
09/03/2022 16:00,44.85
09/03/2022 17:00,41.65
09/03/2022 18:00,36.92
09/03/2022 19:00,28
09/03/2022 20:00,11.42
09/03/2022 21:00,9.01
09/03/2022 22:00,8.99
09/03/2022 23:00,8.74
10/03/2022 00:00,
10/03/2022 01:00,7.91
10/03/2022 02:00,7.56
10/03/2022 03:00,7.33
10/03/2022 04:00,7.32
10/03/2022 05:00,7.1
10/03/2022 06:00,6.85
10/03/2022 07:00,5.9
10/03/2022 08:00,4.96
10/03/2022 09:00,12.28
10/03/2022 10:00,29.42
10/03/2022 11:00,31.25
10/03/2022 12:00,25.88
10/03/2022 13:00,29.69
10/03/2022 14:00,35.51
10/03/2022 15:00,41
10/03/2022 16:00,44.27
10/03/2022 17:00,43.04
10/03/2022 18:00,
10/03/2022 19:00,17.63
10/03/2022 20:00,16.45
10/03/2022 21:00,10.96
10/03/2022 22:00,9.82
10/03/2022 23:00,9.56
11/03/2022 00:00,
11/03/2022 01:00,9.32
11/03/2022 02:00,9.37
11/03/2022 03:00,8.88
11/03/2022 04:00,7.52
11/03/2022 05:00,7.79
11/03/2022 06:00,7.26
11/03/2022 07:00,6.48
11/03/2022 08:00,7.09
11/03/2022 09:00,26.68
11/03/2022 10:00,41.54
11/03/2022 11:00,43.38
11/03/2022 12:00,39.39
11/03/2022 13:00,38.88
11/03/2022 14:00,41.35
11/03/2022 15:00,41.65
11/03/2022 16:00,44.77
11/03/2022 17:00,44.13
11/03/2022 18:00,32.97
11/03/2022 19:00,19.39
11/03/2022 20:00,12.52
11/03/2022 21:00,8.85
11/03/2022 22:00,8.29
11/03/2022 23:00,8.84
12/03/2022 00:00,
12/03/2022 01:00,8.15
12/03/2022 02:00,7.88
12/03/2022 03:00,7.82
12/03/2022 04:00,7.76
12/03/2022 05:00,7.74
12/03/2022 06:00,7.11
12/03/2022 07:00,6.34
12/03/2022 08:00,5.11
12/03/2022 09:00,1.41
12/03/2022 10:00,0
12/03/2022 11:00,0.01
12/03/2022 12:00,0.84
12/03/2022 13:00,3.11
12/03/2022 14:00,3.47
12/03/2022 15:00,7.18
12/03/2022 16:00,13.52
12/03/2022 17:00,14.79
12/03/2022 18:00,9.99
12/03/2022 19:00,12.44
12/03/2022 20:00,12.1
12/03/2022 21:00,9.83
12/03/2022 22:00,9.63
12/03/2022 23:00,9.68
13/03/2022 00:00,
13/03/2022 01:00,9.57
13/03/2022 02:00,9.4
13/03/2022 03:00,8.93
13/03/2022 04:00,8.29
13/03/2022 05:00,8.27
13/03/2022 06:00,7.74
13/03/2022 07:00,6.8
13/03/2022 08:00,4.72
13/03/2022 09:00,2.62
13/03/2022 10:00,0.51
13/03/2022 11:00,0.29
13/03/2022 12:00,8.07
13/03/2022 13:00,12.54
13/03/2022 14:00,12.1
13/03/2022 15:00,14.97
13/03/2022 16:00,17.64
13/03/2022 17:00,12.97
13/03/2022 18:00,10.41
13/03/2022 19:00,12.78
13/03/2022 20:00,12.09
13/03/2022 21:00,9.75
13/03/2022 22:00,9.22
13/03/2022 23:00,9.23
14/03/2022 00:00,
14/03/2022 01:00,8.76
14/03/2022 02:00,8.55
14/03/2022 03:00,8.56
14/03/2022 04:00,8.42
14/03/2022 05:00,8.43
14/03/2022 06:00,8.13
14/03/2022 07:00,8.07
14/03/2022 08:00,12.43
14/03/2022 09:00,36.79
14/03/2022 10:00,46.11
14/03/2022 11:00,45.81
14/03/2022 12:00,44.87
14/03/2022 13:00,49.55
14/03/2022 14:00,49.95
14/03/2022 15:00,47.89
14/03/2022 16:00,44.76
14/03/2022 17:00,45.37
14/03/2022 18:00,35.14
14/03/2022 19:00,30.46
14/03/2022 20:00,19.84
14/03/2022 21:00,9.84
14/03/2022 22:00,9.39
14/03/2022 23:00,9.32
15/03/2022 00:00,
15/03/2022 01:00,9.21
15/03/2022 02:00,9.4
15/03/2022 03:00,9.14
15/03/2022 04:00,9.13
15/03/2022 05:00,9.04
15/03/2022 06:00,8.58
15/03/2022 07:00,7.96
15/03/2022 08:00,7.33
15/03/2022 09:00,22.09
15/03/2022 10:00,37.71
15/03/2022 11:00,32.85
15/03/2022 12:00,35.65
15/03/2022 13:00,34.06
15/03/2022 14:00,38.2
15/03/2022 15:00,41.48
15/03/2022 16:00,48.38
15/03/2022 17:00,46.77
15/03/2022 18:00,34.64
15/03/2022 19:00,27.93
15/03/2022 20:00,18.28
15/03/2022 21:00,10.24
15/03/2022 22:00,9.37
15/03/2022 23:00,8.84
16/03/2022 00:00,
16/03/2022 01:00,8.71
16/03/2022 02:00,8.61
16/03/2022 03:00,8.69
16/03/2022 04:00,8.39
16/03/2022 05:00,8.09
16/03/2022 06:00,8.1
16/03/2022 07:00,7.65
16/03/2022 08:00,7.31
16/03/2022 09:00,25.65
16/03/2022 10:00,39.45
16/03/2022 11:00,37.48
16/03/2022 12:00,35.91
16/03/2022 13:00,35.95
16/03/2022 14:00,35.27
16/03/2022 15:00,37.02
16/03/2022 16:00,44.2
16/03/2022 17:00,49.77
16/03/2022 18:00,27.94
16/03/2022 19:00,25.27
16/03/2022 20:00,12.37
16/03/2022 21:00,9.76
16/03/2022 22:00,9.46
16/03/2022 23:00,9.12
17/03/2022 00:00,
17/03/2022 01:00,7.55
17/03/2022 02:00,7.2
17/03/2022 03:00,7.24
17/03/2022 04:00,6.87
17/03/2022 05:00,6.86
17/03/2022 06:00,6.91
17/03/2022 07:00,6.07
17/03/2022 08:00,5.19
17/03/2022 09:00,17.51
17/03/2022 10:00,37.51
17/03/2022 11:00,32.69
17/03/2022 12:00,29.33
17/03/2022 13:00,27.52
17/03/2022 14:00,34.75
17/03/2022 15:00,37.01
17/03/2022 16:00,45.4
17/03/2022 17:00,41.66
17/03/2022 18:00,38.66
17/03/2022 19:00,27.38
17/03/2022 20:00,15.31
17/03/2022 21:00,11.13
17/03/2022 22:00,10.77
17/03/2022 23:00,10.38
18/03/2022 00:00,
18/03/2022 01:00,9.62
18/03/2022 02:00,9.59
18/03/2022 03:00,9.42
18/03/2022 04:00,9.55
18/03/2022 05:00,8.79
18/03/2022 06:00,8.17
18/03/2022 07:00,8.25
18/03/2022 08:00,7.23
18/03/2022 09:00,33.54
18/03/2022 10:00,40.78
18/03/2022 11:00,45.15
18/03/2022 12:00,39.21
18/03/2022 13:00,38.32
18/03/2022 14:00,43.14
18/03/2022 15:00,44.42
18/03/2022 16:00,36.89
18/03/2022 17:00,40.64
18/03/2022 18:00,32.56
18/03/2022 19:00,19.48
18/03/2022 20:00,11.89
18/03/2022 21:00,9.62
18/03/2022 22:00,9.25
18/03/2022 23:00,8.97
19/03/2022 00:00,
19/03/2022 01:00,8.81
19/03/2022 02:00,8.62
19/03/2022 03:00,7.47
19/03/2022 04:00,7.17
19/03/2022 05:00,7.47
19/03/2022 06:00,7.33
19/03/2022 07:00,5.93
19/03/2022 08:00,4.55
19/03/2022 09:00,7.11
19/03/2022 10:00,10.63
19/03/2022 11:00,18.91
19/03/2022 12:00,18.96
19/03/2022 13:00,9.33
19/03/2022 14:00,13.81
19/03/2022 15:00,13.87
19/03/2022 16:00,13.98
19/03/2022 17:00,11.62
19/03/2022 18:00,11.49
19/03/2022 19:00,13.88
19/03/2022 20:00,12.62
19/03/2022 21:00,10.38
19/03/2022 22:00,9.45
19/03/2022 23:00,8.92
20/03/2022 00:00,
20/03/2022 01:00,8.73
20/03/2022 02:00,8.72
20/03/2022 03:00,8.55
20/03/2022 04:00,8.34
20/03/2022 05:00,8.25
20/03/2022 06:00,8.01
20/03/2022 07:00,7.53
20/03/2022 08:00,6.79
20/03/2022 09:00,4.9
20/03/2022 10:00,1.81
20/03/2022 11:00,6.61
20/03/2022 12:00,14.01
20/03/2022 13:00,2.13
20/03/2022 14:00,0.73
20/03/2022 15:00,0.13
20/03/2022 16:00,1.86
20/03/2022 17:00,4.22
20/03/2022 18:00,11.81
20/03/2022 19:00,13.68
20/03/2022 20:00,12.37
20/03/2022 21:00,9.79
20/03/2022 22:00,9.88
20/03/2022 23:00,8.82
21/03/2022 00:00,
21/03/2022 01:00,8.38
21/03/2022 02:00,8.19
21/03/2022 03:00,7.84
21/03/2022 04:00,7.68
21/03/2022 05:00,7.68
21/03/2022 06:00,7.35
21/03/2022 07:00,6.96
21/03/2022 08:00,5.42
21/03/2022 09:00,19.74
21/03/2022 10:00,42.49
21/03/2022 11:00,35.95
21/03/2022 12:00,26.98
21/03/2022 13:00,29.88
21/03/2022 14:00,39.03
21/03/2022 15:00,29.73
21/03/2022 16:00,34.33
21/03/2022 17:00,36.99
21/03/2022 18:00,31.95
21/03/2022 19:00,28.7
21/03/2022 20:00,16.66
21/03/2022 21:00,9.73
21/03/2022 22:00,9.14
21/03/2022 23:00,9.02
22/03/2022 00:00,
22/03/2022 01:00,8.34
22/03/2022 02:00,8.24
22/03/2022 03:00,8.11
22/03/2022 04:00,8.03
22/03/2022 05:00,8.34
22/03/2022 06:00,7.6
22/03/2022 07:00,7.11
22/03/2022 08:00,9.07
22/03/2022 09:00,26.74
22/03/2022 10:00,48.37
22/03/2022 11:00,48.22
22/03/2022 12:00,35.5
22/03/2022 13:00,44.42
22/03/2022 14:00,48.57
22/03/2022 15:00,51.03
22/03/2022 16:00,42.29
22/03/2022 17:00,44.1
22/03/2022 18:00,33.11
22/03/2022 19:00,24.28
22/03/2022 20:00,12.36
22/03/2022 21:00,9.83
22/03/2022 22:00,9.15
22/03/2022 23:00,8.38
23/03/2022 00:00,
23/03/2022 01:00,8.12
23/03/2022 02:00,7.9
23/03/2022 03:00,7.95
23/03/2022 04:00,8.01
23/03/2022 05:00,8.02
23/03/2022 06:00,7.75
23/03/2022 07:00,7.03
23/03/2022 08:00,7.64
23/03/2022 09:00,20.35
23/03/2022 10:00,34.53
23/03/2022 11:00,38.98
23/03/2022 12:00,29
23/03/2022 13:00,34.84
23/03/2022 14:00,37.47
23/03/2022 15:00,43.33
23/03/2022 16:00,48.06
23/03/2022 17:00,39.58
23/03/2022 18:00,29.31
23/03/2022 19:00,22.57
23/03/2022 20:00,11.7
23/03/2022 21:00,9.47
23/03/2022 22:00,9.05
23/03/2022 23:00,8.75
24/03/2022 00:00,
24/03/2022 01:00,8.61
24/03/2022 02:00,8.01
24/03/2022 03:00,7.9
24/03/2022 04:00,8.15
24/03/2022 05:00,7.95
24/03/2022 06:00,8.04
24/03/2022 07:00,6.89
24/03/2022 08:00,4.01
24/03/2022 09:00,11.55
24/03/2022 10:00,33.73
24/03/2022 11:00,26.32
24/03/2022 12:00,21.18
24/03/2022 13:00,30.49
24/03/2022 14:00,28.75
24/03/2022 15:00,35.29
24/03/2022 16:00,35.15
24/03/2022 17:00,37.56
24/03/2022 18:00,31.76
24/03/2022 19:00,26.91
24/03/2022 20:00,13
24/03/2022 21:00,10.11
24/03/2022 22:00,9.55
24/03/2022 23:00,9.56
25/03/2022 00:00,
25/03/2022 01:00,9.2
25/03/2022 02:00,9.03
25/03/2022 03:00,8.95
25/03/2022 04:00,8.88
25/03/2022 05:00,7.76
25/03/2022 06:00,7.69
25/03/2022 07:00,7.38
25/03/2022 08:00,5.34
25/03/2022 09:00,11
25/03/2022 10:00,23.64
25/03/2022 11:00,17.52
25/03/2022 12:00,18.75
25/03/2022 13:00,24.98
25/03/2022 14:00,26.41
25/03/2022 15:00,28.23
25/03/2022 16:00,36.38
25/03/2022 17:00,41.75
25/03/2022 18:00,38.06
25/03/2022 19:00,28.33
25/03/2022 20:00,16.37
25/03/2022 21:00,10.55
25/03/2022 22:00,9.73
25/03/2022 23:00,9.88
26/03/2022 00:00,
26/03/2022 01:00,9.03
26/03/2022 02:00,8.97
26/03/2022 03:00,9.12
26/03/2022 04:00,8.88
26/03/2022 05:00,8.85
26/03/2022 06:00,8.57
26/03/2022 07:00,7.37
26/03/2022 08:00,3.96
26/03/2022 09:00,0.45
26/03/2022 10:00,1.09
26/03/2022 11:00,1.28
26/03/2022 12:00,0.33
26/03/2022 13:00,3.08
26/03/2022 14:00,1.48
26/03/2022 15:00,8.04
26/03/2022 16:00,11.46
26/03/2022 17:00,14.05
26/03/2022 18:00,9.77
26/03/2022 19:00,14.39
26/03/2022 20:00,12.5
26/03/2022 21:00,12.28
26/03/2022 22:00,11.73
26/03/2022 23:00,11.35
27/03/2022 00:00,
27/03/2022 01:00,11.02
27/03/2022 02:00,9.66
27/03/2022 03:00,9
27/03/2022 04:00,8.75
27/03/2022 05:00,8.82
27/03/2022 06:00,8.14
27/03/2022 07:00,7.15
27/03/2022 08:00,4.15
27/03/2022 09:00,0.47
27/03/2022 10:00,0
27/03/2022 11:00,0
27/03/2022 12:00,0.25
27/03/2022 13:00,0
27/03/2022 14:00,0.02
27/03/2022 15:00,0.64
27/03/2022 16:00,1.29
27/03/2022 17:00,7.11
27/03/2022 18:00,12.57
27/03/2022 19:00,15.71
27/03/2022 20:00,13.02
27/03/2022 21:00,10.78
27/03/2022 22:00,10.81
27/03/2022 23:00,10.36
28/03/2022 00:00,
28/03/2022 01:00,9.49
28/03/2022 02:00,9.66
28/03/2022 03:00,9.42
28/03/2022 04:00,9.2
28/03/2022 05:00,9.27
28/03/2022 06:00,8.96
28/03/2022 07:00,8.27
28/03/2022 08:00,7.03
28/03/2022 09:00,19.5
28/03/2022 10:00,35.3
28/03/2022 11:00,35.55
28/03/2022 12:00,40.75
28/03/2022 13:00,41.87
28/03/2022 14:00,51.36
28/03/2022 15:00,46.22
28/03/2022 16:00,53.22
28/03/2022 17:00,43.86
28/03/2022 18:00,32.9
28/03/2022 19:00,25.97
28/03/2022 20:00,11.81
28/03/2022 21:00,9.99
28/03/2022 22:00,9.87
28/03/2022 23:00,9.19
29/03/2022 00:00,
29/03/2022 01:00,9.16
29/03/2022 02:00,8.9
29/03/2022 03:00,8.96
29/03/2022 04:00,8.61
29/03/2022 05:00,8.56
29/03/2022 06:00,8.48
29/03/2022 07:00,7.53
29/03/2022 08:00,6.32
29/03/2022 09:00,11.18
29/03/2022 10:00,34.91
29/03/2022 11:00,35.56
29/03/2022 12:00,37.03
29/03/2022 13:00,36.5
29/03/2022 14:00,36.38
29/03/2022 15:00,33.05
29/03/2022 16:00,39.18
29/03/2022 17:00,38.71
29/03/2022 18:00,33.18
29/03/2022 19:00,25.46
29/03/2022 20:00,24.25
29/03/2022 21:00,21.92
29/03/2022 22:00,14.97
29/03/2022 23:00,14.09
30/03/2022 00:00,
30/03/2022 01:00,9.22
30/03/2022 02:00,9.14
30/03/2022 03:00,9.08
30/03/2022 04:00,8.66
30/03/2022 05:00,8.72
30/03/2022 06:00,8.33
30/03/2022 07:00,8.03
30/03/2022 08:00,7.68
30/03/2022 09:00,13.11
30/03/2022 10:00,26.14
30/03/2022 11:00,20.58
30/03/2022 12:00,18.27
30/03/2022 13:00,20
30/03/2022 14:00,23.11
30/03/2022 15:00,30.92
30/03/2022 16:00,30.44
30/03/2022 17:00,34.18
30/03/2022 18:00,31.05
30/03/2022 19:00,25.36
30/03/2022 20:00,21.86
30/03/2022 21:00,15.11
30/03/2022 22:00,11.3
30/03/2022 23:00,8.53
31/03/2022 00:00,
31/03/2022 01:00,8.01
31/03/2022 02:00,8.05
31/03/2022 03:00,7.8
31/03/2022 04:00,7.78
31/03/2022 05:00,7.7
31/03/2022 06:00,7.5
31/03/2022 07:00,7.17
31/03/2022 08:00,5.36
31/03/2022 09:00,15.6
31/03/2022 10:00,25.39
31/03/2022 11:00,23.48
31/03/2022 12:00,26.28
31/03/2022 13:00,31.55
31/03/2022 14:00,41.89
31/03/2022 15:00,39.03
31/03/2022 16:00,44.58
31/03/2022 17:00,49.89
31/03/2022 18:00,46.56
31/03/2022 19:00,35.17
31/03/2022 20:00,16.1
31/03/2022 21:00,12.19
31/03/2022 22:00,11.71
31/03/2022 23:00,11.65
01/04/2022 00:00,
01/04/2022 01:00,11.03
01/04/2022 02:00,10.64
01/04/2022 03:00,9.52
01/04/2022 04:00,9.25
01/04/2022 05:00,9.41
01/04/2022 06:00,9.12
01/04/2022 07:00,8.1
01/04/2022 08:00,5.65
01/04/2022 09:00,16.58
01/04/2022 10:00,29.09
01/04/2022 11:00,26.52
01/04/2022 12:00,28.39
01/04/2022 13:00,35.7
01/04/2022 14:00,45.27
01/04/2022 15:00,44.92
01/04/2022 16:00,43.27
01/04/2022 17:00,39.36
01/04/2022 18:00,34.59
01/04/2022 19:00,27.01
01/04/2022 20:00,
01/04/2022 21:00,
01/04/2022 22:00,10.77
01/04/2022 23:00,
02/04/2022 00:00,
02/04/2022 01:00,
02/04/2022 02:00,10.17
02/04/2022 03:00,9.46
02/04/2022 04:00,9.04
02/04/2022 05:00,9.16
02/04/2022 06:00,8.95
02/04/2022 07:00,8.11
02/04/2022 08:00,4.44
02/04/2022 09:00,1.17
02/04/2022 10:00,0.02
02/04/2022 11:00,1.15
02/04/2022 12:00,1.5
02/04/2022 13:00,4.88
02/04/2022 14:00,11.94
02/04/2022 15:00,16.06
02/04/2022 16:00,13.69
02/04/2022 17:00,11.03
02/04/2022 18:00,10.36
02/04/2022 19:00,10.45
02/04/2022 20:00,9.53
02/04/2022 21:00,8.14
02/04/2022 22:00,8.05
02/04/2022 23:00,7.92
03/04/2022 00:00,
03/04/2022 01:00,7.6
03/04/2022 02:00,7.51
03/04/2022 03:00,7.46
03/04/2022 04:00,7.39
03/04/2022 05:00,7.03
03/04/2022 06:00,6.86
03/04/2022 07:00,6
03/04/2022 08:00,4.73
03/04/2022 09:00,4.47
03/04/2022 10:00,2.25
03/04/2022 11:00,0.67
03/04/2022 12:00,0.14
03/04/2022 13:00,0.04
03/04/2022 14:00,0.81
03/04/2022 15:00,2.59
03/04/2022 16:00,5.53
03/04/2022 17:00,6.55
03/04/2022 18:00,8.72
03/04/2022 19:00,10.59
03/04/2022 20:00,9.75
03/04/2022 21:00,7.97
03/04/2022 22:00,8.19
03/04/2022 23:00,7.4
04/04/2022 00:00,
04/04/2022 01:00,7.28
04/04/2022 02:00,7.29
04/04/2022 03:00,7.1
04/04/2022 04:00,7.32
04/04/2022 05:00,6.93
04/04/2022 06:00,6.74
04/04/2022 07:00,5.86
04/04/2022 08:00,4.81
04/04/2022 09:00,9.58
04/04/2022 10:00,12.33
04/04/2022 11:00,13.2
04/04/2022 12:00,6.88
04/04/2022 13:00,9.35
04/04/2022 14:00,12.04
04/04/2022 15:00,18.09
04/04/2022 16:00,26.52
04/04/2022 17:00,30.59
04/04/2022 18:00,28.47
04/04/2022 19:00,17.51
04/04/2022 20:00,14.88
04/04/2022 21:00,13.28
04/04/2022 22:00,11.66
04/04/2022 23:00,11.03
05/04/2022 00:00,
05/04/2022 01:00,8.08
05/04/2022 02:00,7.94
05/04/2022 03:00,7.97
05/04/2022 04:00,7.75
05/04/2022 05:00,7.86
05/04/2022 06:00,7.09
05/04/2022 07:00,5.83
05/04/2022 08:00,4.2
05/04/2022 09:00,9.13
05/04/2022 10:00,14.58
05/04/2022 11:00,14.36
05/04/2022 12:00,16.31
05/04/2022 13:00,25.98
05/04/2022 14:00,37.64
05/04/2022 15:00,38.14
05/04/2022 16:00,40.85
05/04/2022 17:00,45.65
05/04/2022 18:00,36.46
05/04/2022 19:00,22.01
05/04/2022 20:00,14.38
05/04/2022 21:00,12.06
05/04/2022 22:00,11.84
05/04/2022 23:00,11.3
06/04/2022 00:00,
06/04/2022 01:00,10.53
06/04/2022 02:00,10.77
06/04/2022 03:00,10.26
06/04/2022 04:00,8.3
06/04/2022 05:00,8.11
06/04/2022 06:00,7.64
06/04/2022 07:00,6.47
06/04/2022 08:00,3.62
06/04/2022 09:00,1.22
06/04/2022 10:00,0.49
06/04/2022 11:00,0
06/04/2022 12:00,1.76
06/04/2022 13:00,5.5
06/04/2022 14:00,7.36
06/04/2022 15:00,3.99
06/04/2022 16:00,5.64
06/04/2022 17:00,7.48
06/04/2022 18:00,11.44
06/04/2022 19:00,13.2
06/04/2022 20:00,16.77
06/04/2022 21:00,14.48
06/04/2022 22:00,14.7
06/04/2022 23:00,14.15
07/04/2022 00:00,
07/04/2022 01:00,
07/04/2022 02:00,
07/04/2022 03:00,9.3
07/04/2022 04:00,
07/04/2022 05:00,
07/04/2022 06:00,
07/04/2022 07:00,
07/04/2022 08:00,
07/04/2022 09:00,
07/04/2022 10:00,41.28
07/04/2022 11:00,
07/04/2022 12:00,
07/04/2022 13:00,28.92
07/04/2022 14:00,
07/04/2022 15:00,
07/04/2022 16:00,
07/04/2022 17:00,43.89
07/04/2022 18:00,
07/04/2022 19:00,
07/04/2022 20:00,
07/04/2022 21:00,
07/04/2022 22:00,
07/04/2022 23:00,
08/04/2022 00:00,
08/04/2022 01:00,9.16
08/04/2022 02:00,9.21
08/04/2022 03:00,9.38
08/04/2022 04:00,9.03
08/04/2022 05:00,9.14
08/04/2022 06:00,8.77
08/04/2022 07:00,7.56
08/04/2022 08:00,7.67
08/04/2022 09:00,28.86
08/04/2022 10:00,30.99
08/04/2022 11:00,26.54
08/04/2022 12:00,27.14
08/04/2022 13:00,31.99
08/04/2022 14:00,34.39
08/04/2022 15:00,37.01
08/04/2022 16:00,34.74
08/04/2022 17:00,30.5
08/04/2022 18:00,25.59
08/04/2022 19:00,12.08
08/04/2022 20:00,10.73
08/04/2022 21:00,9.33
08/04/2022 22:00,9.14
08/04/2022 23:00,9.08
09/04/2022 00:00,
09/04/2022 01:00,8.89
09/04/2022 02:00,8.61
09/04/2022 03:00,8.71
09/04/2022 04:00,8.29
09/04/2022 05:00,7.82
09/04/2022 06:00,7.46
09/04/2022 07:00,6.37
09/04/2022 08:00,4.24
09/04/2022 09:00,1.09
09/04/2022 10:00,0.19
09/04/2022 11:00,0.33
09/04/2022 12:00,0.03
09/04/2022 13:00,0.04
09/04/2022 14:00,0.07
09/04/2022 15:00,0.45
09/04/2022 16:00,1.59
09/04/2022 17:00,5.47
09/04/2022 18:00,9.66
09/04/2022 19:00,12.23
09/04/2022 20:00,11.38
09/04/2022 21:00,10.28
09/04/2022 22:00,9.8
09/04/2022 23:00,9.57
10/04/2022 00:00,
10/04/2022 01:00,9.09
10/04/2022 02:00,8.82
10/04/2022 03:00,8.39
10/04/2022 04:00,8.26
10/04/2022 05:00,8.28
10/04/2022 06:00,7.97
10/04/2022 07:00,6.3
10/04/2022 08:00,3.62
10/04/2022 09:00,0.61
10/04/2022 10:00,7.33
10/04/2022 11:00,8.63
10/04/2022 12:00,
10/04/2022 13:00,
10/04/2022 14:00,
10/04/2022 15:00,1.33
10/04/2022 16:00,12.41
10/04/2022 17:00,8.83
10/04/2022 18:00,10.39
10/04/2022 19:00,12.4
10/04/2022 20:00,10.47
10/04/2022 21:00,9.53
10/04/2022 22:00,9.36
10/04/2022 23:00,9.57
11/04/2022 00:00,
11/04/2022 01:00,8.89
11/04/2022 02:00,8.95
11/04/2022 03:00,8.8
11/04/2022 04:00,8.78
11/04/2022 05:00,8.53
11/04/2022 06:00,8.21
11/04/2022 07:00,7.86
11/04/2022 08:00,6.04
11/04/2022 09:00,23.63
11/04/2022 10:00,34.83
11/04/2022 11:00,28.03
11/04/2022 12:00,31.12
11/04/2022 13:00,30.28
11/04/2022 14:00,34.02
11/04/2022 15:00,39.77
11/04/2022 16:00,40.25
11/04/2022 17:00,40.12
11/04/2022 18:00,23.77
11/04/2022 19:00,13.54
11/04/2022 20:00,11
11/04/2022 21:00,10.13
11/04/2022 22:00,9.84
11/04/2022 23:00,9.35
12/04/2022 00:00,
12/04/2022 01:00,9.04
12/04/2022 02:00,8.9
12/04/2022 03:00,8.7
12/04/2022 04:00,8.64
12/04/2022 05:00,8.78
12/04/2022 06:00,8.39
12/04/2022 07:00,7.92
12/04/2022 08:00,4.99
12/04/2022 09:00,7.18
12/04/2022 10:00,16.11
12/04/2022 11:00,27.38
12/04/2022 12:00,33.53
12/04/2022 13:00,30.56
12/04/2022 14:00,27.78
12/04/2022 15:00,28.58
12/04/2022 16:00,34.16
12/04/2022 17:00,24.8
12/04/2022 18:00,11.64
12/04/2022 19:00,13.76
12/04/2022 20:00,11.16
12/04/2022 21:00,10.7
12/04/2022 22:00,10.06
12/04/2022 23:00,10.1
13/04/2022 00:00,
13/04/2022 01:00,9.5
13/04/2022 02:00,9.28
13/04/2022 03:00,8.79
13/04/2022 04:00,8.94
13/04/2022 05:00,8.59
13/04/2022 06:00,8.43
13/04/2022 07:00,7.31
13/04/2022 08:00,4.45
13/04/2022 09:00,0.78
13/04/2022 10:00,0
13/04/2022 11:00,0
13/04/2022 12:00,
13/04/2022 13:00,0
13/04/2022 14:00,0
13/04/2022 15:00,0
13/04/2022 16:00,0.6
13/04/2022 17:00,5.23
13/04/2022 18:00,9.95
13/04/2022 19:00,11.86
13/04/2022 20:00,11.1
13/04/2022 21:00,10.81
13/04/2022 22:00,10.16
13/04/2022 23:00,9.86
14/04/2022 00:00,
14/04/2022 01:00,9.51
14/04/2022 02:00,9.16
14/04/2022 03:00,9.34
14/04/2022 04:00,8.94
14/04/2022 05:00,9
14/04/2022 06:00,8.64
14/04/2022 07:00,7.6
14/04/2022 08:00,4.64
14/04/2022 09:00,0.71
14/04/2022 10:00,0
14/04/2022 11:00,0
14/04/2022 12:00,0
14/04/2022 13:00,0
14/04/2022 14:00,0
14/04/2022 15:00,0.02
14/04/2022 16:00,2.78
14/04/2022 17:00,6.3
14/04/2022 18:00,9.05
14/04/2022 19:00,9.76
14/04/2022 20:00,11.49
14/04/2022 21:00,11.31
14/04/2022 22:00,10.79
14/04/2022 23:00,10.22
15/04/2022 00:00,
15/04/2022 01:00,9.73
15/04/2022 02:00,9.66
15/04/2022 03:00,9.38
15/04/2022 04:00,9.34
15/04/2022 05:00,8.95
15/04/2022 06:00,8.61
15/04/2022 07:00,7.8
15/04/2022 08:00,4.58
15/04/2022 09:00,0.61
15/04/2022 10:00,0
15/04/2022 11:00,0
15/04/2022 12:00,0
15/04/2022 13:00,0
15/04/2022 14:00,0.26
15/04/2022 15:00,1.31
15/04/2022 16:00,2.99
15/04/2022 17:00,7.84
15/04/2022 18:00,11.3
15/04/2022 19:00,13.11
15/04/2022 20:00,10.67
15/04/2022 21:00,11.63
15/04/2022 22:00,13.62
15/04/2022 23:00,13.31
16/04/2022 00:00,
16/04/2022 01:00,11.41
16/04/2022 02:00,9.84
16/04/2022 03:00,9.83
16/04/2022 04:00,9.49
16/04/2022 05:00,9.39
16/04/2022 06:00,9.37
16/04/2022 07:00,7.91
16/04/2022 08:00,4.86
16/04/2022 09:00,0.89
16/04/2022 10:00,0
16/04/2022 11:00,0
16/04/2022 12:00,0
16/04/2022 13:00,0
16/04/2022 14:00,0
16/04/2022 15:00,0.04
16/04/2022 16:00,2.29
16/04/2022 17:00,8.9
16/04/2022 18:00,12.5
16/04/2022 19:00,13.49
16/04/2022 20:00,12.92
16/04/2022 21:00,12.31
16/04/2022 22:00,11.28
16/04/2022 23:00,14.39
17/04/2022 00:00,
17/04/2022 01:00,10.72
17/04/2022 02:00,8.49
17/04/2022 03:00,9.09
17/04/2022 04:00,11.39
17/04/2022 05:00,10.64
17/04/2022 06:00,9.75
17/04/2022 07:00,8.27
17/04/2022 08:00,5.28
17/04/2022 09:00,1.19
17/04/2022 10:00,0
17/04/2022 11:00,4.65
17/04/2022 12:00,14.94
17/04/2022 13:00,13.37
17/04/2022 14:00,14.63
17/04/2022 15:00,16.11
17/04/2022 16:00,21.12
17/04/2022 17:00,23.24
17/04/2022 18:00,28.98
17/04/2022 19:00,21.1
17/04/2022 20:00,17.79
17/04/2022 21:00,20.02
17/04/2022 22:00,18.58
17/04/2022 23:00,17.95
18/04/2022 00:00,
18/04/2022 01:00,16.93
18/04/2022 02:00,16.44
18/04/2022 03:00,11.11
18/04/2022 04:00,9.95
18/04/2022 05:00,9.82
18/04/2022 06:00,9.11
18/04/2022 07:00,8.93
18/04/2022 08:00,6.11
18/04/2022 09:00,11.85
18/04/2022 10:00,43.4
18/04/2022 11:00,46.88
18/04/2022 12:00,50.7
18/04/2022 13:00,46.89
18/04/2022 14:00,52.78
18/04/2022 15:00,61.42
18/04/2022 16:00,47.75
18/04/2022 17:00,42.94
18/04/2022 18:00,21.6
18/04/2022 19:00,12.11
18/04/2022 20:00,11.46
18/04/2022 21:00,11.61
18/04/2022 22:00,12.16
18/04/2022 23:00,11.94
19/04/2022 00:00,
19/04/2022 01:00,11.53
19/04/2022 02:00,11.14
19/04/2022 03:00,9.22
19/04/2022 04:00,9
19/04/2022 05:00,8.99
19/04/2022 06:00,7.57
19/04/2022 07:00,7.22
19/04/2022 08:00,4.92
19/04/2022 09:00,19.05
19/04/2022 10:00,22.99
19/04/2022 11:00,21.26
19/04/2022 12:00,24.67
19/04/2022 13:00,24.19
19/04/2022 14:00,32.34
19/04/2022 15:00,40.33
19/04/2022 16:00,45.31
19/04/2022 17:00,39.68
19/04/2022 18:00,23.14
19/04/2022 19:00,18.64
19/04/2022 20:00,15.95
19/04/2022 21:00,12.99
19/04/2022 22:00,11.48
19/04/2022 23:00,10.98
20/04/2022 00:00,
20/04/2022 01:00,10.28
20/04/2022 02:00,9.95
20/04/2022 03:00,9.81
20/04/2022 04:00,9.49
20/04/2022 05:00,9.79
20/04/2022 06:00,8.36
20/04/2022 07:00,8.24
20/04/2022 08:00,6
20/04/2022 09:00,13.09
20/04/2022 10:00,25.2
20/04/2022 11:00,27.08
20/04/2022 12:00,25.77
20/04/2022 13:00,27.2
20/04/2022 14:00,33.31
20/04/2022 15:00,40.61
20/04/2022 16:00,46.5
20/04/2022 17:00,43.53
20/04/2022 18:00,25.27
20/04/2022 19:00,20.84
20/04/2022 20:00,13.85
20/04/2022 21:00,9.7
20/04/2022 22:00,11.36
20/04/2022 23:00,13.41
21/04/2022 00:00,
21/04/2022 01:00,13.09
21/04/2022 02:00,12.67
21/04/2022 03:00,12.25
21/04/2022 04:00,12.95
21/04/2022 05:00,9.24
21/04/2022 06:00,8.37
21/04/2022 07:00,7.66
21/04/2022 08:00,7.44
21/04/2022 09:00,26.59
21/04/2022 10:00,31.67
21/04/2022 11:00,37.63
21/04/2022 12:00,38.03
21/04/2022 13:00,46.61
21/04/2022 14:00,62.25
21/04/2022 15:00,72.81
21/04/2022 16:00,78.74
21/04/2022 17:00,69.42
21/04/2022 18:00,50.84
21/04/2022 19:00,35
21/04/2022 20:00,26.95
21/04/2022 21:00,24.22
21/04/2022 22:00,22.36
21/04/2022 23:00,22
22/04/2022 00:00,
22/04/2022 01:00,
22/04/2022 02:00,
22/04/2022 03:00,
22/04/2022 04:00,
22/04/2022 05:00,
22/04/2022 06:00,
22/04/2022 07:00,
22/04/2022 08:00,
22/04/2022 09:00,
22/04/2022 10:00,
22/04/2022 11:00,
22/04/2022 12:00,
22/04/2022 13:00,
22/04/2022 14:00,
22/04/2022 15:00,
22/04/2022 16:00,
22/04/2022 17:00,
22/04/2022 18:00,
22/04/2022 19:00,
22/04/2022 20:00,
22/04/2022 21:00,
22/04/2022 22:00,
22/04/2022 23:00,
23/04/2022 00:00,
23/04/2022 01:00,
23/04/2022 02:00,
23/04/2022 03:00,
23/04/2022 04:00,
23/04/2022 05:00,
23/04/2022 06:00,
23/04/2022 07:00,
23/04/2022 08:00,
23/04/2022 09:00,
23/04/2022 10:00,
23/04/2022 11:00,
23/04/2022 12:00,
23/04/2022 13:00,
23/04/2022 14:00,
23/04/2022 15:00,
23/04/2022 16:00,
23/04/2022 17:00,
23/04/2022 18:00,
23/04/2022 19:00,
23/04/2022 20:00,
23/04/2022 21:00,
23/04/2022 22:00,
23/04/2022 23:00,
24/04/2022 00:00,
24/04/2022 01:00,
24/04/2022 02:00,
24/04/2022 03:00,
24/04/2022 04:00,
24/04/2022 05:00,
24/04/2022 06:00,
24/04/2022 07:00,
24/04/2022 08:00,
24/04/2022 09:00,
24/04/2022 10:00,
24/04/2022 11:00,
24/04/2022 12:00,
24/04/2022 13:00,
24/04/2022 14:00,
24/04/2022 15:00,
24/04/2022 16:00,
24/04/2022 17:00,
24/04/2022 18:00,
24/04/2022 19:00,
24/04/2022 20:00,
24/04/2022 21:00,
24/04/2022 22:00,
24/04/2022 23:00,
25/04/2022 00:00,
25/04/2022 01:00,
25/04/2022 02:00,
25/04/2022 03:00,
25/04/2022 04:00,
25/04/2022 05:00,
25/04/2022 06:00,
25/04/2022 07:00,
25/04/2022 08:00,
25/04/2022 09:00,
25/04/2022 10:00,
25/04/2022 11:00,
25/04/2022 12:00,
25/04/2022 13:00,
25/04/2022 14:00,
25/04/2022 15:00,
25/04/2022 16:00,
25/04/2022 17:00,
25/04/2022 18:00,
25/04/2022 19:00,
25/04/2022 20:00,
25/04/2022 21:00,
25/04/2022 22:00,
25/04/2022 23:00,
26/04/2022 00:00,
26/04/2022 01:00,
26/04/2022 02:00,
26/04/2022 03:00,
26/04/2022 04:00,
26/04/2022 05:00,
26/04/2022 06:00,
26/04/2022 07:00,
26/04/2022 08:00,
26/04/2022 09:00,
26/04/2022 10:00,
26/04/2022 11:00,
26/04/2022 12:00,
26/04/2022 13:00,
26/04/2022 14:00,
26/04/2022 15:00,
26/04/2022 16:00,
26/04/2022 17:00,
26/04/2022 18:00,
26/04/2022 19:00,
26/04/2022 20:00,
26/04/2022 21:00,
26/04/2022 22:00,
26/04/2022 23:00,
27/04/2022 00:00,
27/04/2022 01:00,
27/04/2022 02:00,
27/04/2022 03:00,
27/04/2022 04:00,
27/04/2022 05:00,
27/04/2022 06:00,
27/04/2022 07:00,
27/04/2022 08:00,
27/04/2022 09:00,
27/04/2022 10:00,
27/04/2022 11:00,
27/04/2022 12:00,
27/04/2022 13:00,
27/04/2022 14:00,
27/04/2022 15:00,
27/04/2022 16:00,
27/04/2022 17:00,
27/04/2022 18:00,
27/04/2022 19:00,
27/04/2022 20:00,
27/04/2022 21:00,
27/04/2022 22:00,
27/04/2022 23:00,
28/04/2022 00:00,
28/04/2022 01:00,
28/04/2022 02:00,
28/04/2022 03:00,
28/04/2022 04:00,
28/04/2022 05:00,
28/04/2022 06:00,
28/04/2022 07:00,
28/04/2022 08:00,
28/04/2022 09:00,
28/04/2022 10:00,
28/04/2022 11:00,
28/04/2022 12:00,
28/04/2022 13:00,
28/04/2022 14:00,
28/04/2022 15:00,
28/04/2022 16:00,
28/04/2022 17:00,
28/04/2022 18:00,
28/04/2022 19:00,
28/04/2022 20:00,
28/04/2022 21:00,
28/04/2022 22:00,
28/04/2022 23:00,
29/04/2022 00:00,
29/04/2022 01:00,
29/04/2022 02:00,
29/04/2022 03:00,
29/04/2022 04:00,
29/04/2022 05:00,
29/04/2022 06:00,
29/04/2022 07:00,
29/04/2022 08:00,
29/04/2022 09:00,
29/04/2022 10:00,
29/04/2022 11:00,
29/04/2022 12:00,
29/04/2022 13:00,
29/04/2022 14:00,
29/04/2022 15:00,
29/04/2022 16:00,
29/04/2022 17:00,
29/04/2022 18:00,
29/04/2022 19:00,
29/04/2022 20:00,
29/04/2022 21:00,
29/04/2022 22:00,
29/04/2022 23:00,
30/04/2022 00:00,
30/04/2022 01:00,
30/04/2022 02:00,
30/04/2022 03:00,
30/04/2022 04:00,
30/04/2022 05:00,
30/04/2022 06:00,
30/04/2022 07:00,
30/04/2022 08:00,
30/04/2022 09:00,
30/04/2022 10:00,
30/04/2022 11:00,
30/04/2022 12:00,
30/04/2022 13:00,
30/04/2022 14:00,
30/04/2022 15:00,
30/04/2022 16:00,
30/04/2022 17:00,
30/04/2022 18:00,
30/04/2022 19:00,
30/04/2022 20:00,
30/04/2022 21:00,
30/04/2022 22:00,
30/04/2022 23:00,
01/05/2022 00:00,
01/05/2022 01:00,
01/05/2022 02:00,
01/05/2022 03:00,
01/05/2022 04:00,
01/05/2022 05:00,
01/05/2022 06:00,
01/05/2022 07:00,
01/05/2022 08:00,
01/05/2022 09:00,
01/05/2022 10:00,
01/05/2022 11:00,
01/05/2022 12:00,
01/05/2022 13:00,
01/05/2022 14:00,
01/05/2022 15:00,
01/05/2022 16:00,
01/05/2022 17:00,
01/05/2022 18:00,
01/05/2022 19:00,
01/05/2022 20:00,
01/05/2022 21:00,
01/05/2022 22:00,
01/05/2022 23:00,
02/05/2022 00:00,
02/05/2022 01:00,
02/05/2022 02:00,
02/05/2022 03:00,
02/05/2022 04:00,
02/05/2022 05:00,
02/05/2022 06:00,
02/05/2022 07:00,
02/05/2022 08:00,
02/05/2022 09:00,
02/05/2022 10:00,
02/05/2022 11:00,
02/05/2022 12:00,
02/05/2022 13:00,
02/05/2022 14:00,
02/05/2022 15:00,
02/05/2022 16:00,
02/05/2022 17:00,
02/05/2022 18:00,
02/05/2022 19:00,
02/05/2022 20:00,
02/05/2022 21:00,
02/05/2022 22:00,
02/05/2022 23:00,
03/05/2022 00:00,
03/05/2022 01:00,
03/05/2022 02:00,
03/05/2022 03:00,
03/05/2022 04:00,
03/05/2022 05:00,
03/05/2022 06:00,
03/05/2022 07:00,
03/05/2022 08:00,
03/05/2022 09:00,
03/05/2022 10:00,
03/05/2022 11:00,
03/05/2022 12:00,
03/05/2022 13:00,
03/05/2022 14:00,
03/05/2022 15:00,
03/05/2022 16:00,
03/05/2022 17:00,
03/05/2022 18:00,
03/05/2022 19:00,
03/05/2022 20:00,
03/05/2022 21:00,
03/05/2022 22:00,
03/05/2022 23:00,
04/05/2022 00:00,
04/05/2022 01:00,
04/05/2022 02:00,
04/05/2022 03:00,
04/05/2022 04:00,
04/05/2022 05:00,
04/05/2022 06:00,
04/05/2022 07:00,
04/05/2022 08:00,
04/05/2022 09:00,
04/05/2022 10:00,
04/05/2022 11:00,
04/05/2022 12:00,
04/05/2022 13:00,
04/05/2022 14:00,
04/05/2022 15:00,
04/05/2022 16:00,
04/05/2022 17:00,
04/05/2022 18:00,
04/05/2022 19:00,
04/05/2022 20:00,
04/05/2022 21:00,
04/05/2022 22:00,
04/05/2022 23:00,
05/05/2022 00:00,
05/05/2022 01:00,
05/05/2022 02:00,
05/05/2022 03:00,
05/05/2022 04:00,
05/05/2022 05:00,
05/05/2022 06:00,
05/05/2022 07:00,
05/05/2022 08:00,
05/05/2022 09:00,
05/05/2022 10:00,
05/05/2022 11:00,
05/05/2022 12:00,
05/05/2022 13:00,
05/05/2022 14:00,
05/05/2022 15:00,
05/05/2022 16:00,
05/05/2022 17:00,
05/05/2022 18:00,
05/05/2022 19:00,
05/05/2022 20:00,
05/05/2022 21:00,
05/05/2022 22:00,
05/05/2022 23:00,
06/05/2022 00:00,
06/05/2022 01:00,
06/05/2022 02:00,
06/05/2022 03:00,
06/05/2022 04:00,
06/05/2022 05:00,
06/05/2022 06:00,
06/05/2022 07:00,
06/05/2022 08:00,
06/05/2022 09:00,
06/05/2022 10:00,
06/05/2022 11:00,
06/05/2022 12:00,
06/05/2022 13:00,
06/05/2022 14:00,
06/05/2022 15:00,
06/05/2022 16:00,
06/05/2022 17:00,
06/05/2022 18:00,
06/05/2022 19:00,
06/05/2022 20:00,
06/05/2022 21:00,
06/05/2022 22:00,
06/05/2022 23:00,
07/05/2022 00:00,
07/05/2022 01:00,
07/05/2022 02:00,
07/05/2022 03:00,
07/05/2022 04:00,
07/05/2022 05:00,
07/05/2022 06:00,
07/05/2022 07:00,
07/05/2022 08:00,
07/05/2022 09:00,
07/05/2022 10:00,
07/05/2022 11:00,
07/05/2022 12:00,
07/05/2022 13:00,
07/05/2022 14:00,
07/05/2022 15:00,
07/05/2022 16:00,
07/05/2022 17:00,
07/05/2022 18:00,
07/05/2022 19:00,
07/05/2022 20:00,
07/05/2022 21:00,
07/05/2022 22:00,
07/05/2022 23:00,
08/05/2022 00:00,
08/05/2022 01:00,
08/05/2022 02:00,
08/05/2022 03:00,
08/05/2022 04:00,
08/05/2022 05:00,
08/05/2022 06:00,
08/05/2022 07:00,
08/05/2022 08:00,
08/05/2022 09:00,
08/05/2022 10:00,
08/05/2022 11:00,
08/05/2022 12:00,
08/05/2022 13:00,
08/05/2022 14:00,
08/05/2022 15:00,
08/05/2022 16:00,
08/05/2022 17:00,
08/05/2022 18:00,
08/05/2022 19:00,
08/05/2022 20:00,
08/05/2022 21:00,
08/05/2022 22:00,
08/05/2022 23:00,
09/05/2022 00:00,
09/05/2022 01:00,
09/05/2022 02:00,
09/05/2022 03:00,
09/05/2022 04:00,
09/05/2022 05:00,
09/05/2022 06:00,
09/05/2022 07:00,
09/05/2022 08:00,
09/05/2022 09:00,
09/05/2022 10:00,
09/05/2022 11:00,
09/05/2022 12:00,
09/05/2022 13:00,
09/05/2022 14:00,
09/05/2022 15:00,
09/05/2022 16:00,
09/05/2022 17:00,
09/05/2022 18:00,
09/05/2022 19:00,
09/05/2022 20:00,
09/05/2022 21:00,
09/05/2022 22:00,
09/05/2022 23:00,
10/05/2022 00:00,
10/05/2022 01:00,
10/05/2022 02:00,
10/05/2022 03:00,
10/05/2022 04:00,
10/05/2022 05:00,
10/05/2022 06:00,
10/05/2022 07:00,
10/05/2022 08:00,
10/05/2022 09:00,
10/05/2022 10:00,
10/05/2022 11:00,
10/05/2022 12:00,
10/05/2022 13:00,
10/05/2022 14:00,
10/05/2022 15:00,
10/05/2022 16:00,
10/05/2022 17:00,
10/05/2022 18:00,
10/05/2022 19:00,
10/05/2022 20:00,
10/05/2022 21:00,
10/05/2022 22:00,
10/05/2022 23:00,
11/05/2022 00:00,
11/05/2022 01:00,
11/05/2022 02:00,
11/05/2022 03:00,
11/05/2022 04:00,
11/05/2022 05:00,
11/05/2022 06:00,
11/05/2022 07:00,
11/05/2022 08:00,
11/05/2022 09:00,
11/05/2022 10:00,
11/05/2022 11:00,
11/05/2022 12:00,
11/05/2022 13:00,
11/05/2022 14:00,
11/05/2022 15:00,
11/05/2022 16:00,
11/05/2022 17:00,
11/05/2022 18:00,
11/05/2022 19:00,
11/05/2022 20:00,
11/05/2022 21:00,
11/05/2022 22:00,
11/05/2022 23:00,
12/05/2022 00:00,
12/05/2022 01:00,
12/05/2022 02:00,
12/05/2022 03:00,
12/05/2022 04:00,
12/05/2022 05:00,
12/05/2022 06:00,
12/05/2022 07:00,
12/05/2022 08:00,
12/05/2022 09:00,
12/05/2022 10:00,
12/05/2022 11:00,
12/05/2022 12:00,
12/05/2022 13:00,
12/05/2022 14:00,
12/05/2022 15:00,
12/05/2022 16:00,
12/05/2022 17:00,
12/05/2022 18:00,
12/05/2022 19:00,
12/05/2022 20:00,
12/05/2022 21:00,
12/05/2022 22:00,
12/05/2022 23:00,
13/05/2022 00:00,
13/05/2022 01:00,
13/05/2022 02:00,
13/05/2022 03:00,
13/05/2022 04:00,
13/05/2022 05:00,
13/05/2022 06:00,
13/05/2022 07:00,
13/05/2022 08:00,
13/05/2022 09:00,
13/05/2022 10:00,
13/05/2022 11:00,
13/05/2022 12:00,
13/05/2022 13:00,
13/05/2022 14:00,
13/05/2022 15:00,
13/05/2022 16:00,
13/05/2022 17:00,
13/05/2022 18:00,
13/05/2022 19:00,
13/05/2022 20:00,
13/05/2022 21:00,
13/05/2022 22:00,
13/05/2022 23:00,
14/05/2022 00:00,
14/05/2022 01:00,
14/05/2022 02:00,
14/05/2022 03:00,
14/05/2022 04:00,
14/05/2022 05:00,
14/05/2022 06:00,
14/05/2022 07:00,
14/05/2022 08:00,
14/05/2022 09:00,
14/05/2022 10:00,
14/05/2022 11:00,
14/05/2022 12:00,
14/05/2022 13:00,
14/05/2022 14:00,
14/05/2022 15:00,
14/05/2022 16:00,
14/05/2022 17:00,
14/05/2022 18:00,
14/05/2022 19:00,
14/05/2022 20:00,
14/05/2022 21:00,
14/05/2022 22:00,
14/05/2022 23:00,
15/05/2022 00:00,
15/05/2022 01:00,
15/05/2022 02:00,
15/05/2022 03:00,
15/05/2022 04:00,
15/05/2022 05:00,
15/05/2022 06:00,
15/05/2022 07:00,
15/05/2022 08:00,
15/05/2022 09:00,
15/05/2022 10:00,
15/05/2022 11:00,
15/05/2022 12:00,
15/05/2022 13:00,
15/05/2022 14:00,
15/05/2022 15:00,
15/05/2022 16:00,
15/05/2022 17:00,
15/05/2022 18:00,
15/05/2022 19:00,
15/05/2022 20:00,
15/05/2022 21:00,
15/05/2022 22:00,
15/05/2022 23:00,
16/05/2022 00:00,
16/05/2022 01:00,
16/05/2022 02:00,
16/05/2022 03:00,
16/05/2022 04:00,
16/05/2022 05:00,
16/05/2022 06:00,
16/05/2022 07:00,
16/05/2022 08:00,
16/05/2022 09:00,
16/05/2022 10:00,
16/05/2022 11:00,
16/05/2022 12:00,
16/05/2022 13:00,
16/05/2022 14:00,
16/05/2022 15:00,
16/05/2022 16:00,
16/05/2022 17:00,
16/05/2022 18:00,
16/05/2022 19:00,
16/05/2022 20:00,
16/05/2022 21:00,
16/05/2022 22:00,
16/05/2022 23:00,
17/05/2022 00:00,
17/05/2022 01:00,
17/05/2022 02:00,
17/05/2022 03:00,
17/05/2022 04:00,
17/05/2022 05:00,
17/05/2022 06:00,
17/05/2022 07:00,
17/05/2022 08:00,
17/05/2022 09:00,
17/05/2022 10:00,
17/05/2022 11:00,
17/05/2022 12:00,
17/05/2022 13:00,
17/05/2022 14:00,
17/05/2022 15:00,
17/05/2022 16:00,
17/05/2022 17:00,
17/05/2022 18:00,
17/05/2022 19:00,
17/05/2022 20:00,
17/05/2022 21:00,
17/05/2022 22:00,
17/05/2022 23:00,
18/05/2022 00:00,
18/05/2022 01:00,
18/05/2022 02:00,
18/05/2022 03:00,
18/05/2022 04:00,
18/05/2022 05:00,
18/05/2022 06:00,
18/05/2022 07:00,
18/05/2022 08:00,
18/05/2022 09:00,
18/05/2022 10:00,
18/05/2022 11:00,
18/05/2022 12:00,
18/05/2022 13:00,
18/05/2022 14:00,
18/05/2022 15:00,
18/05/2022 16:00,
18/05/2022 17:00,
18/05/2022 18:00,
18/05/2022 19:00,
18/05/2022 20:00,
18/05/2022 21:00,
18/05/2022 22:00,
18/05/2022 23:00,
19/05/2022 00:00,
19/05/2022 01:00,
19/05/2022 02:00,
19/05/2022 03:00,
19/05/2022 04:00,
19/05/2022 05:00,
19/05/2022 06:00,
19/05/2022 07:00,
19/05/2022 08:00,0.33
19/05/2022 09:00,13.11
19/05/2022 10:00,
19/05/2022 11:00,
19/05/2022 12:00,0
19/05/2022 13:00,0
19/05/2022 14:00,0
19/05/2022 15:00,0
19/05/2022 16:00,0
19/05/2022 17:00,40.22
19/05/2022 18:00,30.95
19/05/2022 19:00,22.92
19/05/2022 20:00,17.47
19/05/2022 21:00,17.28
19/05/2022 22:00,15.44
19/05/2022 23:00,15.48
20/05/2022 00:00,
20/05/2022 01:00,13.5
20/05/2022 02:00,
20/05/2022 03:00,
20/05/2022 04:00,
20/05/2022 05:00,11.67
20/05/2022 06:00,11.05
20/05/2022 07:00,
20/05/2022 08:00,9.86
20/05/2022 09:00,
20/05/2022 10:00,
20/05/2022 11:00,
20/05/2022 12:00,
20/05/2022 13:00,
20/05/2022 14:00,38.83
20/05/2022 15:00,34.94
20/05/2022 16:00,
20/05/2022 17:00,36.8
20/05/2022 18:00,24.19
20/05/2022 19:00,22.36
20/05/2022 20:00,
20/05/2022 21:00,13.31
20/05/2022 22:00,
20/05/2022 23:00,13.72
21/05/2022 00:00,
21/05/2022 01:00,12.78
21/05/2022 02:00,11.69
21/05/2022 03:00,11.06
21/05/2022 04:00,9.94
21/05/2022 05:00,9.88
21/05/2022 06:00,9.64
21/05/2022 07:00,7.97
21/05/2022 08:00,3.61
21/05/2022 09:00,2.25
21/05/2022 10:00,10.14
21/05/2022 11:00,7.84
21/05/2022 12:00,3.08
21/05/2022 13:00,4
21/05/2022 14:00,0.53
21/05/2022 15:00,7.69
21/05/2022 16:00,22.15
21/05/2022 17:00,21.77
21/05/2022 18:00,12.03
21/05/2022 19:00,14.94
21/05/2022 20:00,14.18
21/05/2022 21:00,13.49
21/05/2022 22:00,13.97
21/05/2022 23:00,13.14
22/05/2022 00:00,
22/05/2022 01:00,10.6
22/05/2022 02:00,9.18
22/05/2022 03:00,9.49
22/05/2022 04:00,9.19
22/05/2022 05:00,8.79
22/05/2022 06:00,9.77
22/05/2022 07:00,8.11
22/05/2022 08:00,5.64
22/05/2022 09:00,2.75
22/05/2022 10:00,0.64
22/05/2022 11:00,2.53
22/05/2022 12:00,6.61
22/05/2022 13:00,2.72
22/05/2022 14:00,0.47
22/05/2022 15:00,4.09
22/05/2022 16:00,5.88
22/05/2022 17:00,5.28
22/05/2022 18:00,9.72
22/05/2022 19:00,22.7
22/05/2022 20:00,14.05
22/05/2022 21:00,12.92
22/05/2022 22:00,13.73
22/05/2022 23:00,13.63
23/05/2022 00:00,
23/05/2022 01:00,12.89
23/05/2022 02:00,10.82
23/05/2022 03:00,9.58
23/05/2022 04:00,
23/05/2022 05:00,
23/05/2022 06:00,
23/05/2022 07:00,
23/05/2022 08:00,6.69
23/05/2022 09:00,
23/05/2022 10:00,2.42
23/05/2022 11:00,44.94
23/05/2022 12:00,41.02
23/05/2022 13:00,45.37
23/05/2022 14:00,44.63
23/05/2022 15:00,50.26
23/05/2022 16:00,50.42
23/05/2022 17:00,41.69
23/05/2022 18:00,20.02
23/05/2022 19:00,17.84
23/05/2022 20:00,19.14
23/05/2022 21:00,14.06
23/05/2022 22:00,
23/05/2022 23:00,11.48
24/05/2022 00:00,
24/05/2022 01:00,9.53
24/05/2022 02:00,9.24
24/05/2022 03:00,10.14
24/05/2022 04:00,9.77
24/05/2022 05:00,10.04
24/05/2022 06:00,10.21
24/05/2022 07:00,7.75
24/05/2022 08:00,4.68
24/05/2022 09:00,8.03
24/05/2022 10:00,27.89
24/05/2022 11:00,29.1
24/05/2022 12:00,26.62
24/05/2022 13:00,35.33
24/05/2022 14:00,27.03
24/05/2022 15:00,28.55
24/05/2022 16:00,35.66
24/05/2022 17:00,38.34
24/05/2022 18:00,34.31
24/05/2022 19:00,24.66
24/05/2022 20:00,13.22
24/05/2022 21:00,11.22
24/05/2022 22:00,10.53
24/05/2022 23:00,10.01
25/05/2022 00:00,
25/05/2022 01:00,9.36
25/05/2022 02:00,8.46
25/05/2022 03:00,7.2
25/05/2022 04:00,6.42
25/05/2022 05:00,6.83
25/05/2022 06:00,7.28
25/05/2022 07:00,5.7
25/05/2022 08:00,4.83
25/05/2022 09:00,35.39
25/05/2022 10:00,50.94
25/05/2022 11:00,47.72
25/05/2022 12:00,55.95
25/05/2022 13:00,41.25
25/05/2022 14:00,30.13
25/05/2022 15:00,34.08
25/05/2022 16:00,38.95
25/05/2022 17:00,33.17
25/05/2022 18:00,27.56
25/05/2022 19:00,26.19
25/05/2022 20:00,15.34
25/05/2022 21:00,12.58
25/05/2022 22:00,11.44
25/05/2022 23:00,9.5
26/05/2022 00:00,
26/05/2022 01:00,
26/05/2022 02:00,8.4
26/05/2022 03:00,8.27
26/05/2022 04:00,6.59
26/05/2022 05:00,6.72
26/05/2022 06:00,7.47
26/05/2022 07:00,6.59
26/05/2022 08:00,1.97
26/05/2022 09:00,20.77
26/05/2022 10:00,31.4
26/05/2022 11:00,31.21
26/05/2022 12:00,35.48
26/05/2022 13:00,50.1
26/05/2022 14:00,51.48
26/05/2022 15:00,54.59
26/05/2022 16:00,47.5
26/05/2022 17:00,40.36
26/05/2022 18:00,25.43
26/05/2022 19:00,18.62
26/05/2022 20:00,
26/05/2022 21:00,
26/05/2022 22:00,
26/05/2022 23:00,
27/05/2022 00:00,
27/05/2022 01:00,
27/05/2022 02:00,
27/05/2022 03:00,
27/05/2022 04:00,
27/05/2022 05:00,
27/05/2022 06:00,
27/05/2022 07:00,
27/05/2022 08:00,
27/05/2022 09:00,
27/05/2022 10:00,
27/05/2022 11:00,
27/05/2022 12:00,
27/05/2022 13:00,
27/05/2022 14:00,
27/05/2022 15:00,
27/05/2022 16:00,20
27/05/2022 17:00,
27/05/2022 18:00,27.48
27/05/2022 19:00,18.71
27/05/2022 20:00,10.31
27/05/2022 21:00,10.34
27/05/2022 22:00,11.28
27/05/2022 23:00,
28/05/2022 00:00,
28/05/2022 01:00,11.22
28/05/2022 02:00,7.61
28/05/2022 03:00,7.41
28/05/2022 04:00,6.67
28/05/2022 05:00,6.83
28/05/2022 06:00,7.14
28/05/2022 07:00,5.05
28/05/2022 08:00,2.82
28/05/2022 09:00,
28/05/2022 10:00,0
28/05/2022 11:00,0.22
28/05/2022 12:00,0.42
28/05/2022 13:00,
28/05/2022 14:00,1.44
28/05/2022 15:00,
28/05/2022 16:00,
28/05/2022 17:00,
28/05/2022 18:00,
28/05/2022 19:00,
28/05/2022 20:00,
28/05/2022 21:00,7.57
28/05/2022 22:00,13.61
28/05/2022 23:00,
29/05/2022 00:00,
29/05/2022 01:00,10.87
29/05/2022 02:00,9.97
29/05/2022 03:00,8.09
29/05/2022 04:00,6.57
29/05/2022 05:00,6.76
29/05/2022 06:00,7.08
29/05/2022 07:00,5.12
29/05/2022 08:00,1.86
29/05/2022 09:00,
29/05/2022 10:00,0.09
29/05/2022 11:00,
29/05/2022 12:00,0.21
29/05/2022 13:00,0.59
29/05/2022 14:00,0.22
29/05/2022 15:00,0.12
29/05/2022 16:00,2.18
29/05/2022 17:00,7.09
29/05/2022 18:00,8.87
29/05/2022 19:00,11.74
29/05/2022 20:00,9.89
29/05/2022 21:00,10.33
29/05/2022 22:00,11.78
29/05/2022 23:00,11.56
30/05/2022 00:00,
30/05/2022 01:00,11.47
30/05/2022 02:00,8.15
30/05/2022 03:00,7.63
30/05/2022 04:00,6.78
30/05/2022 05:00,6.92
30/05/2022 06:00,7.16
30/05/2022 07:00,4.89
30/05/2022 08:00,3.18
30/05/2022 09:00,18
30/05/2022 10:00,35.55
30/05/2022 11:00,31.67
30/05/2022 12:00,30.21
30/05/2022 13:00,41.09
30/05/2022 14:00,53.89
30/05/2022 15:00,52.41
30/05/2022 16:00,48.11
30/05/2022 17:00,
30/05/2022 18:00,34.02
30/05/2022 19:00,23.5
30/05/2022 20:00,13.06
30/05/2022 21:00,12.61
30/05/2022 22:00,
30/05/2022 23:00,13.36
31/05/2022 00:00,
31/05/2022 01:00,11.78
31/05/2022 02:00,10.2
31/05/2022 03:00,9.55
31/05/2022 04:00,8.35
31/05/2022 05:00,8.53
31/05/2022 06:00,9.42
31/05/2022 07:00,6.84
31/05/2022 08:00,8.74
31/05/2022 09:00,23.47
31/05/2022 10:00,
31/05/2022 11:00,41.78
31/05/2022 12:00,48.44
31/05/2022 13:00,42.61
31/05/2022 14:00,43.87
31/05/2022 15:00,42.08
31/05/2022 16:00,56.69
31/05/2022 17:00,54.17
31/05/2022 18:00,39.03
31/05/2022 19:00,27.97
31/05/2022 20:00,19.94
31/05/2022 21:00,
31/05/2022 22:00,11.89
31/05/2022 23:00,9.84
01/06/2022 00:00,
01/06/2022 01:00,9.66
01/06/2022 02:00,
01/06/2022 03:00,8.37
01/06/2022 04:00,7.89
01/06/2022 05:00,7.94
01/06/2022 06:00,
01/06/2022 07:00,7.08
01/06/2022 08:00,4.34
01/06/2022 09:00,33.86
01/06/2022 10:00,
01/06/2022 11:00,54.75
01/06/2022 12:00,44.36
01/06/2022 13:00,42.74
01/06/2022 14:00,51.87
01/06/2022 15:00,54.17
01/06/2022 16:00,53.89
01/06/2022 17:00,40.52
01/06/2022 18:00,24.56
01/06/2022 19:00,12.24
01/06/2022 20:00,10.82
01/06/2022 21:00,10.57
01/06/2022 22:00,11.58
01/06/2022 23:00,11.45
02/06/2022 00:00,
02/06/2022 01:00,11.22
02/06/2022 02:00,9.96
02/06/2022 03:00,9.67
02/06/2022 04:00,8.06
02/06/2022 05:00,7.97
02/06/2022 06:00,8.75
02/06/2022 07:00,7.33
02/06/2022 08:00,
02/06/2022 09:00,
02/06/2022 10:00,27.48
02/06/2022 11:00,26.47
02/06/2022 12:00,28.33
02/06/2022 13:00,33.8
02/06/2022 14:00,40.19
02/06/2022 15:00,
02/06/2022 16:00,39.44
02/06/2022 17:00,36.57
02/06/2022 18:00,25.61
02/06/2022 19:00,16.02
02/06/2022 20:00,14.22
02/06/2022 21:00,13.73
02/06/2022 22:00,11.19
02/06/2022 23:00,10.33
03/06/2022 00:00,
03/06/2022 01:00,11.75
03/06/2022 02:00,10.16
03/06/2022 03:00,9.23
03/06/2022 04:00,8.3
03/06/2022 05:00,8.66
03/06/2022 06:00,
03/06/2022 07:00,6.07
03/06/2022 08:00,
03/06/2022 09:00,4.86
03/06/2022 10:00,0.47
03/06/2022 11:00,
03/06/2022 12:00,0.02
03/06/2022 13:00,1.22
03/06/2022 14:00,0.65
03/06/2022 15:00,1.78
03/06/2022 16:00,3.33
03/06/2022 17:00,13.66
03/06/2022 18:00,9.53
03/06/2022 19:00,10.44
03/06/2022 20:00,9.03
03/06/2022 21:00,8.69
03/06/2022 22:00,10.04
03/06/2022 23:00,9.49
04/06/2022 00:00,
04/06/2022 01:00,9.07
04/06/2022 02:00,8.6
04/06/2022 03:00,8.28
04/06/2022 04:00,7.17
04/06/2022 05:00,7.19
04/06/2022 06:00,8.62
04/06/2022 07:00,5.85
04/06/2022 08:00,4.14
04/06/2022 09:00,0.59
04/06/2022 10:00,1.86
04/06/2022 11:00,3.39
04/06/2022 12:00,0.92
04/06/2022 13:00,0
04/06/2022 14:00,0.11
04/06/2022 15:00,0.53
04/06/2022 16:00,1.44
04/06/2022 17:00,1.89
04/06/2022 18:00,5.83
04/06/2022 19:00,10.27
04/06/2022 20:00,9.89
04/06/2022 21:00,8.84
04/06/2022 22:00,8.63
04/06/2022 23:00,8.71
05/06/2022 00:00,
05/06/2022 01:00,8.65
05/06/2022 02:00,8.64
05/06/2022 03:00,7.05
05/06/2022 04:00,6.23
05/06/2022 05:00,6.33
05/06/2022 06:00,
05/06/2022 07:00,5.9
05/06/2022 08:00,2.35
05/06/2022 09:00,0
05/06/2022 10:00,0
05/06/2022 11:00,0
05/06/2022 12:00,0
05/06/2022 13:00,0
05/06/2022 14:00,0.04
05/06/2022 15:00,0.04
05/06/2022 16:00,1.39
05/06/2022 17:00,2.81
05/06/2022 18:00,6.8
05/06/2022 19:00,10.14
05/06/2022 20:00,11.11
05/06/2022 21:00,9.4
05/06/2022 22:00,10.06
05/06/2022 23:00,10.21
06/06/2022 00:00,
06/06/2022 01:00,9.27
06/06/2022 02:00,7.55
06/06/2022 03:00,7.68
06/06/2022 04:00,6.68
06/06/2022 05:00,7.09
06/06/2022 06:00,6.89
06/06/2022 07:00,4.48
06/06/2022 08:00,2.82
06/06/2022 09:00,13.37
06/06/2022 10:00,39.74
06/06/2022 11:00,32.4
06/06/2022 12:00,28.1
06/06/2022 13:00,26.87
06/06/2022 14:00,29.78
06/06/2022 15:00,42.14
06/06/2022 16:00,45.07
06/06/2022 17:00,39.75
06/06/2022 18:00,23.87
06/06/2022 19:00,17.97
06/06/2022 20:00,15.42
06/06/2022 21:00,13.5
06/06/2022 22:00,13.66
06/06/2022 23:00,13.83
07/06/2022 00:00,
07/06/2022 01:00,12.46
07/06/2022 02:00,12.14
07/06/2022 03:00,12.43
07/06/2022 04:00,11.21
07/06/2022 05:00,11.26
07/06/2022 06:00,11.5
07/06/2022 07:00,9.91
07/06/2022 08:00,8.42
07/06/2022 09:00,12.25
07/06/2022 10:00,33.19
07/06/2022 11:00,33.64
07/06/2022 12:00,28.69
07/06/2022 13:00,29.9
07/06/2022 14:00,40.71
07/06/2022 15:00,38.48
07/06/2022 16:00,44.11
07/06/2022 17:00,44.56
07/06/2022 18:00,24.58
07/06/2022 19:00,12.13
07/06/2022 20:00,11.04
07/06/2022 21:00,9.91
07/06/2022 22:00,9.87
07/06/2022 23:00,9.43
08/06/2022 00:00,
08/06/2022 01:00,9.47
08/06/2022 02:00,9.01
08/06/2022 03:00,8.88
08/06/2022 04:00,
08/06/2022 05:00,7.53
08/06/2022 06:00,7.87
08/06/2022 07:00,5.78
08/06/2022 08:00,1.71
08/06/2022 09:00,35.95
08/06/2022 10:00,48.89
08/06/2022 11:00,36.38
08/06/2022 12:00,33.81
08/06/2022 13:00,24.75
08/06/2022 14:00,33.3
08/06/2022 15:00,37.26
08/06/2022 16:00,37.28
08/06/2022 17:00,37
08/06/2022 18:00,19.92
08/06/2022 19:00,14.61
08/06/2022 20:00,11.75
08/06/2022 21:00,10.72
08/06/2022 22:00,10.92
08/06/2022 23:00,10.1
09/06/2022 00:00,
09/06/2022 01:00,10.74
09/06/2022 02:00,9.44
09/06/2022 03:00,9.23
09/06/2022 04:00,8.16
09/06/2022 05:00,8.26
09/06/2022 06:00,7.86
09/06/2022 07:00,5.94
09/06/2022 08:00,4.15
09/06/2022 09:00,12.43
09/06/2022 10:00,25.14
09/06/2022 11:00,24.18
09/06/2022 12:00,28.4
09/06/2022 13:00,28.82
09/06/2022 14:00,32.1
09/06/2022 15:00,36.47
09/06/2022 16:00,37.89
09/06/2022 17:00,31.82
09/06/2022 18:00,26.27
09/06/2022 19:00,16.16
09/06/2022 20:00,14.06
09/06/2022 21:00,14.17
09/06/2022 22:00,14.3
09/06/2022 23:00,13.2
10/06/2022 00:00,
10/06/2022 01:00,9.53
10/06/2022 02:00,8.05
10/06/2022 03:00,7.46
10/06/2022 04:00,6.97
10/06/2022 05:00,7.36
10/06/2022 06:00,8.27
10/06/2022 07:00,6.15
10/06/2022 08:00,3.88
10/06/2022 09:00,20.98
10/06/2022 10:00,26.82
10/06/2022 11:00,20.29
10/06/2022 12:00,18.71
10/06/2022 13:00,23.37
10/06/2022 14:00,33.08
10/06/2022 15:00,33.73
10/06/2022 16:00,36.94
10/06/2022 17:00,
10/06/2022 18:00,30.92
10/06/2022 19:00,27.1
10/06/2022 20:00,13.28
10/06/2022 21:00,11.45
10/06/2022 22:00,11.34
10/06/2022 23:00,11.14
11/06/2022 00:00,
11/06/2022 01:00,11.49
11/06/2022 02:00,10.75
11/06/2022 03:00,10.01
11/06/2022 04:00,9.22
11/06/2022 05:00,
11/06/2022 06:00,10.05
11/06/2022 07:00,8.83
11/06/2022 08:00,5.25
11/06/2022 09:00,2.48
11/06/2022 10:00,1.06
11/06/2022 11:00,0.89
11/06/2022 12:00,0.82
11/06/2022 13:00,0
11/06/2022 14:00,0
11/06/2022 15:00,2.51
11/06/2022 16:00,13.77
11/06/2022 17:00,5.76
11/06/2022 18:00,9.38
11/06/2022 19:00,12.01
11/06/2022 20:00,11.41
11/06/2022 21:00,13.06
11/06/2022 22:00,13.41
11/06/2022 23:00,13.23
12/06/2022 00:00,
12/06/2022 01:00,12.5
12/06/2022 02:00,11.48
12/06/2022 03:00,10.75
12/06/2022 04:00,10.6
12/06/2022 05:00,10.62
12/06/2022 06:00,10.83
12/06/2022 07:00,8.75
12/06/2022 08:00,4.47
12/06/2022 09:00,1.84
12/06/2022 10:00,0.41
12/06/2022 11:00,0
12/06/2022 12:00,
12/06/2022 13:00,1.08
12/06/2022 14:00,1.98
12/06/2022 15:00,1.11
12/06/2022 16:00,4.17
12/06/2022 17:00,4.75
12/06/2022 18:00,11.89
12/06/2022 19:00,15.45
12/06/2022 20:00,15.21
12/06/2022 21:00,15.28
12/06/2022 22:00,
12/06/2022 23:00,15.78
13/06/2022 00:00,
13/06/2022 01:00,14.13
13/06/2022 02:00,13.62
13/06/2022 03:00,12.02
13/06/2022 04:00,11.48
13/06/2022 05:00,11.61
13/06/2022 06:00,12.11
13/06/2022 07:00,10.52
13/06/2022 08:00,10.34
13/06/2022 09:00,21.48
13/06/2022 10:00,31.21
13/06/2022 11:00,24.59
13/06/2022 12:00,21.45
13/06/2022 13:00,29.63
13/06/2022 14:00,33.91
13/06/2022 15:00,35.5
13/06/2022 16:00,38.42
13/06/2022 17:00,26.33
13/06/2022 18:00,22.86
13/06/2022 19:00,16.28
13/06/2022 20:00,13.67
13/06/2022 21:00,12.94
13/06/2022 22:00,16.11
13/06/2022 23:00,14.35
14/06/2022 00:00,
14/06/2022 01:00,13.96
14/06/2022 02:00,13.11
14/06/2022 03:00,11.46
14/06/2022 04:00,11.31
14/06/2022 05:00,11.61
14/06/2022 06:00,12.19
14/06/2022 07:00,10.62
14/06/2022 08:00,12.1
14/06/2022 09:00,37.51
14/06/2022 10:00,47.81
14/06/2022 11:00,50.91
14/06/2022 12:00,50.77
14/06/2022 13:00,48.76
14/06/2022 14:00,
14/06/2022 15:00,59.66
14/06/2022 16:00,70.37
14/06/2022 17:00,37.3
14/06/2022 18:00,28.53
14/06/2022 19:00,26.74
14/06/2022 20:00,23.73
14/06/2022 21:00,16.95
14/06/2022 22:00,15.03
14/06/2022 23:00,16.55
15/06/2022 00:00,
15/06/2022 01:00,15.83
15/06/2022 02:00,15.04
15/06/2022 03:00,12.49
15/06/2022 04:00,12.26
15/06/2022 05:00,11.68
15/06/2022 06:00,11.89
15/06/2022 07:00,10.82
15/06/2022 08:00,10.05
15/06/2022 09:00,17.78
15/06/2022 10:00,
15/06/2022 11:00,33.81
15/06/2022 12:00,
15/06/2022 13:00,
15/06/2022 14:00,29.28
15/06/2022 15:00,38.63
15/06/2022 16:00,42.79
15/06/2022 17:00,35.89
15/06/2022 18:00,17.89
15/06/2022 19:00,16.19
15/06/2022 20:00,14.96
15/06/2022 21:00,14.92
15/06/2022 22:00,
15/06/2022 23:00,13.57
16/06/2022 00:00,
16/06/2022 01:00,13.84
16/06/2022 02:00,12.74
16/06/2022 03:00,
16/06/2022 04:00,12.69
16/06/2022 05:00,12.23
16/06/2022 06:00,
16/06/2022 07:00,9.97
16/06/2022 08:00,9.11
16/06/2022 09:00,22.41
16/06/2022 10:00,27.61
16/06/2022 11:00,22.32
16/06/2022 12:00,
16/06/2022 13:00,34.16
16/06/2022 14:00,
16/06/2022 15:00,32.5
16/06/2022 16:00,30.75
16/06/2022 17:00,27.94
16/06/2022 18:00,22.64
16/06/2022 19:00,
16/06/2022 20:00,13.08
16/06/2022 21:00,12.47
16/06/2022 22:00,14.83
16/06/2022 23:00,15.81
17/06/2022 00:00,
17/06/2022 01:00,12.95
17/06/2022 02:00,13.03
17/06/2022 03:00,12
17/06/2022 04:00,11.16
17/06/2022 05:00,10.87
17/06/2022 06:00,9.86
17/06/2022 07:00,9.17
17/06/2022 08:00,8.53
17/06/2022 09:00,16.74
17/06/2022 10:00,25.34
17/06/2022 11:00,36.53
17/06/2022 12:00,31.86
17/06/2022 13:00,25.82
17/06/2022 14:00,28.07
17/06/2022 15:00,32.86
17/06/2022 16:00,39.17
17/06/2022 17:00,42.35
17/06/2022 18:00,40.8
17/06/2022 19:00,27.46
17/06/2022 20:00,13.99
17/06/2022 21:00,12.31
17/06/2022 22:00,12.2
17/06/2022 23:00,12.16
18/06/2022 00:00,
18/06/2022 01:00,12.57
18/06/2022 02:00,13.12
18/06/2022 03:00,12.42
18/06/2022 04:00,11.13
18/06/2022 05:00,10.72
18/06/2022 06:00,10.5
18/06/2022 07:00,9.31
18/06/2022 08:00,5.01
18/06/2022 09:00,1.11
18/06/2022 10:00,4.6
18/06/2022 11:00,2.89
18/06/2022 12:00,4.8
18/06/2022 13:00,11.29
18/06/2022 14:00,19.31
18/06/2022 15:00,19.41
18/06/2022 16:00,12.25
18/06/2022 17:00,8.28
18/06/2022 18:00,11.1
18/06/2022 19:00,14.36
18/06/2022 20:00,15.01
18/06/2022 21:00,18.78
18/06/2022 22:00,22.25
18/06/2022 23:00,16.91
19/06/2022 00:00,
19/06/2022 01:00,16.86
19/06/2022 02:00,14.72
19/06/2022 03:00,12.95
19/06/2022 04:00,11.89
19/06/2022 05:00,11.63
19/06/2022 06:00,11.36
19/06/2022 07:00,8.33
19/06/2022 08:00,3.26
19/06/2022 09:00,1.53
19/06/2022 10:00,0.03
19/06/2022 11:00,1.05
19/06/2022 12:00,0.33
19/06/2022 13:00,1.2
19/06/2022 14:00,3.33
19/06/2022 15:00,0.7
19/06/2022 16:00,2.14
19/06/2022 17:00,9.22
19/06/2022 18:00,11.92
19/06/2022 19:00,14.29
19/06/2022 20:00,13.34
19/06/2022 21:00,14
19/06/2022 22:00,13.41
19/06/2022 23:00,13.31
20/06/2022 00:00,
20/06/2022 01:00,13.45
20/06/2022 02:00,12.35
20/06/2022 03:00,11.75
20/06/2022 04:00,11.39
20/06/2022 05:00,10.89
20/06/2022 06:00,11.01
20/06/2022 07:00,8.88
20/06/2022 08:00,5.94
20/06/2022 09:00,17.87
20/06/2022 10:00,36.61
20/06/2022 11:00,36.13
20/06/2022 12:00,39.18
20/06/2022 13:00,35.24
20/06/2022 14:00,37.65
20/06/2022 15:00,38.91
20/06/2022 16:00,36.89
20/06/2022 17:00,45.33
20/06/2022 18:00,42.64
20/06/2022 19:00,27.94
20/06/2022 20:00,14.73
20/06/2022 21:00,12.96
20/06/2022 22:00,12.48
20/06/2022 23:00,13.69
21/06/2022 00:00,
21/06/2022 01:00,11.69
21/06/2022 02:00,11.54
21/06/2022 03:00,11.52
21/06/2022 04:00,11.25
21/06/2022 05:00,10.88
21/06/2022 06:00,10.48
21/06/2022 07:00,8.34
21/06/2022 08:00,7.78
21/06/2022 09:00,18.04
21/06/2022 10:00,35.73
21/06/2022 11:00,33.64
21/06/2022 12:00,24.09
21/06/2022 13:00,26.1
21/06/2022 14:00,15.15
21/06/2022 15:00,50.46
21/06/2022 16:00,40.42
21/06/2022 17:00,37.97
21/06/2022 18:00,26.86
21/06/2022 19:00,17.56
21/06/2022 20:00,15.45
21/06/2022 21:00,13.89
21/06/2022 22:00,13.61
21/06/2022 23:00,10.97
22/06/2022 00:00,
22/06/2022 01:00,11.27
22/06/2022 02:00,11.12
22/06/2022 03:00,10.64
22/06/2022 04:00,9.93
22/06/2022 05:00,9.18
22/06/2022 06:00,9.14
22/06/2022 07:00,7.15
22/06/2022 08:00,5.7
22/06/2022 09:00,36.09
22/06/2022 10:00,49.88
22/06/2022 11:00,55.75
22/06/2022 12:00,54.68
22/06/2022 13:00,50.63
22/06/2022 14:00,56.39
22/06/2022 15:00,58.69
22/06/2022 16:00,
22/06/2022 17:00,56.63
22/06/2022 18:00,32.07
22/06/2022 19:00,19.16
22/06/2022 20:00,13.53
22/06/2022 21:00,12.91
22/06/2022 22:00,12.33
22/06/2022 23:00,10.78
23/06/2022 00:00,
23/06/2022 01:00,10.72
23/06/2022 02:00,11.46
23/06/2022 03:00,11.46
23/06/2022 04:00,11.14
23/06/2022 05:00,10.37
23/06/2022 06:00,9.92
23/06/2022 07:00,8.29
23/06/2022 08:00,9.46
23/06/2022 09:00,46.88
23/06/2022 10:00,59.39
23/06/2022 11:00,53.27
23/06/2022 12:00,
23/06/2022 13:00,39.64
23/06/2022 14:00,47.5
23/06/2022 15:00,49.67
23/06/2022 16:00,53.03
23/06/2022 17:00,51.82
23/06/2022 18:00,32.39
23/06/2022 19:00,24.25
23/06/2022 20:00,18
23/06/2022 21:00,13.89
23/06/2022 22:00,13.55
23/06/2022 23:00,12.98
24/06/2022 00:00,
24/06/2022 01:00,12.07
24/06/2022 02:00,12.09
24/06/2022 03:00,11.58
24/06/2022 04:00,11.2
24/06/2022 05:00,10.21
24/06/2022 06:00,10.06
24/06/2022 07:00,9.42
24/06/2022 08:00,9.94
24/06/2022 09:00,24.14
24/06/2022 10:00,42.86
24/06/2022 11:00,41.18
24/06/2022 12:00,46.18
24/06/2022 13:00,46.61
24/06/2022 14:00,56.26
24/06/2022 15:00,46.8
24/06/2022 16:00,43.36
24/06/2022 17:00,38.09
24/06/2022 18:00,22.72
24/06/2022 19:00,20.72
24/06/2022 20:00,13.69
24/06/2022 21:00,11.76
24/06/2022 22:00,10.64
24/06/2022 23:00,9.92
25/06/2022 00:00,
25/06/2022 01:00,10.82
25/06/2022 02:00,10.1
25/06/2022 03:00,9.9
25/06/2022 04:00,9.39
25/06/2022 05:00,9.29
25/06/2022 06:00,8.93
25/06/2022 07:00,9.24
25/06/2022 08:00,6.11
25/06/2022 09:00,1.54
25/06/2022 10:00,0
25/06/2022 11:00,1.71
25/06/2022 12:00,1.34
25/06/2022 13:00,0.31
25/06/2022 14:00,0
25/06/2022 15:00,0.19
25/06/2022 16:00,2.08
25/06/2022 17:00,9.11
25/06/2022 18:00,13.01
25/06/2022 19:00,
25/06/2022 20:00,
25/06/2022 21:00,
25/06/2022 22:00,14.91
25/06/2022 23:00,
26/06/2022 00:00,
26/06/2022 01:00,12.28
26/06/2022 02:00,10.31
26/06/2022 03:00,10.25
26/06/2022 04:00,10.02
26/06/2022 05:00,9.14
26/06/2022 06:00,9.55
26/06/2022 07:00,7.12
26/06/2022 08:00,2.22
26/06/2022 09:00,2.83
26/06/2022 10:00,1.25
26/06/2022 11:00,1.01
26/06/2022 12:00,2.46
26/06/2022 13:00,
26/06/2022 14:00,2.32
26/06/2022 15:00,0.71
26/06/2022 16:00,2.78
26/06/2022 17:00,2.44
26/06/2022 18:00,7.17
26/06/2022 19:00,12
26/06/2022 20:00,13.48
26/06/2022 21:00,12.89
26/06/2022 22:00,12.47
26/06/2022 23:00,12.64
27/06/2022 00:00,
27/06/2022 01:00,11.17
27/06/2022 02:00,11.34
27/06/2022 03:00,11.07
27/06/2022 04:00,11.03
27/06/2022 05:00,11.36
27/06/2022 06:00,10.94
27/06/2022 07:00,7.7
27/06/2022 08:00,5.86
27/06/2022 09:00,19.01
27/06/2022 10:00,42.41
27/06/2022 11:00,39.56
27/06/2022 12:00,34.47
27/06/2022 13:00,35.03
27/06/2022 14:00,36.41
27/06/2022 15:00,38.83
27/06/2022 16:00,
27/06/2022 17:00,43.34
27/06/2022 18:00,41.25
27/06/2022 19:00,24.11
27/06/2022 20:00,14.02
27/06/2022 21:00,13.05
27/06/2022 22:00,12.64
27/06/2022 23:00,12.07
28/06/2022 00:00,
28/06/2022 01:00,11.51
28/06/2022 02:00,11.49
28/06/2022 03:00,10.33
28/06/2022 04:00,9.92
28/06/2022 05:00,9.75
28/06/2022 06:00,8.97
28/06/2022 07:00,6.65
28/06/2022 08:00,5.67
28/06/2022 09:00,23.66
28/06/2022 10:00,37.13
28/06/2022 11:00,43.21
28/06/2022 12:00,
28/06/2022 13:00,41.31
28/06/2022 14:00,41.89
28/06/2022 15:00,
28/06/2022 16:00,39.61
28/06/2022 17:00,37.89
28/06/2022 18:00,22.09
28/06/2022 19:00,12.88
28/06/2022 20:00,12.67
28/06/2022 21:00,11.93
28/06/2022 22:00,11.41
28/06/2022 23:00,11.2
29/06/2022 00:00,
29/06/2022 01:00,9.99
29/06/2022 02:00,9.68
29/06/2022 03:00,9.53
29/06/2022 04:00,9.16
29/06/2022 05:00,8.92
29/06/2022 06:00,
29/06/2022 07:00,6.86
29/06/2022 08:00,5
29/06/2022 09:00,22.85
29/06/2022 10:00,37.06
29/06/2022 11:00,30.45
29/06/2022 12:00,24.92
29/06/2022 13:00,34.8
29/06/2022 14:00,48.02
29/06/2022 15:00,55.42
29/06/2022 16:00,45.06
29/06/2022 17:00,
29/06/2022 18:00,
29/06/2022 19:00,
29/06/2022 20:00,
29/06/2022 21:00,
29/06/2022 22:00,
29/06/2022 23:00,
30/06/2022 00:00,
30/06/2022 01:00,
30/06/2022 02:00,
30/06/2022 03:00,
30/06/2022 04:00,
30/06/2022 05:00,
30/06/2022 06:00,
30/06/2022 07:00,
30/06/2022 08:00,
30/06/2022 09:00,
30/06/2022 10:00,
30/06/2022 11:00,
30/06/2022 12:00,
30/06/2022 13:00,
30/06/2022 14:00,
30/06/2022 15:00,
30/06/2022 16:00,
30/06/2022 17:00,
30/06/2022 18:00,
30/06/2022 19:00,
30/06/2022 20:00,
30/06/2022 21:00,
30/06/2022 22:00,0
30/06/2022 23:00,0
01/07/2022 00:00,
01/07/2022 01:00,0
01/07/2022 02:00,0
01/07/2022 03:00,0
01/07/2022 04:00,0
01/07/2022 05:00,0
01/07/2022 06:00,0
01/07/2022 07:00,0
01/07/2022 08:00,0
01/07/2022 09:00,0
01/07/2022 10:00,0
01/07/2022 11:00,0
01/07/2022 12:00,0
01/07/2022 13:00,0
01/07/2022 14:00,0
01/07/2022 15:00,0
01/07/2022 16:00,0
01/07/2022 17:00,0
01/07/2022 18:00,0
01/07/2022 19:00,0
01/07/2022 20:00,0
01/07/2022 21:00,0
01/07/2022 22:00,0
01/07/2022 23:00,0
02/07/2022 00:00,
02/07/2022 01:00,0
02/07/2022 02:00,0
02/07/2022 03:00,0
02/07/2022 04:00,0
02/07/2022 05:00,0
02/07/2022 06:00,0
02/07/2022 07:00,0
02/07/2022 08:00,0
02/07/2022 09:00,0
02/07/2022 10:00,0
02/07/2022 11:00,0
02/07/2022 12:00,0
02/07/2022 13:00,0
02/07/2022 14:00,0
02/07/2022 15:00,0
02/07/2022 16:00,0
02/07/2022 17:00,0
02/07/2022 18:00,0
02/07/2022 19:00,0
02/07/2022 20:00,0
02/07/2022 21:00,0
02/07/2022 22:00,0
02/07/2022 23:00,0
03/07/2022 00:00,
03/07/2022 01:00,0
03/07/2022 02:00,0
03/07/2022 03:00,0
03/07/2022 04:00,0
03/07/2022 05:00,0
03/07/2022 06:00,0
03/07/2022 07:00,0
03/07/2022 08:00,0
03/07/2022 09:00,0
03/07/2022 10:00,0
03/07/2022 11:00,0
03/07/2022 12:00,0
03/07/2022 13:00,0
03/07/2022 14:00,0
03/07/2022 15:00,0
03/07/2022 16:00,0
03/07/2022 17:00,0
03/07/2022 18:00,0
03/07/2022 19:00,0
03/07/2022 20:00,0
03/07/2022 21:00,0
03/07/2022 22:00,0
03/07/2022 23:00,0
04/07/2022 00:00,
04/07/2022 01:00,0
04/07/2022 02:00,0
04/07/2022 03:00,0
04/07/2022 04:00,0
04/07/2022 05:00,0
04/07/2022 06:00,0
04/07/2022 07:00,0
04/07/2022 08:00,0
04/07/2022 09:00,0
04/07/2022 10:00,0
04/07/2022 11:00,0
04/07/2022 12:00,0
04/07/2022 13:00,0
04/07/2022 14:00,0
04/07/2022 15:00,
04/07/2022 16:00,0
04/07/2022 17:00,0
04/07/2022 18:00,0
04/07/2022 19:00,0
04/07/2022 20:00,0
04/07/2022 21:00,0
04/07/2022 22:00,0
04/07/2022 23:00,0
05/07/2022 00:00,
05/07/2022 01:00,0
05/07/2022 02:00,0
05/07/2022 03:00,0
05/07/2022 04:00,0
05/07/2022 05:00,0
05/07/2022 06:00,0
05/07/2022 07:00,0
05/07/2022 08:00,0
05/07/2022 09:00,0
05/07/2022 10:00,0
05/07/2022 11:00,0
05/07/2022 12:00,0
05/07/2022 13:00,0
05/07/2022 14:00,0
05/07/2022 15:00,0
05/07/2022 16:00,0
05/07/2022 17:00,
05/07/2022 18:00,35.94
05/07/2022 19:00,31.41
05/07/2022 20:00,16.26
05/07/2022 21:00,12.91
05/07/2022 22:00,12.72
05/07/2022 23:00,12.17
06/07/2022 00:00,
06/07/2022 01:00,12.21
06/07/2022 02:00,12.23
06/07/2022 03:00,12.02
06/07/2022 04:00,11.04
06/07/2022 05:00,10.38
06/07/2022 06:00,9.75
06/07/2022 07:00,7.95
06/07/2022 08:00,6.53
06/07/2022 09:00,26.41
06/07/2022 10:00,35.42
06/07/2022 11:00,26.31
06/07/2022 12:00,32.08
06/07/2022 13:00,32.17
06/07/2022 14:00,30.33
06/07/2022 15:00,35.36
06/07/2022 16:00,36.69
06/07/2022 17:00,41.36
06/07/2022 18:00,23.61
06/07/2022 19:00,19.12
06/07/2022 20:00,
06/07/2022 21:00,13.58
06/07/2022 22:00,13.03
06/07/2022 23:00,11.73
07/07/2022 00:00,
07/07/2022 01:00,11.68
07/07/2022 02:00,11.36
07/07/2022 03:00,12.06
07/07/2022 04:00,10.41
07/07/2022 05:00,10.47
07/07/2022 06:00,9.8
07/07/2022 07:00,9.42
07/07/2022 08:00,16.19
07/07/2022 09:00,34.84
07/07/2022 10:00,41.33
07/07/2022 11:00,38.31
07/07/2022 12:00,47.56
07/07/2022 13:00,61.74
07/07/2022 14:00,60.22
07/07/2022 15:00,59.62
07/07/2022 16:00,44.02
07/07/2022 17:00,33.72
07/07/2022 18:00,16.56
07/07/2022 19:00,15.86
07/07/2022 20:00,12.62
07/07/2022 21:00,11.86
07/07/2022 22:00,11.55
07/07/2022 23:00,11.17
08/07/2022 00:00,
08/07/2022 01:00,10.57
08/07/2022 02:00,11.58
08/07/2022 03:00,10.6
08/07/2022 04:00,9.75
08/07/2022 05:00,9.51
08/07/2022 06:00,
08/07/2022 07:00,6.88
08/07/2022 08:00,7.17
08/07/2022 09:00,21.13
08/07/2022 10:00,30.11
08/07/2022 11:00,31.17
08/07/2022 12:00,31.61
08/07/2022 13:00,33.64
08/07/2022 14:00,34.67
08/07/2022 15:00,27.42
08/07/2022 16:00,36.52
08/07/2022 17:00,35.78
08/07/2022 18:00,17.25
08/07/2022 19:00,
08/07/2022 20:00,11.51
08/07/2022 21:00,10.81
08/07/2022 22:00,10.69
08/07/2022 23:00,9.95
09/07/2022 00:00,
09/07/2022 01:00,9.1
09/07/2022 02:00,9.53
09/07/2022 03:00,9.34
09/07/2022 04:00,8.92
09/07/2022 05:00,8.53
09/07/2022 06:00,8.14
09/07/2022 07:00,6.75
09/07/2022 08:00,4.86
09/07/2022 09:00,1.07
09/07/2022 10:00,0.67
09/07/2022 11:00,2.08
09/07/2022 12:00,0.95
09/07/2022 13:00,1.81
09/07/2022 14:00,6.85
09/07/2022 15:00,9.6
09/07/2022 16:00,11.83
09/07/2022 17:00,18.63
09/07/2022 18:00,22.15
09/07/2022 19:00,20.13
09/07/2022 20:00,11.95
09/07/2022 21:00,10.53
09/07/2022 22:00,10.44
09/07/2022 23:00,9
10/07/2022 00:00,
10/07/2022 01:00,9.97
10/07/2022 02:00,9.18
10/07/2022 03:00,9.03
10/07/2022 04:00,8.42
10/07/2022 05:00,8.12
10/07/2022 06:00,8.05
10/07/2022 07:00,6.64
10/07/2022 08:00,2.47
10/07/2022 09:00,0.44
10/07/2022 10:00,0.08
10/07/2022 11:00,0
10/07/2022 12:00,0.18
10/07/2022 13:00,0.03
10/07/2022 14:00,0.44
10/07/2022 15:00,0.5
10/07/2022 16:00,5.56
10/07/2022 17:00,5.16
10/07/2022 18:00,9.63
10/07/2022 19:00,10.18
10/07/2022 20:00,10.07
10/07/2022 21:00,9.98
10/07/2022 22:00,9.95
10/07/2022 23:00,10.03
11/07/2022 00:00,
11/07/2022 01:00,9.66
11/07/2022 02:00,9.26
11/07/2022 03:00,8.81
11/07/2022 04:00,8.94
11/07/2022 05:00,9.33
11/07/2022 06:00,7.97
11/07/2022 07:00,6.2
11/07/2022 08:00,4.89
11/07/2022 09:00,16.06
11/07/2022 10:00,26.94
11/07/2022 11:00,32.89
11/07/2022 12:00,28.07
11/07/2022 13:00,25.93
11/07/2022 14:00,28.35
11/07/2022 15:00,32.39
11/07/2022 16:00,33.84
11/07/2022 17:00,35.55
11/07/2022 18:00,23.12
11/07/2022 19:00,14.21
11/07/2022 20:00,11.03
11/07/2022 21:00,10.09
11/07/2022 22:00,
11/07/2022 23:00,10.56
12/07/2022 00:00,
12/07/2022 01:00,10.48
12/07/2022 02:00,9.94
12/07/2022 03:00,10.06
12/07/2022 04:00,8.67
12/07/2022 05:00,8.31
12/07/2022 06:00,8.32
12/07/2022 07:00,7.22
12/07/2022 08:00,6.2
12/07/2022 09:00,30.47
12/07/2022 10:00,44.65
12/07/2022 11:00,41.5
12/07/2022 12:00,38.36
12/07/2022 13:00,33.3
12/07/2022 14:00,30.11
12/07/2022 15:00,35.86
12/07/2022 16:00,37.58
12/07/2022 17:00,37.92
12/07/2022 18:00,17.28
12/07/2022 19:00,14.3
12/07/2022 20:00,11.28
12/07/2022 21:00,10.83
12/07/2022 22:00,
12/07/2022 23:00,10.68
13/07/2022 00:00,
13/07/2022 01:00,10.31
13/07/2022 02:00,10.17
13/07/2022 03:00,9.97
13/07/2022 04:00,9.7
13/07/2022 05:00,8.83
13/07/2022 06:00,8.53
13/07/2022 07:00,
13/07/2022 08:00,
13/07/2022 09:00,
13/07/2022 10:00,
13/07/2022 11:00,
13/07/2022 12:00,
13/07/2022 13:00,
13/07/2022 14:00,
13/07/2022 15:00,
13/07/2022 16:00,
13/07/2022 17:00,
13/07/2022 18:00,
13/07/2022 19:00,
13/07/2022 20:00,
13/07/2022 21:00,
13/07/2022 22:00,
13/07/2022 23:00,
14/07/2022 00:00,
14/07/2022 01:00,
14/07/2022 02:00,
14/07/2022 03:00,
14/07/2022 04:00,
14/07/2022 05:00,
14/07/2022 06:00,
14/07/2022 07:00,
14/07/2022 08:00,
14/07/2022 09:00,
14/07/2022 10:00,
14/07/2022 11:00,
14/07/2022 12:00,
14/07/2022 13:00,
14/07/2022 14:00,
14/07/2022 15:00,
14/07/2022 16:00,
14/07/2022 17:00,
14/07/2022 18:00,
14/07/2022 19:00,
14/07/2022 20:00,
14/07/2022 21:00,
14/07/2022 22:00,
14/07/2022 23:00,
15/07/2022 00:00,
15/07/2022 01:00,
15/07/2022 02:00,
15/07/2022 03:00,
15/07/2022 04:00,
15/07/2022 05:00,
15/07/2022 06:00,
15/07/2022 07:00,
15/07/2022 08:00,
15/07/2022 09:00,
15/07/2022 10:00,
15/07/2022 11:00,
15/07/2022 12:00,
15/07/2022 13:00,
15/07/2022 14:00,
15/07/2022 15:00,
15/07/2022 16:00,
15/07/2022 17:00,
15/07/2022 18:00,
15/07/2022 19:00,
15/07/2022 20:00,
15/07/2022 21:00,
15/07/2022 22:00,
15/07/2022 23:00,
16/07/2022 00:00,
16/07/2022 01:00,
16/07/2022 02:00,
16/07/2022 03:00,
16/07/2022 04:00,
16/07/2022 05:00,
16/07/2022 06:00,
16/07/2022 07:00,
16/07/2022 08:00,
16/07/2022 09:00,
16/07/2022 10:00,
16/07/2022 11:00,
16/07/2022 12:00,
16/07/2022 13:00,
16/07/2022 14:00,
16/07/2022 15:00,
16/07/2022 16:00,
16/07/2022 17:00,
16/07/2022 18:00,
16/07/2022 19:00,
16/07/2022 20:00,
16/07/2022 21:00,
16/07/2022 22:00,
16/07/2022 23:00,
17/07/2022 00:00,
17/07/2022 01:00,
17/07/2022 02:00,
17/07/2022 03:00,
17/07/2022 04:00,
17/07/2022 05:00,
17/07/2022 06:00,
17/07/2022 07:00,
17/07/2022 08:00,
17/07/2022 09:00,
17/07/2022 10:00,
17/07/2022 11:00,
17/07/2022 12:00,0.19
17/07/2022 13:00,1.47
17/07/2022 14:00,2.61
17/07/2022 15:00,2.14
17/07/2022 16:00,6.81
17/07/2022 17:00,6.49
17/07/2022 18:00,8.37
17/07/2022 19:00,11.77
17/07/2022 20:00,11.4
17/07/2022 21:00,11.47
17/07/2022 22:00,11.89
17/07/2022 23:00,12.1
18/07/2022 00:00,
18/07/2022 01:00,10.5
18/07/2022 02:00,10.09
18/07/2022 03:00,9.61
18/07/2022 04:00,9.52
18/07/2022 05:00,9.47
18/07/2022 06:00,
18/07/2022 07:00,7.94
18/07/2022 08:00,3.52
18/07/2022 09:00,24.78
18/07/2022 10:00,45.39
18/07/2022 11:00,40.15
18/07/2022 12:00,38.03
18/07/2022 13:00,37.19
18/07/2022 14:00,
18/07/2022 15:00,22.23
18/07/2022 16:00,47.99
18/07/2022 17:00,41.64
18/07/2022 18:00,20.81
18/07/2022 19:00,17.28
18/07/2022 20:00,14.05
18/07/2022 21:00,13.59
18/07/2022 22:00,
18/07/2022 23:00,12.43
19/07/2022 00:00,
19/07/2022 01:00,10.36
19/07/2022 02:00,
19/07/2022 03:00,10.97
19/07/2022 04:00,10.23
19/07/2022 05:00,10.34
19/07/2022 06:00,10.18
19/07/2022 07:00,8.87
19/07/2022 08:00,6.34
19/07/2022 09:00,25.47
19/07/2022 10:00,48.02
19/07/2022 11:00,45.98
19/07/2022 12:00,43.1
19/07/2022 13:00,40.81
19/07/2022 14:00,42.48
19/07/2022 15:00,44.78
19/07/2022 16:00,47.32
19/07/2022 17:00,45.04
19/07/2022 18:00,34.72
19/07/2022 19:00,20.13
19/07/2022 20:00,14.25
19/07/2022 21:00,13.54
19/07/2022 22:00,12.93
19/07/2022 23:00,13.34
20/07/2022 00:00,
20/07/2022 01:00,12.29
20/07/2022 02:00,12.1
20/07/2022 03:00,10.32
20/07/2022 04:00,9.89
20/07/2022 05:00,9.66
20/07/2022 06:00,9.27
20/07/2022 07:00,8.76
20/07/2022 08:00,7.05
20/07/2022 09:00,13.33
20/07/2022 10:00,34.08
20/07/2022 11:00,31.21
20/07/2022 12:00,30.43
20/07/2022 13:00,25.75
20/07/2022 14:00,27.62
20/07/2022 15:00,29.45
20/07/2022 16:00,40.89
20/07/2022 17:00,38.19
20/07/2022 18:00,25.99
20/07/2022 19:00,18.36
20/07/2022 20:00,13.07
20/07/2022 21:00,12.52
20/07/2022 22:00,
20/07/2022 23:00,12.12
21/07/2022 00:00,
21/07/2022 01:00,10.44
21/07/2022 02:00,10.2
21/07/2022 03:00,10.54
21/07/2022 04:00,10.51
21/07/2022 05:00,9.28
21/07/2022 06:00,9.08
21/07/2022 07:00,9.45
21/07/2022 08:00,8.39
21/07/2022 09:00,11.57
21/07/2022 10:00,34.7
21/07/2022 11:00,35.67
21/07/2022 12:00,46.49
21/07/2022 13:00,34.51
21/07/2022 14:00,41.44
21/07/2022 15:00,37.28
21/07/2022 16:00,39.47
21/07/2022 17:00,37.66
21/07/2022 18:00,32.14
21/07/2022 19:00,19.07
21/07/2022 20:00,10.11
21/07/2022 21:00,9.96
21/07/2022 22:00,10.98
21/07/2022 23:00,11.35
22/07/2022 00:00,
22/07/2022 01:00,9.75
22/07/2022 02:00,9.01
22/07/2022 03:00,8.63
22/07/2022 04:00,8.7
22/07/2022 05:00,8.5
22/07/2022 06:00,8.58
22/07/2022 07:00,7.62
22/07/2022 08:00,5.27
22/07/2022 09:00,10.51
22/07/2022 10:00,29.39
22/07/2022 11:00,
22/07/2022 12:00,19.33
22/07/2022 13:00,26.54
22/07/2022 14:00,22
22/07/2022 15:00,29.64
22/07/2022 16:00,23.46
22/07/2022 17:00,18.83
22/07/2022 18:00,11.14
22/07/2022 19:00,8.96
22/07/2022 20:00,8.99
22/07/2022 21:00,8.72
22/07/2022 22:00,9.69
22/07/2022 23:00,9.53
23/07/2022 00:00,
23/07/2022 01:00,8.89
23/07/2022 02:00,8.59
23/07/2022 03:00,8.83
23/07/2022 04:00,8.65
23/07/2022 05:00,
23/07/2022 06:00,8.55
23/07/2022 07:00,7.39
23/07/2022 08:00,4.64
23/07/2022 09:00,1.47
23/07/2022 10:00,0.88
23/07/2022 11:00,1.79
23/07/2022 12:00,4.08
23/07/2022 13:00,4.08
23/07/2022 14:00,9.67
23/07/2022 15:00,10.31
23/07/2022 16:00,6.28
23/07/2022 17:00,1.05
23/07/2022 18:00,7.33
23/07/2022 19:00,10.66
23/07/2022 20:00,11.07
23/07/2022 21:00,10.47
23/07/2022 22:00,10.74
23/07/2022 23:00,10.26
24/07/2022 00:00,
24/07/2022 01:00,9.75
24/07/2022 02:00,9.72
24/07/2022 03:00,9.64
24/07/2022 04:00,9.15
24/07/2022 05:00,9.35
24/07/2022 06:00,8.81
24/07/2022 07:00,7.15
24/07/2022 08:00,4.82
24/07/2022 09:00,0.89
24/07/2022 10:00,0.76
24/07/2022 11:00,0.86
24/07/2022 12:00,1.44
24/07/2022 13:00,0
24/07/2022 14:00,0
24/07/2022 15:00,0
24/07/2022 16:00,4.23
24/07/2022 17:00,5.13
24/07/2022 18:00,10.09
24/07/2022 19:00,12.3
24/07/2022 20:00,13.36
24/07/2022 21:00,11.8
24/07/2022 22:00,11.79
24/07/2022 23:00,12.02
25/07/2022 00:00,
25/07/2022 01:00,11.64
25/07/2022 02:00,10.44
25/07/2022 03:00,9.47
25/07/2022 04:00,9.21
25/07/2022 05:00,9.13
25/07/2022 06:00,9.06
25/07/2022 07:00,7.3
25/07/2022 08:00,2.95
25/07/2022 09:00,3.39
25/07/2022 10:00,17.82
25/07/2022 11:00,15.67
25/07/2022 12:00,12.4
25/07/2022 13:00,18.41
25/07/2022 14:00,22.02
25/07/2022 15:00,20.35
25/07/2022 16:00,30.93
25/07/2022 17:00,29.56
25/07/2022 18:00,13.2
25/07/2022 19:00,10.42
25/07/2022 20:00,10.22
25/07/2022 21:00,10.44
25/07/2022 22:00,
25/07/2022 23:00,10.13
26/07/2022 00:00,
26/07/2022 01:00,9.36
26/07/2022 02:00,9.34
26/07/2022 03:00,9.24
26/07/2022 04:00,9.17
26/07/2022 05:00,9.22
26/07/2022 06:00,
26/07/2022 07:00,7.41
26/07/2022 08:00,4.65
26/07/2022 09:00,4.44
26/07/2022 10:00,15.62
26/07/2022 11:00,12.38
26/07/2022 12:00,16.36
26/07/2022 13:00,23.58
26/07/2022 14:00,17.92
26/07/2022 15:00,34.97
26/07/2022 16:00,35.37
26/07/2022 17:00,33.94
26/07/2022 18:00,28.77
26/07/2022 19:00,16.28
26/07/2022 20:00,12.22
26/07/2022 21:00,11.09
26/07/2022 22:00,10.91
26/07/2022 23:00,11.1
27/07/2022 00:00,
27/07/2022 01:00,10.75
27/07/2022 02:00,10.66
27/07/2022 03:00,10.92
27/07/2022 04:00,10.97
27/07/2022 05:00,10.31
27/07/2022 06:00,9.63
27/07/2022 07:00,8.06
27/07/2022 08:00,4.89
27/07/2022 09:00,4.62
27/07/2022 10:00,28.57
27/07/2022 11:00,22.11
27/07/2022 12:00,18.42
27/07/2022 13:00,16.45
27/07/2022 14:00,16.45
27/07/2022 15:00,19.72
27/07/2022 16:00,23.32
27/07/2022 17:00,33.65
27/07/2022 18:00,25.66
27/07/2022 19:00,17.98
27/07/2022 20:00,15.19
27/07/2022 21:00,12.33
27/07/2022 22:00,
27/07/2022 23:00,11.9
28/07/2022 00:00,
28/07/2022 01:00,10.76
28/07/2022 02:00,11.18
28/07/2022 03:00,9.95
28/07/2022 04:00,9.72
28/07/2022 05:00,10.64
28/07/2022 06:00,
28/07/2022 07:00,7.3
28/07/2022 08:00,2.41
28/07/2022 09:00,0.03
28/07/2022 10:00,0.09
28/07/2022 11:00,0.64
28/07/2022 12:00,4.31
28/07/2022 13:00,2.91
28/07/2022 14:00,1.63
28/07/2022 15:00,0.32
28/07/2022 16:00,2.25
28/07/2022 17:00,4.63
28/07/2022 18:00,12.73
28/07/2022 19:00,14.25
28/07/2022 20:00,14.71
28/07/2022 21:00,14.67
28/07/2022 22:00,12.61
28/07/2022 23:00,12
29/07/2022 00:00,
29/07/2022 01:00,11.17
29/07/2022 02:00,11.05
29/07/2022 03:00,10.64
29/07/2022 04:00,10.42
29/07/2022 05:00,9.82
29/07/2022 06:00,9.56
29/07/2022 07:00,7.37
29/07/2022 08:00,3.74
29/07/2022 09:00,0.9
29/07/2022 10:00,2.15
29/07/2022 11:00,3.31
29/07/2022 12:00,5.23
29/07/2022 13:00,5.89
29/07/2022 14:00,2.33
29/07/2022 15:00,3.42
29/07/2022 16:00,3.75
29/07/2022 17:00,4.55
29/07/2022 18:00,10.7
29/07/2022 19:00,14.6
29/07/2022 20:00,15.07
29/07/2022 21:00,13.08
29/07/2022 22:00,12.66
29/07/2022 23:00,12.14
30/07/2022 00:00,
30/07/2022 01:00,11.68
30/07/2022 02:00,11.46
30/07/2022 03:00,10.2
30/07/2022 04:00,9.81
30/07/2022 05:00,11.07
30/07/2022 06:00,10.68
30/07/2022 07:00,8.36
30/07/2022 08:00,4.03
30/07/2022 09:00,0.57
30/07/2022 10:00,0.28
30/07/2022 11:00,0.34
30/07/2022 12:00,0.27
30/07/2022 13:00,0.39
30/07/2022 14:00,0.25
30/07/2022 15:00,0.87
30/07/2022 16:00,4.94
30/07/2022 17:00,12.39
30/07/2022 18:00,11.31
30/07/2022 19:00,13.11
30/07/2022 20:00,11.28
30/07/2022 21:00,9.94
30/07/2022 22:00,9.91
30/07/2022 23:00,10.56
31/07/2022 00:00,
31/07/2022 01:00,10.07
31/07/2022 02:00,10.65
31/07/2022 03:00,9.49
31/07/2022 04:00,9.26
31/07/2022 05:00,9.02
31/07/2022 06:00,9.28
31/07/2022 07:00,7.73
31/07/2022 08:00,6.82
31/07/2022 09:00,3.5
31/07/2022 10:00,1.42
31/07/2022 11:00,0.12
31/07/2022 12:00,0.1
31/07/2022 13:00,0
31/07/2022 14:00,0.28
31/07/2022 15:00,1.11
31/07/2022 16:00,1.72
31/07/2022 17:00,4.18
31/07/2022 18:00,7.61
31/07/2022 19:00,11.5
31/07/2022 20:00,10.83
31/07/2022 21:00,10.16
31/07/2022 22:00,9.9
31/07/2022 23:00,9.71
01/08/2022 00:00,
01/08/2022 01:00,9.62
01/08/2022 02:00,10.53
01/08/2022 03:00,10.19
01/08/2022 04:00,9.23
01/08/2022 05:00,8.49
01/08/2022 06:00,8.31
01/08/2022 07:00,7.56
01/08/2022 08:00,4.6
01/08/2022 09:00,11.12
01/08/2022 10:00,29.63
01/08/2022 11:00,29.56
01/08/2022 12:00,31
01/08/2022 13:00,33.33
01/08/2022 14:00,31.78
01/08/2022 15:00,45.17
01/08/2022 16:00,44.03
01/08/2022 17:00,44.63
01/08/2022 18:00,29.32
01/08/2022 19:00,24.97
01/08/2022 20:00,12.22
01/08/2022 21:00,10.05
01/08/2022 22:00,
01/08/2022 23:00,9.72
02/08/2022 00:00,
02/08/2022 01:00,9.96
02/08/2022 02:00,9.63
02/08/2022 03:00,8.61
02/08/2022 04:00,9.58
02/08/2022 05:00,9.39
02/08/2022 06:00,9.39
02/08/2022 07:00,7.26
02/08/2022 08:00,5.16
02/08/2022 09:00,15.33
02/08/2022 10:00,30.01
02/08/2022 11:00,25.94
02/08/2022 12:00,22.45
02/08/2022 13:00,25.11
02/08/2022 14:00,39.96
02/08/2022 15:00,42.15
02/08/2022 16:00,45.14
02/08/2022 17:00,42.49
02/08/2022 18:00,22.89
02/08/2022 19:00,15.75
02/08/2022 20:00,14.94
02/08/2022 21:00,13.78
02/08/2022 22:00,11.76
02/08/2022 23:00,11.07
03/08/2022 00:00,
03/08/2022 01:00,9.53
03/08/2022 02:00,9.38
03/08/2022 03:00,8.89
03/08/2022 04:00,8.81
03/08/2022 05:00,8.64
03/08/2022 06:00,8.36
03/08/2022 07:00,7.83
03/08/2022 08:00,3.09
03/08/2022 09:00,19.2
03/08/2022 10:00,32.29
03/08/2022 11:00,35.53
03/08/2022 12:00,30.23
03/08/2022 13:00,30.69
03/08/2022 14:00,32.91
03/08/2022 15:00,40.1
03/08/2022 16:00,34.88
03/08/2022 17:00,37.59
03/08/2022 18:00,22.6
03/08/2022 19:00,13.29
03/08/2022 20:00,11.66
03/08/2022 21:00,10.47
03/08/2022 22:00,
03/08/2022 23:00,12.78
04/08/2022 00:00,
04/08/2022 01:00,11.55
04/08/2022 02:00,9.9
04/08/2022 03:00,9.41
04/08/2022 04:00,9.34
04/08/2022 05:00,9.28
04/08/2022 06:00,9.1
04/08/2022 07:00,7.51
04/08/2022 08:00,4.85
04/08/2022 09:00,23.64
04/08/2022 10:00,37.72
04/08/2022 11:00,35.98
04/08/2022 12:00,36.33
04/08/2022 13:00,36.48
04/08/2022 14:00,38.47
04/08/2022 15:00,19.8
04/08/2022 16:00,25.86
04/08/2022 17:00,28.55
04/08/2022 18:00,12.54
04/08/2022 19:00,14.06
04/08/2022 20:00,12.63
04/08/2022 21:00,8.94
04/08/2022 22:00,9.68
04/08/2022 23:00,10.94
05/08/2022 00:00,
05/08/2022 01:00,9.03
05/08/2022 02:00,8.81
05/08/2022 03:00,9.27
05/08/2022 04:00,8.96
05/08/2022 05:00,8.66
05/08/2022 06:00,8.78
05/08/2022 07:00,6.58
05/08/2022 08:00,2.39
05/08/2022 09:00,17.89
05/08/2022 10:00,39.74
05/08/2022 11:00,39.35
05/08/2022 12:00,23.13
05/08/2022 13:00,33.55
05/08/2022 14:00,45.14
05/08/2022 15:00,46.93
05/08/2022 16:00,43.08
05/08/2022 17:00,38.63
05/08/2022 18:00,14.39
05/08/2022 19:00,13.23
05/08/2022 20:00,12.97
05/08/2022 21:00,10.27
05/08/2022 22:00,10.03
05/08/2022 23:00,9.98
06/08/2022 00:00,
06/08/2022 01:00,9.98
06/08/2022 02:00,9.97
06/08/2022 03:00,9.23
06/08/2022 04:00,9.32
06/08/2022 05:00,8.59
06/08/2022 06:00,8.28
06/08/2022 07:00,6.52
06/08/2022 08:00,1.54
06/08/2022 09:00,0
06/08/2022 10:00,0.13
06/08/2022 11:00,7.47
06/08/2022 12:00,6.81
06/08/2022 13:00,7.89
06/08/2022 14:00,6.41
06/08/2022 15:00,4.9
06/08/2022 16:00,11
06/08/2022 17:00,3.58
06/08/2022 18:00,6.02
06/08/2022 19:00,10.26
06/08/2022 20:00,11.13
06/08/2022 21:00,11.95
06/08/2022 22:00,10.67
06/08/2022 23:00,10.32
07/08/2022 00:00,
07/08/2022 01:00,8.59
07/08/2022 02:00,8.52
07/08/2022 03:00,8.2
07/08/2022 04:00,8.02
07/08/2022 05:00,8.2
07/08/2022 06:00,7.94
07/08/2022 07:00,6.83
07/08/2022 08:00,3.43
07/08/2022 09:00,0.47
07/08/2022 10:00,0.02
07/08/2022 11:00,0.06
07/08/2022 12:00,0.08
07/08/2022 13:00,0.19
07/08/2022 14:00,2.95
07/08/2022 15:00,3.59
07/08/2022 16:00,2.96
07/08/2022 17:00,3.51
07/08/2022 18:00,7.67
07/08/2022 19:00,10.39
07/08/2022 20:00,10.38
07/08/2022 21:00,9.41
07/08/2022 22:00,9.89
07/08/2022 23:00,9.95
08/08/2022 00:00,
08/08/2022 01:00,9.97
08/08/2022 02:00,8.69
08/08/2022 03:00,8.55
08/08/2022 04:00,8.47
08/08/2022 05:00,8.45
08/08/2022 06:00,8.33
08/08/2022 07:00,9.09
08/08/2022 08:00,8.13
08/08/2022 09:00,21.18
08/08/2022 10:00,33.89
08/08/2022 11:00,30.88
08/08/2022 12:00,23.22
08/08/2022 13:00,19.95
08/08/2022 14:00,23.55
08/08/2022 15:00,24.28
08/08/2022 16:00,30.17
08/08/2022 17:00,32.11
08/08/2022 18:00,26.11
08/08/2022 19:00,16.95
08/08/2022 20:00,9.35
08/08/2022 21:00,8.92
08/08/2022 22:00,
08/08/2022 23:00,8.91
09/08/2022 00:00,
09/08/2022 01:00,8.59
09/08/2022 02:00,8.43
09/08/2022 03:00,8.29
09/08/2022 04:00,8.16
09/08/2022 05:00,8.14
09/08/2022 06:00,7.61
09/08/2022 07:00,6.11
09/08/2022 08:00,2.92
09/08/2022 09:00,10.39
09/08/2022 10:00,26.09
09/08/2022 11:00,25.97
09/08/2022 12:00,24.88
09/08/2022 13:00,21.53
09/08/2022 14:00,29.78
09/08/2022 15:00,27.14
09/08/2022 16:00,33.35
09/08/2022 17:00,36.14
09/08/2022 18:00,18.92
09/08/2022 19:00,13.62
09/08/2022 20:00,12.25
09/08/2022 21:00,10.6
09/08/2022 22:00,8.5
09/08/2022 23:00,9.28
10/08/2022 00:00,
10/08/2022 01:00,9.37
10/08/2022 02:00,9.3
10/08/2022 03:00,8.89
10/08/2022 04:00,8
10/08/2022 05:00,8.12
10/08/2022 06:00,7.83
10/08/2022 07:00,6.38
10/08/2022 08:00,3.5
10/08/2022 09:00,11.51
10/08/2022 10:00,30.58
10/08/2022 11:00,26.69
10/08/2022 12:00,
10/08/2022 13:00,18.24
10/08/2022 14:00,24.86
10/08/2022 15:00,31.62
10/08/2022 16:00,30.25
10/08/2022 17:00,
10/08/2022 18:00,16.58
10/08/2022 19:00,12.27
10/08/2022 20:00,11.33
10/08/2022 21:00,10.6
10/08/2022 22:00,
10/08/2022 23:00,9.11
11/08/2022 00:00,
11/08/2022 01:00,8.78
11/08/2022 02:00,8.97
11/08/2022 03:00,9.83
11/08/2022 04:00,
11/08/2022 05:00,8.36
11/08/2022 06:00,7.72
11/08/2022 07:00,6.26
11/08/2022 08:00,2.66
11/08/2022 09:00,23.3
11/08/2022 10:00,35.79
11/08/2022 11:00,30.44
11/08/2022 12:00,
11/08/2022 13:00,32.47
11/08/2022 14:00,49.53
11/08/2022 15:00,56.32
11/08/2022 16:00,42.8
11/08/2022 17:00,48.72
11/08/2022 18:00,30.47
11/08/2022 19:00,
11/08/2022 20:00,
11/08/2022 21:00,
11/08/2022 22:00,
11/08/2022 23:00,
12/08/2022 00:00,
12/08/2022 01:00,
12/08/2022 02:00,
12/08/2022 03:00,
12/08/2022 04:00,
12/08/2022 05:00,
12/08/2022 06:00,
12/08/2022 07:00,
12/08/2022 08:00,
12/08/2022 09:00,
12/08/2022 10:00,
12/08/2022 11:00,
12/08/2022 12:00,
12/08/2022 13:00,
12/08/2022 14:00,
12/08/2022 15:00,
12/08/2022 16:00,
12/08/2022 17:00,
12/08/2022 18:00,
12/08/2022 19:00,
12/08/2022 20:00,
12/08/2022 21:00,
12/08/2022 22:00,
12/08/2022 23:00,
13/08/2022 00:00,
13/08/2022 01:00,
13/08/2022 02:00,
13/08/2022 03:00,
13/08/2022 04:00,
13/08/2022 05:00,
13/08/2022 06:00,
13/08/2022 07:00,
13/08/2022 08:00,
13/08/2022 09:00,
13/08/2022 10:00,
13/08/2022 11:00,
13/08/2022 12:00,
13/08/2022 13:00,
13/08/2022 14:00,
13/08/2022 15:00,
13/08/2022 16:00,
13/08/2022 17:00,
13/08/2022 18:00,
13/08/2022 19:00,
13/08/2022 20:00,
13/08/2022 21:00,
13/08/2022 22:00,
13/08/2022 23:00,
14/08/2022 00:00,
14/08/2022 01:00,
14/08/2022 02:00,
14/08/2022 03:00,
14/08/2022 04:00,
14/08/2022 05:00,
14/08/2022 06:00,
14/08/2022 07:00,
14/08/2022 08:00,
14/08/2022 09:00,
14/08/2022 10:00,
14/08/2022 11:00,
14/08/2022 12:00,
14/08/2022 13:00,
14/08/2022 14:00,
14/08/2022 15:00,
14/08/2022 16:00,
14/08/2022 17:00,
14/08/2022 18:00,
14/08/2022 19:00,
14/08/2022 20:00,
14/08/2022 21:00,
14/08/2022 22:00,
14/08/2022 23:00,
15/08/2022 00:00,
15/08/2022 01:00,
15/08/2022 02:00,
15/08/2022 03:00,
15/08/2022 04:00,
15/08/2022 05:00,
15/08/2022 06:00,
15/08/2022 07:00,
15/08/2022 08:00,
15/08/2022 09:00,
15/08/2022 10:00,
15/08/2022 11:00,
15/08/2022 12:00,
15/08/2022 13:00,
15/08/2022 14:00,
15/08/2022 15:00,
15/08/2022 16:00,
15/08/2022 17:00,
15/08/2022 18:00,
15/08/2022 19:00,
15/08/2022 20:00,
15/08/2022 21:00,
15/08/2022 22:00,
15/08/2022 23:00,
16/08/2022 00:00,
16/08/2022 01:00,
16/08/2022 02:00,
16/08/2022 03:00,
16/08/2022 04:00,
16/08/2022 05:00,
16/08/2022 06:00,
16/08/2022 07:00,
16/08/2022 08:00,
16/08/2022 09:00,
16/08/2022 10:00,
16/08/2022 11:00,
16/08/2022 12:00,
16/08/2022 13:00,
16/08/2022 14:00,
16/08/2022 15:00,
16/08/2022 16:00,
16/08/2022 17:00,
16/08/2022 18:00,
16/08/2022 19:00,
16/08/2022 20:00,
16/08/2022 21:00,
16/08/2022 22:00,
16/08/2022 23:00,
17/08/2022 00:00,
17/08/2022 01:00,
17/08/2022 02:00,
17/08/2022 03:00,
17/08/2022 04:00,
17/08/2022 05:00,
17/08/2022 06:00,
17/08/2022 07:00,
17/08/2022 08:00,
17/08/2022 09:00,
17/08/2022 10:00,6.4
17/08/2022 11:00,22.27
17/08/2022 12:00,20.61
17/08/2022 13:00,25.59
17/08/2022 14:00,36.75
17/08/2022 15:00,
17/08/2022 16:00,44.08
17/08/2022 17:00,
17/08/2022 18:00,
17/08/2022 19:00,13.13
17/08/2022 20:00,
17/08/2022 21:00,8.26
17/08/2022 22:00,
17/08/2022 23:00,
18/08/2022 00:00,
18/08/2022 01:00,9.24
18/08/2022 02:00,8.23
18/08/2022 03:00,8.11
18/08/2022 04:00,8.19
18/08/2022 05:00,7.98
18/08/2022 06:00,7.16
18/08/2022 07:00,6.04
18/08/2022 08:00,
18/08/2022 09:00,18.69
18/08/2022 10:00,31.64
18/08/2022 11:00,29.45
18/08/2022 12:00,27.47
18/08/2022 13:00,31.88
18/08/2022 14:00,26.86
18/08/2022 15:00,22.04
18/08/2022 16:00,18.69
18/08/2022 17:00,23.78
18/08/2022 18:00,24.66
18/08/2022 19:00,15.22
18/08/2022 20:00,10.95
18/08/2022 21:00,9
18/08/2022 22:00,8.63
18/08/2022 23:00,10.53
19/08/2022 00:00,
19/08/2022 01:00,9.09
19/08/2022 02:00,8.82
19/08/2022 03:00,8.68
19/08/2022 04:00,8.9
19/08/2022 05:00,8.81
19/08/2022 06:00,8.17
19/08/2022 07:00,7.39
19/08/2022 08:00,6.34
19/08/2022 09:00,
19/08/2022 10:00,29.24
19/08/2022 11:00,19.28
19/08/2022 12:00,20.33
19/08/2022 13:00,27.96
19/08/2022 14:00,31.13
19/08/2022 15:00,35.06
19/08/2022 16:00,40.11
19/08/2022 17:00,
19/08/2022 18:00,21.4
19/08/2022 19:00,11.02
19/08/2022 20:00,10.66
19/08/2022 21:00,10.32
19/08/2022 22:00,
19/08/2022 23:00,11.18
20/08/2022 00:00,
20/08/2022 01:00,8.89
20/08/2022 02:00,9.08
20/08/2022 03:00,
20/08/2022 04:00,9.72
20/08/2022 05:00,
20/08/2022 06:00,7.81
20/08/2022 07:00,7.05
20/08/2022 08:00,3.67
20/08/2022 09:00,1.75
20/08/2022 10:00,2.75
20/08/2022 11:00,3.33
20/08/2022 12:00,
20/08/2022 13:00,
20/08/2022 14:00,9.66
20/08/2022 15:00,7.56
20/08/2022 16:00,0.74
20/08/2022 17:00,3.03
20/08/2022 18:00,8.33
20/08/2022 19:00,10.21
20/08/2022 20:00,
20/08/2022 21:00,
20/08/2022 22:00,10.36
20/08/2022 23:00,
21/08/2022 00:00,
21/08/2022 01:00,9.61
21/08/2022 02:00,9.47
21/08/2022 03:00,8.35
21/08/2022 04:00,8.45
21/08/2022 05:00,8.3
21/08/2022 06:00,
21/08/2022 07:00,7.12
21/08/2022 08:00,
21/08/2022 09:00,
21/08/2022 10:00,1.47
21/08/2022 11:00,2.73
21/08/2022 12:00,0.19
21/08/2022 13:00,1.52
21/08/2022 14:00,1.93
21/08/2022 15:00,1.24
21/08/2022 16:00,0.81
21/08/2022 17:00,4.72
21/08/2022 18:00,7.41
21/08/2022 19:00,9.45
21/08/2022 20:00,10.11
21/08/2022 21:00,9.33
21/08/2022 22:00,9.17
21/08/2022 23:00,9.75
22/08/2022 00:00,
22/08/2022 01:00,10
22/08/2022 02:00,9.89
22/08/2022 03:00,8.61
22/08/2022 04:00,8.66
22/08/2022 05:00,8.7
22/08/2022 06:00,7.66
22/08/2022 07:00,6.56
22/08/2022 08:00,4.5
22/08/2022 09:00,11.14
22/08/2022 10:00,
22/08/2022 11:00,20.86
22/08/2022 12:00,
22/08/2022 13:00,24.66
22/08/2022 14:00,22.28
22/08/2022 15:00,20.66
22/08/2022 16:00,31.39
22/08/2022 17:00,34.53
22/08/2022 18:00,29.19
22/08/2022 19:00,12.36
22/08/2022 20:00,
22/08/2022 21:00,9.14
22/08/2022 22:00,8.92
22/08/2022 23:00,8.89
23/08/2022 00:00,
23/08/2022 01:00,
23/08/2022 02:00,8.97
23/08/2022 03:00,8.65
23/08/2022 04:00,8.74
23/08/2022 05:00,8.81
23/08/2022 06:00,7.64
23/08/2022 07:00,6.97
23/08/2022 08:00,4.72
23/08/2022 09:00,17.12
23/08/2022 10:00,23.13
23/08/2022 11:00,
23/08/2022 12:00,23.45
23/08/2022 13:00,41.06
23/08/2022 14:00,29.32
23/08/2022 15:00,28
23/08/2022 16:00,36.79
23/08/2022 17:00,43.57
23/08/2022 18:00,34.86
23/08/2022 19:00,
23/08/2022 20:00,17.73
23/08/2022 21:00,11.25
23/08/2022 22:00,10.47
23/08/2022 23:00,10.24
24/08/2022 00:00,
24/08/2022 01:00,10.1
24/08/2022 02:00,9.93
24/08/2022 03:00,9.19
24/08/2022 04:00,8.69
24/08/2022 05:00,8.98
24/08/2022 06:00,8.35
24/08/2022 07:00,
24/08/2022 08:00,5.36
24/08/2022 09:00,
24/08/2022 10:00,26.27
24/08/2022 11:00,28.86
24/08/2022 12:00,29.65
24/08/2022 13:00,31.77
24/08/2022 14:00,38.19
24/08/2022 15:00,
24/08/2022 16:00,25.79
24/08/2022 17:00,36.55
24/08/2022 18:00,27.45
24/08/2022 19:00,14.41
24/08/2022 20:00,11.47
24/08/2022 21:00,10.89
24/08/2022 22:00,
24/08/2022 23:00,9.92
25/08/2022 00:00,
25/08/2022 01:00,9.5
25/08/2022 02:00,9.62
25/08/2022 03:00,8.7
25/08/2022 04:00,8.49
25/08/2022 05:00,8.48
25/08/2022 06:00,7.77
25/08/2022 07:00,
25/08/2022 08:00,6.34
25/08/2022 09:00,
25/08/2022 10:00,
25/08/2022 11:00,
25/08/2022 12:00,17.22
25/08/2022 13:00,
25/08/2022 14:00,17.2
25/08/2022 15:00,
25/08/2022 16:00,30.63
25/08/2022 17:00,30.7
25/08/2022 18:00,23.72
25/08/2022 19:00,21.53
25/08/2022 20:00,10.14
25/08/2022 21:00,9.38
25/08/2022 22:00,
25/08/2022 23:00,8.36
26/08/2022 00:00,
26/08/2022 01:00,10
26/08/2022 02:00,9.94
26/08/2022 03:00,8.7
26/08/2022 04:00,
26/08/2022 05:00,
26/08/2022 06:00,7.72
26/08/2022 07:00,7.39
26/08/2022 08:00,17.27
26/08/2022 09:00,29.43
26/08/2022 10:00,40.21
26/08/2022 11:00,36.08
26/08/2022 12:00,
26/08/2022 13:00,
26/08/2022 14:00,22.91
26/08/2022 15:00,24.8
26/08/2022 16:00,26.28
26/08/2022 17:00,22.19
26/08/2022 18:00,15.43
26/08/2022 19:00,10.02
26/08/2022 20:00,9.55
26/08/2022 21:00,9.12
26/08/2022 22:00,8.86
26/08/2022 23:00,9.27
27/08/2022 00:00,
27/08/2022 01:00,9.7
27/08/2022 02:00,9.69
27/08/2022 03:00,8.6
27/08/2022 04:00,8.17
27/08/2022 05:00,8.67
27/08/2022 06:00,7.42
27/08/2022 07:00,5.97
27/08/2022 08:00,4.44
27/08/2022 09:00,2.65
27/08/2022 10:00,0.72
27/08/2022 11:00,0.78
27/08/2022 12:00,0.13
27/08/2022 13:00,3
27/08/2022 14:00,0.61
27/08/2022 15:00,1.95
27/08/2022 16:00,0.35
27/08/2022 17:00,0.68
27/08/2022 18:00,7.47
27/08/2022 19:00,9.72
27/08/2022 20:00,9.86
27/08/2022 21:00,9.5
27/08/2022 22:00,9.17
27/08/2022 23:00,9.42
28/08/2022 00:00,
28/08/2022 01:00,8.89
28/08/2022 02:00,8.89
28/08/2022 03:00,8.75
28/08/2022 04:00,8.68
28/08/2022 05:00,8.82
28/08/2022 06:00,6.88
28/08/2022 07:00,5.61
28/08/2022 08:00,1.78
28/08/2022 09:00,0
28/08/2022 10:00,0
28/08/2022 11:00,0.36
28/08/2022 12:00,0
28/08/2022 13:00,0.33
28/08/2022 14:00,0.03
28/08/2022 15:00,4.17
28/08/2022 16:00,18.61
28/08/2022 17:00,15.23
28/08/2022 18:00,10.58
28/08/2022 19:00,10.27
28/08/2022 20:00,10.09
28/08/2022 21:00,9.33
28/08/2022 22:00,8.77
28/08/2022 23:00,9
29/08/2022 00:00,
29/08/2022 01:00,8.83
29/08/2022 02:00,9.09
29/08/2022 03:00,8.61
29/08/2022 04:00,8.78
29/08/2022 05:00,8.63
29/08/2022 06:00,8.05
29/08/2022 07:00,
29/08/2022 08:00,7.86
29/08/2022 09:00,14.09
29/08/2022 10:00,31.52
29/08/2022 11:00,32.76
29/08/2022 12:00,40.06
29/08/2022 13:00,46.38
29/08/2022 14:00,54.19
29/08/2022 15:00,37.61
29/08/2022 16:00,35.75
29/08/2022 17:00,26.09
29/08/2022 18:00,21.97
29/08/2022 19:00,16.33
29/08/2022 20:00,9.87
29/08/2022 21:00,8.91
29/08/2022 22:00,9.08
29/08/2022 23:00,9.62
30/08/2022 00:00,
30/08/2022 01:00,9.37
30/08/2022 02:00,8.38
30/08/2022 03:00,8.4
30/08/2022 04:00,8.58
30/08/2022 05:00,8.52
30/08/2022 06:00,7.75
30/08/2022 07:00,6.67
30/08/2022 08:00,9.51
30/08/2022 09:00,25.83
30/08/2022 10:00,33.17
30/08/2022 11:00,37.77
30/08/2022 12:00,36.12
30/08/2022 13:00,34.19
30/08/2022 14:00,31.28
30/08/2022 15:00,36.19
30/08/2022 16:00,43.19
30/08/2022 17:00,38.44
30/08/2022 18:00,21.09
30/08/2022 19:00,15.36
30/08/2022 20:00,10.23
30/08/2022 21:00,9.44
30/08/2022 22:00,11.34
30/08/2022 23:00,11
31/08/2022 00:00,
31/08/2022 01:00,10.34
31/08/2022 02:00,8.88
31/08/2022 03:00,8.56
31/08/2022 04:00,8.75
31/08/2022 05:00,8.81
31/08/2022 06:00,7.44
31/08/2022 07:00,6.46
31/08/2022 08:00,5.26
31/08/2022 09:00,20.86
31/08/2022 10:00,33.52
31/08/2022 11:00,23.57
31/08/2022 12:00,26.08
31/08/2022 13:00,26.74
31/08/2022 14:00,30.64
31/08/2022 15:00,31.26
31/08/2022 16:00,33.38
31/08/2022 17:00,22.78
31/08/2022 18:00,10.86
31/08/2022 19:00,11.48
31/08/2022 20:00,11.75
31/08/2022 21:00,11.32
31/08/2022 22:00,
31/08/2022 23:00,10.64
01/09/2022 00:00,
01/09/2022 01:00,9.15
01/09/2022 02:00,9.03
01/09/2022 03:00,9.05
01/09/2022 04:00,8.84
01/09/2022 05:00,8.71
01/09/2022 06:00,8.03
01/09/2022 07:00,7.53
01/09/2022 08:00,5.34
01/09/2022 09:00,17.44
01/09/2022 10:00,26.08
01/09/2022 11:00,14.61
01/09/2022 12:00,
01/09/2022 13:00,14.11
01/09/2022 14:00,26.55
01/09/2022 15:00,36.75
01/09/2022 16:00,31.36
01/09/2022 17:00,36.23
01/09/2022 18:00,26.52
01/09/2022 19:00,16.98
01/09/2022 20:00,16.09
01/09/2022 21:00,14.49
01/09/2022 22:00,13.83
01/09/2022 23:00,12.79
02/09/2022 00:00,
02/09/2022 01:00,9.57
02/09/2022 02:00,8.96
02/09/2022 03:00,8.92
02/09/2022 04:00,8.66
02/09/2022 05:00,8.84
02/09/2022 06:00,
02/09/2022 07:00,7.31
02/09/2022 08:00,4.46
02/09/2022 09:00,14.04
02/09/2022 10:00,26.47
02/09/2022 11:00,22.47
02/09/2022 12:00,19.61
02/09/2022 13:00,20.28
02/09/2022 14:00,42.36
02/09/2022 15:00,37.06
02/09/2022 16:00,37.72
02/09/2022 17:00,24.22
02/09/2022 18:00,
02/09/2022 19:00,10
02/09/2022 20:00,9.97
02/09/2022 21:00,9.86
02/09/2022 22:00,8.95
02/09/2022 23:00,8.45
03/09/2022 00:00,
03/09/2022 01:00,8.11
03/09/2022 02:00,8.26
03/09/2022 03:00,8.57
03/09/2022 04:00,8.06
03/09/2022 05:00,7.78
03/09/2022 06:00,7.22
03/09/2022 07:00,6.59
03/09/2022 08:00,3.89
03/09/2022 09:00,1.05
03/09/2022 10:00,0
03/09/2022 11:00,0.08
03/09/2022 12:00,0.12
03/09/2022 13:00,0.32
03/09/2022 14:00,1.31
03/09/2022 15:00,0.23
03/09/2022 16:00,0.78
03/09/2022 17:00,9.3
03/09/2022 18:00,16.16
03/09/2022 19:00,17.65
03/09/2022 20:00,18.1
03/09/2022 21:00,12.86
03/09/2022 22:00,11.71
03/09/2022 23:00,11.68
04/09/2022 00:00,
04/09/2022 01:00,9.18
04/09/2022 02:00,7.93
04/09/2022 03:00,7.55
04/09/2022 04:00,7.45
04/09/2022 05:00,7.25
04/09/2022 06:00,6.97
04/09/2022 07:00,5.14
04/09/2022 08:00,2.44
04/09/2022 09:00,0.41
04/09/2022 10:00,0.17
04/09/2022 11:00,0.44
04/09/2022 12:00,0
04/09/2022 13:00,0.42
04/09/2022 14:00,3.86
04/09/2022 15:00,6.04
04/09/2022 16:00,3.14
04/09/2022 17:00,10.39
04/09/2022 18:00,14.43
04/09/2022 19:00,13.81
04/09/2022 20:00,13.73
04/09/2022 21:00,12.99
04/09/2022 22:00,12.67
04/09/2022 23:00,12.25
05/09/2022 00:00,
05/09/2022 01:00,11.8
05/09/2022 02:00,8.54
05/09/2022 03:00,7.96
05/09/2022 04:00,7.78
05/09/2022 05:00,7.76
05/09/2022 06:00,7.19
05/09/2022 07:00,
05/09/2022 08:00,4.78
05/09/2022 09:00,8.22
05/09/2022 10:00,25.94
05/09/2022 11:00,21.76
05/09/2022 12:00,
05/09/2022 13:00,28.92
05/09/2022 14:00,41.36
05/09/2022 15:00,45.22
05/09/2022 16:00,56.45
05/09/2022 17:00,
05/09/2022 18:00,
05/09/2022 19:00,20.96
05/09/2022 20:00,12.31
05/09/2022 21:00,9.94
05/09/2022 22:00,10.45
05/09/2022 23:00,9.72
06/09/2022 00:00,
06/09/2022 01:00,9.26
06/09/2022 02:00,8.22
06/09/2022 03:00,7.93
06/09/2022 04:00,7.82
06/09/2022 05:00,7.82
06/09/2022 06:00,7.48
06/09/2022 07:00,5.7
06/09/2022 08:00,3.77
06/09/2022 09:00,24.76
06/09/2022 10:00,39.29
06/09/2022 11:00,36.07
06/09/2022 12:00,19.77
06/09/2022 13:00,29.84
06/09/2022 14:00,32.02
06/09/2022 15:00,37.16
06/09/2022 16:00,49.34
06/09/2022 17:00,33.75
06/09/2022 18:00,21.58
06/09/2022 19:00,18.43
06/09/2022 20:00,10.16
06/09/2022 21:00,9.89
06/09/2022 22:00,10.52
06/09/2022 23:00,10.84
07/09/2022 00:00,
07/09/2022 01:00,9.31
07/09/2022 02:00,8.05
07/09/2022 03:00,7.89
07/09/2022 04:00,8.03
07/09/2022 05:00,8.72
07/09/2022 06:00,6.24
07/09/2022 07:00,5.12
07/09/2022 08:00,2.16
07/09/2022 09:00,11.72
07/09/2022 10:00,27.57
07/09/2022 11:00,26.86
07/09/2022 12:00,25.75
07/09/2022 13:00,32.46
07/09/2022 14:00,44.06
07/09/2022 15:00,25.64
07/09/2022 16:00,29.95
07/09/2022 17:00,28.49
07/09/2022 18:00,27.79
07/09/2022 19:00,22.43
07/09/2022 20:00,9.98
07/09/2022 21:00,10.19
07/09/2022 22:00,
07/09/2022 23:00,10.76
08/09/2022 00:00,
08/09/2022 01:00,9.08
08/09/2022 02:00,8.83
08/09/2022 03:00,
08/09/2022 04:00,8.75
08/09/2022 05:00,8.61
08/09/2022 06:00,6.92
08/09/2022 07:00,6.67
08/09/2022 08:00,4.49
08/09/2022 09:00,23.32
08/09/2022 10:00,35.93
08/09/2022 11:00,28.14
08/09/2022 12:00,30.75
08/09/2022 13:00,33.32
08/09/2022 14:00,
08/09/2022 15:00,27.2
08/09/2022 16:00,25.67
08/09/2022 17:00,20
08/09/2022 18:00,15.58
08/09/2022 19:00,12.86
08/09/2022 20:00,10.02
08/09/2022 21:00,8.32
08/09/2022 22:00,7.93
08/09/2022 23:00,8.95
09/09/2022 00:00,
09/09/2022 01:00,8.9
09/09/2022 02:00,8.13
09/09/2022 03:00,7.64
09/09/2022 04:00,7.78
09/09/2022 05:00,7.72
09/09/2022 06:00,6.94
09/09/2022 07:00,6.53
09/09/2022 08:00,10.11
09/09/2022 09:00,11.2
09/09/2022 10:00,18.03
09/09/2022 11:00,18.81
09/09/2022 12:00,9.13
09/09/2022 13:00,11.45
09/09/2022 14:00,13
09/09/2022 15:00,27.5
09/09/2022 16:00,24.08
09/09/2022 17:00,20.8
09/09/2022 18:00,8.01
09/09/2022 19:00,7.49
09/09/2022 20:00,9.53
09/09/2022 21:00,9.25
09/09/2022 22:00,9.23
09/09/2022 23:00,9.24
10/09/2022 00:00,
10/09/2022 01:00,9
10/09/2022 02:00,8.18
10/09/2022 03:00,7.86
10/09/2022 04:00,7.93
10/09/2022 05:00,8.03
10/09/2022 06:00,6.98
10/09/2022 07:00,5.75
10/09/2022 08:00,3.35
10/09/2022 09:00,2.6
10/09/2022 10:00,0.04
10/09/2022 11:00,0.18
10/09/2022 12:00,0.08
10/09/2022 13:00,0
10/09/2022 14:00,0.33
10/09/2022 15:00,1.31
10/09/2022 16:00,2.28
10/09/2022 17:00,4.36
10/09/2022 18:00,6.22
10/09/2022 19:00,8.31
10/09/2022 20:00,9.35
10/09/2022 21:00,9.19
10/09/2022 22:00,8.03
10/09/2022 23:00,7.98
11/09/2022 00:00,
11/09/2022 01:00,9.14
11/09/2022 02:00,8.7
11/09/2022 03:00,9.08
11/09/2022 04:00,7.92
11/09/2022 05:00,7.77
11/09/2022 06:00,7.04
11/09/2022 07:00,5.64
11/09/2022 08:00,5.1
11/09/2022 09:00,3.59
11/09/2022 10:00,0
11/09/2022 11:00,0
11/09/2022 12:00,0.21
11/09/2022 13:00,1.45
11/09/2022 14:00,1.58
11/09/2022 15:00,0.01
11/09/2022 16:00,0.19
11/09/2022 17:00,4.92
11/09/2022 18:00,7.16
11/09/2022 19:00,7.9
11/09/2022 20:00,7.99
11/09/2022 21:00,8
11/09/2022 22:00,7.76
11/09/2022 23:00,8.97
12/09/2022 00:00,
12/09/2022 01:00,7.82
12/09/2022 02:00,7.71
12/09/2022 03:00,7.55
12/09/2022 04:00,7.56
12/09/2022 05:00,7.53
12/09/2022 06:00,7.15
12/09/2022 07:00,6.12
12/09/2022 08:00,6.84
12/09/2022 09:00,19.35
12/09/2022 10:00,29.98
12/09/2022 11:00,38.27
12/09/2022 12:00,38.59
12/09/2022 13:00,37.58
12/09/2022 14:00,43.64
12/09/2022 15:00,
12/09/2022 16:00,46.75
12/09/2022 17:00,35.33
12/09/2022 18:00,24.98
12/09/2022 19:00,11.75
12/09/2022 20:00,8.83
12/09/2022 21:00,8.52
12/09/2022 22:00,8.56
12/09/2022 23:00,8.3
13/09/2022 00:00,
13/09/2022 01:00,8.85
13/09/2022 02:00,7.83
13/09/2022 03:00,9.93
13/09/2022 04:00,11.35
13/09/2022 05:00,10.09
13/09/2022 06:00,9.22
13/09/2022 07:00,5.8
13/09/2022 08:00,1.92
13/09/2022 09:00,9.75
13/09/2022 10:00,26.56
13/09/2022 11:00,24.47
13/09/2022 12:00,20.66
13/09/2022 13:00,
13/09/2022 14:00,27.75
13/09/2022 15:00,33.13
13/09/2022 16:00,34.46
13/09/2022 17:00,38.07
13/09/2022 18:00,19.98
13/09/2022 19:00,19.74
13/09/2022 20:00,17.5
13/09/2022 21:00,17.34
13/09/2022 22:00,11.45
13/09/2022 23:00,8.22
14/09/2022 00:00,
14/09/2022 01:00,8
14/09/2022 02:00,7.9
14/09/2022 03:00,7.43
14/09/2022 04:00,7.57
14/09/2022 05:00,7.39
14/09/2022 06:00,6.99
14/09/2022 07:00,6.28
14/09/2022 08:00,2.67
14/09/2022 09:00,15.06
14/09/2022 10:00,32.64
14/09/2022 11:00,36.04
14/09/2022 12:00,
14/09/2022 13:00,
14/09/2022 14:00,30.63
14/09/2022 15:00,31.04
14/09/2022 16:00,27.21
14/09/2022 17:00,21.92
14/09/2022 18:00,21.14
14/09/2022 19:00,20.34
14/09/2022 20:00,18.1
14/09/2022 21:00,17.98
14/09/2022 22:00,
14/09/2022 23:00,17.56
15/09/2022 00:00,
15/09/2022 01:00,7.61
15/09/2022 02:00,
15/09/2022 03:00,
15/09/2022 04:00,7.5
15/09/2022 05:00,7.35
15/09/2022 06:00,6.76
15/09/2022 07:00,6.53
15/09/2022 08:00,3.02
15/09/2022 09:00,14.2
15/09/2022 10:00,21.52
15/09/2022 11:00,18.72
15/09/2022 12:00,
15/09/2022 13:00,29.64
15/09/2022 14:00,36.5
15/09/2022 15:00,35.98
15/09/2022 16:00,44.1
15/09/2022 17:00,48.04
15/09/2022 18:00,31.72
15/09/2022 19:00,26.36
15/09/2022 20:00,20.47
15/09/2022 21:00,19.99
15/09/2022 22:00,19.06
15/09/2022 23:00,17.42
16/09/2022 00:00,
16/09/2022 01:00,10
16/09/2022 02:00,9.65
16/09/2022 03:00,9.61
16/09/2022 04:00,8.49
16/09/2022 05:00,8.75
16/09/2022 06:00,7.26
16/09/2022 07:00,6.55
16/09/2022 08:00,3.67
16/09/2022 09:00,12.89
16/09/2022 10:00,27.66
16/09/2022 11:00,22.61
16/09/2022 12:00,21.03
16/09/2022 13:00,29.76
16/09/2022 14:00,35.47
16/09/2022 15:00,31.05
16/09/2022 16:00,29.08
16/09/2022 17:00,32.78
16/09/2022 18:00,21.89
16/09/2022 19:00,16.94
16/09/2022 20:00,14.04
16/09/2022 21:00,12.5
16/09/2022 22:00,12.44
16/09/2022 23:00,11.31
17/09/2022 00:00,
17/09/2022 01:00,12.42
17/09/2022 02:00,12.28
17/09/2022 03:00,11.16
17/09/2022 04:00,11.28
17/09/2022 05:00,11.06
17/09/2022 06:00,10.71
17/09/2022 07:00,9.14
17/09/2022 08:00,4.07
17/09/2022 09:00,1.46
17/09/2022 10:00,0.61
17/09/2022 11:00,2.59
17/09/2022 12:00,7.13
17/09/2022 13:00,5.37
17/09/2022 14:00,13.16
17/09/2022 15:00,11.34
17/09/2022 16:00,16.55
17/09/2022 17:00,19.83
17/09/2022 18:00,10.65
17/09/2022 19:00,9.66
17/09/2022 20:00,8.95
17/09/2022 21:00,7.99
17/09/2022 22:00,8.59
17/09/2022 23:00,8.45
18/09/2022 00:00,
18/09/2022 01:00,8.57
18/09/2022 02:00,7.8
18/09/2022 03:00,7.63
18/09/2022 04:00,7.39
18/09/2022 05:00,7.51
18/09/2022 06:00,7.1
18/09/2022 07:00,5.9
18/09/2022 08:00,3.97
18/09/2022 09:00,0.08
18/09/2022 10:00,0
18/09/2022 11:00,1.53
18/09/2022 12:00,2.47
18/09/2022 13:00,2.22
18/09/2022 14:00,2.51
18/09/2022 15:00,2.1
18/09/2022 16:00,3.11
18/09/2022 17:00,6.72
18/09/2022 18:00,6.81
18/09/2022 19:00,7.48
18/09/2022 20:00,8.02
18/09/2022 21:00,7.72
18/09/2022 22:00,8.03
18/09/2022 23:00,8.44
19/09/2022 00:00,
19/09/2022 01:00,7.81
19/09/2022 02:00,7.36
19/09/2022 03:00,
19/09/2022 04:00,7.5
19/09/2022 05:00,7.38
19/09/2022 06:00,6.75
19/09/2022 07:00,
19/09/2022 08:00,6.39
19/09/2022 09:00,12.65
19/09/2022 10:00,24.5
19/09/2022 11:00,17.88
19/09/2022 12:00,19.16
19/09/2022 13:00,13.53
19/09/2022 14:00,24.68
19/09/2022 15:00,18.07
19/09/2022 16:00,18.65
19/09/2022 17:00,21.85
19/09/2022 18:00,15.32
19/09/2022 19:00,10.57
19/09/2022 20:00,8.58
19/09/2022 21:00,9.43
19/09/2022 22:00,9.5
19/09/2022 23:00,9.17
20/09/2022 00:00,
20/09/2022 01:00,8.11
20/09/2022 02:00,8.2
20/09/2022 03:00,7.91
20/09/2022 04:00,8.11
20/09/2022 05:00,8.15
20/09/2022 06:00,7.25
20/09/2022 07:00,6.72
20/09/2022 08:00,3.25
20/09/2022 09:00,13.77
20/09/2022 10:00,15.09
20/09/2022 11:00,25.03
20/09/2022 12:00,25.5
20/09/2022 13:00,24.77
20/09/2022 14:00,30.2
20/09/2022 15:00,21.91
20/09/2022 16:00,24.05
20/09/2022 17:00,23.32
20/09/2022 18:00,14.58
20/09/2022 19:00,13.63
20/09/2022 20:00,12.51
20/09/2022 21:00,12.22
20/09/2022 22:00,12.31
20/09/2022 23:00,11.88
21/09/2022 00:00,
21/09/2022 01:00,9.97
21/09/2022 02:00,10.11
21/09/2022 03:00,9.75
21/09/2022 04:00,9.89
21/09/2022 05:00,
21/09/2022 06:00,8.83
21/09/2022 07:00,7.32
21/09/2022 08:00,5.43
21/09/2022 09:00,6.14
21/09/2022 10:00,17.4
21/09/2022 11:00,15.85
21/09/2022 12:00,15.15
21/09/2022 13:00,17.1
21/09/2022 14:00,12.76
21/09/2022 15:00,18.33
21/09/2022 16:00,25.19
21/09/2022 17:00,24.39
21/09/2022 18:00,21.8
21/09/2022 19:00,22.51
21/09/2022 20:00,12.02
21/09/2022 21:00,10.36
21/09/2022 22:00,
21/09/2022 23:00,9.35
22/09/2022 00:00,
22/09/2022 01:00,8.93
22/09/2022 02:00,8.18
22/09/2022 03:00,8.04
22/09/2022 04:00,7.99
22/09/2022 05:00,7.83
22/09/2022 06:00,6.76
22/09/2022 07:00,5.61
22/09/2022 08:00,5.58
22/09/2022 09:00,10.67
22/09/2022 10:00,21.61
22/09/2022 11:00,13.94
22/09/2022 12:00,21.65
22/09/2022 13:00,20.72
22/09/2022 14:00,33.35
22/09/2022 15:00,35.36
22/09/2022 16:00,37.89
22/09/2022 17:00,39.54
22/09/2022 18:00,27.19
22/09/2022 19:00,27.24
22/09/2022 20:00,23.84
22/09/2022 21:00,22.05
22/09/2022 22:00,20.14
22/09/2022 23:00,18.89
23/09/2022 00:00,
23/09/2022 01:00,12.88
23/09/2022 02:00,12.75
23/09/2022 03:00,12.76
23/09/2022 04:00,12.55
23/09/2022 05:00,11.45
23/09/2022 06:00,10.58
23/09/2022 07:00,9.66
23/09/2022 08:00,6.95
23/09/2022 09:00,10.47
23/09/2022 10:00,12.5
23/09/2022 11:00,15.92
23/09/2022 12:00,21.14
23/09/2022 13:00,18.3
23/09/2022 14:00,12.25
23/09/2022 15:00,18.25
23/09/2022 16:00,17.04
23/09/2022 17:00,25
23/09/2022 18:00,
23/09/2022 19:00,17.11
23/09/2022 20:00,13.31
23/09/2022 21:00,10.39
23/09/2022 22:00,9.14
23/09/2022 23:00,8.75
24/09/2022 00:00,
24/09/2022 01:00,9.07
24/09/2022 02:00,9.04
24/09/2022 03:00,7.71
24/09/2022 04:00,7.86
24/09/2022 05:00,
24/09/2022 06:00,6.54
24/09/2022 07:00,6.13
24/09/2022 08:00,3.55
24/09/2022 09:00,0.71
24/09/2022 10:00,0
24/09/2022 11:00,0.02
24/09/2022 12:00,0.25
24/09/2022 13:00,1.69
24/09/2022 14:00,1.14
24/09/2022 15:00,2.75
24/09/2022 16:00,4.94
24/09/2022 17:00,19.06
24/09/2022 18:00,11.04
24/09/2022 19:00,
24/09/2022 20:00,8.08
24/09/2022 21:00,8.01
24/09/2022 22:00,8.19
24/09/2022 23:00,8
25/09/2022 00:00,
25/09/2022 01:00,7.79
25/09/2022 02:00,7.69
25/09/2022 03:00,7.83
25/09/2022 04:00,7.87
25/09/2022 05:00,7.99
25/09/2022 06:00,7.31
25/09/2022 07:00,6.3
25/09/2022 08:00,3.31
25/09/2022 09:00,0.36
25/09/2022 10:00,0.12
25/09/2022 11:00,1.13
25/09/2022 12:00,2.62
25/09/2022 13:00,1.88
25/09/2022 14:00,2.41
25/09/2022 15:00,0.2
25/09/2022 16:00,0.76
25/09/2022 17:00,3.88
25/09/2022 18:00,15.42
25/09/2022 19:00,20.95
25/09/2022 20:00,18.1
25/09/2022 21:00,15.73
25/09/2022 22:00,8.89
25/09/2022 23:00,8.91
26/09/2022 00:00,
26/09/2022 01:00,7.31
26/09/2022 02:00,7.34
26/09/2022 03:00,7.14
26/09/2022 04:00,7.07
26/09/2022 05:00,7.15
26/09/2022 06:00,6.43
26/09/2022 07:00,
26/09/2022 08:00,2.55
26/09/2022 09:00,12.24
26/09/2022 10:00,26.75
26/09/2022 11:00,21.28
26/09/2022 12:00,18.47
26/09/2022 13:00,22.93
26/09/2022 14:00,41.89
26/09/2022 15:00,47.19
26/09/2022 16:00,39.09
26/09/2022 17:00,39.32
26/09/2022 18:00,
26/09/2022 19:00,14.48
26/09/2022 20:00,14.13
26/09/2022 21:00,10.29
26/09/2022 22:00,10.43
26/09/2022 23:00,9.42
27/09/2022 00:00,
27/09/2022 01:00,8.08
27/09/2022 02:00,7.09
27/09/2022 03:00,6.83
27/09/2022 04:00,6.94
27/09/2022 05:00,6.69
27/09/2022 06:00,5.97
27/09/2022 07:00,5.61
27/09/2022 08:00,4.92
27/09/2022 09:00,18.69
27/09/2022 10:00,32.82
27/09/2022 11:00,30.38
27/09/2022 12:00,36.95
27/09/2022 13:00,40.35
27/09/2022 14:00,31.7
27/09/2022 15:00,30.33
27/09/2022 16:00,39.17
27/09/2022 17:00,34.95
27/09/2022 18:00,18.92
27/09/2022 19:00,12.38
27/09/2022 20:00,12.89
27/09/2022 21:00,10.91
27/09/2022 22:00,10.46
27/09/2022 23:00,8.1
28/09/2022 00:00,
28/09/2022 01:00,7.25
28/09/2022 02:00,7.09
28/09/2022 03:00,7.27
28/09/2022 04:00,7.44
28/09/2022 05:00,7.32
28/09/2022 06:00,6.38
28/09/2022 07:00,5.8
28/09/2022 08:00,2.04
28/09/2022 09:00,10.71
28/09/2022 10:00,22.12
28/09/2022 11:00,27.28
28/09/2022 12:00,24.11
28/09/2022 13:00,18.89
28/09/2022 14:00,28.96
28/09/2022 15:00,37.18
28/09/2022 16:00,38.19
28/09/2022 17:00,34.25
28/09/2022 18:00,24.11
28/09/2022 19:00,15.7
28/09/2022 20:00,12.77
28/09/2022 21:00,9.14
28/09/2022 22:00,
28/09/2022 23:00,7.89
29/09/2022 00:00,
29/09/2022 01:00,8.45
29/09/2022 02:00,7.64
29/09/2022 03:00,7.17
29/09/2022 04:00,7.04
29/09/2022 05:00,7.03
29/09/2022 06:00,6.5
29/09/2022 07:00,5.84
29/09/2022 08:00,5.86
29/09/2022 09:00,19.17
29/09/2022 10:00,30.16
29/09/2022 11:00,35.05
29/09/2022 12:00,35.14
29/09/2022 13:00,27.2
29/09/2022 14:00,
29/09/2022 15:00,27.83
29/09/2022 16:00,35.69
29/09/2022 17:00,36.76
29/09/2022 18:00,28.5
29/09/2022 19:00,22.86
29/09/2022 20:00,16.77
29/09/2022 21:00,11.78
29/09/2022 22:00,11.47
29/09/2022 23:00,10.89
30/09/2022 00:00,
30/09/2022 01:00,10.65
30/09/2022 02:00,8.53
30/09/2022 03:00,8.58
30/09/2022 04:00,8.58
30/09/2022 05:00,8.53
30/09/2022 06:00,7.44
30/09/2022 07:00,7.98
30/09/2022 08:00,14.13
30/09/2022 09:00,24.97
30/09/2022 10:00,36.01
30/09/2022 11:00,
30/09/2022 12:00,31.31
30/09/2022 13:00,
30/09/2022 14:00,
30/09/2022 15:00,32.61
30/09/2022 16:00,29.66
30/09/2022 17:00,25.53
30/09/2022 18:00,
30/09/2022 19:00,8.25
30/09/2022 20:00,8.14
30/09/2022 21:00,7.09
30/09/2022 22:00,6.77
30/09/2022 23:00,6.86
01/10/2022 00:00,
01/10/2022 01:00,7.97
01/10/2022 02:00,8.07
01/10/2022 03:00,7.92
01/10/2022 04:00,6.79
01/10/2022 05:00,6.74
01/10/2022 06:00,5.89
01/10/2022 07:00,5.31
01/10/2022 08:00,2.16
01/10/2022 09:00,0.17
01/10/2022 10:00,0
01/10/2022 11:00,0.33
01/10/2022 12:00,0.4
01/10/2022 13:00,0.18
01/10/2022 14:00,0.34
01/10/2022 15:00,2.86
01/10/2022 16:00,2.64
01/10/2022 17:00,7.28
01/10/2022 18:00,9.63
01/10/2022 19:00,12.67
01/10/2022 20:00,10.81
01/10/2022 21:00,7.38
01/10/2022 22:00,
01/10/2022 23:00,7.75
02/10/2022 00:00,
02/10/2022 01:00,8.45
02/10/2022 02:00,8.02
02/10/2022 03:00,7.19
02/10/2022 04:00,7.21
02/10/2022 05:00,7.21
02/10/2022 06:00,6.12
02/10/2022 07:00,5.83
02/10/2022 08:00,5.13
02/10/2022 09:00,3.32
02/10/2022 10:00,0.82
02/10/2022 11:00,0.15
02/10/2022 12:00,0.21
02/10/2022 13:00,0.03
02/10/2022 14:00,0.53
02/10/2022 15:00,2.23
02/10/2022 16:00,0.21
02/10/2022 17:00,3.09
02/10/2022 18:00,8.81
02/10/2022 19:00,9.47
02/10/2022 20:00,8.64
02/10/2022 21:00,8.11
02/10/2022 22:00,7.91
02/10/2022 23:00,7.67
03/10/2022 00:00,
03/10/2022 01:00,8.53
03/10/2022 02:00,8.08
03/10/2022 03:00,7.2
03/10/2022 04:00,7.16
03/10/2022 05:00,7.09
03/10/2022 06:00,6.45
03/10/2022 07:00,5.9
03/10/2022 08:00,3.62
03/10/2022 09:00,20.42
03/10/2022 10:00,21.56
03/10/2022 11:00,13.04
03/10/2022 12:00,16.18
03/10/2022 13:00,16.33
03/10/2022 14:00,27.27
03/10/2022 15:00,24.76
03/10/2022 16:00,22.64
03/10/2022 17:00,33.97
03/10/2022 18:00,28.71
03/10/2022 19:00,11.75
03/10/2022 20:00,9.81
03/10/2022 21:00,8.36
03/10/2022 22:00,8.7
03/10/2022 23:00,8.17
04/10/2022 00:00,
04/10/2022 01:00,8.2
04/10/2022 02:00,7.24
04/10/2022 03:00,7.17
04/10/2022 04:00,7.04
04/10/2022 05:00,6.94
04/10/2022 06:00,6.06
04/10/2022 07:00,5.61
04/10/2022 08:00,5.6
04/10/2022 09:00,10.12
04/10/2022 10:00,16.61
04/10/2022 11:00,21.1
04/10/2022 12:00,17.34
04/10/2022 13:00,18.53
04/10/2022 14:00,19.64
04/10/2022 15:00,25.31
04/10/2022 16:00,33.35
04/10/2022 17:00,34.25
04/10/2022 18:00,27.68
04/10/2022 19:00,
04/10/2022 20:00,
04/10/2022 21:00,8.73
04/10/2022 22:00,8.69
04/10/2022 23:00,8.67
05/10/2022 00:00,
05/10/2022 01:00,8.54
05/10/2022 02:00,7.99
05/10/2022 03:00,7.06
05/10/2022 04:00,
05/10/2022 05:00,6.97
05/10/2022 06:00,5.67
05/10/2022 07:00,5.22
05/10/2022 08:00,2.44
05/10/2022 09:00,13.23
05/10/2022 10:00,17.83
05/10/2022 11:00,12.2
05/10/2022 12:00,9.68
05/10/2022 13:00,15.23
05/10/2022 14:00,18.61
05/10/2022 15:00,35.08
05/10/2022 16:00,33.97
05/10/2022 17:00,27.37
05/10/2022 18:00,13.5
05/10/2022 19:00,10.02
05/10/2022 20:00,8.67
05/10/2022 21:00,7.33
05/10/2022 22:00,7.9
05/10/2022 23:00,7.21
06/10/2022 00:00,
06/10/2022 01:00,6.62
06/10/2022 02:00,6.61
06/10/2022 03:00,6.59
06/10/2022 04:00,6.69
06/10/2022 05:00,6.46
06/10/2022 06:00,5.28
06/10/2022 07:00,5.65
06/10/2022 08:00,1.1
06/10/2022 09:00,9.76
06/10/2022 10:00,20.88
06/10/2022 11:00,20.72
06/10/2022 12:00,24.57
06/10/2022 13:00,36.22
06/10/2022 14:00,32.55
06/10/2022 15:00,33.36
06/10/2022 16:00,33.73
06/10/2022 17:00,35.63
06/10/2022 18:00,17.06
06/10/2022 19:00,8.89
06/10/2022 20:00,9.53
06/10/2022 21:00,8.83
06/10/2022 22:00,8.34
06/10/2022 23:00,7.21
07/10/2022 00:00,
07/10/2022 01:00,6.69
07/10/2022 02:00,6.39
07/10/2022 03:00,
07/10/2022 04:00,6.11
07/10/2022 05:00,6.05
07/10/2022 06:00,5.04
07/10/2022 07:00,4.49
07/10/2022 08:00,2.43
07/10/2022 09:00,15.46
07/10/2022 10:00,16.72
07/10/2022 11:00,25.36
07/10/2022 12:00,36.93
07/10/2022 13:00,38.27
07/10/2022 14:00,39.42
07/10/2022 15:00,32.89
07/10/2022 16:00,28.58
07/10/2022 17:00,34.67
07/10/2022 18:00,13.69
07/10/2022 19:00,8.7
07/10/2022 20:00,6.97
07/10/2022 21:00,7.56
07/10/2022 22:00,7.97
07/10/2022 23:00,7.35
08/10/2022 00:00,
08/10/2022 01:00,6.59
08/10/2022 02:00,6.75
08/10/2022 03:00,6.33
08/10/2022 04:00,6.06
08/10/2022 05:00,5.93
08/10/2022 06:00,4.89
08/10/2022 07:00,3.75
08/10/2022 08:00,1.25
08/10/2022 09:00,0.01
08/10/2022 10:00,1.27
08/10/2022 11:00,1.76
08/10/2022 12:00,0.52
08/10/2022 13:00,0.06
08/10/2022 14:00,0.38
08/10/2022 15:00,0.25
08/10/2022 16:00,4.01
08/10/2022 17:00,6.16
08/10/2022 18:00,7.44
08/10/2022 19:00,7.75
08/10/2022 20:00,7.5
08/10/2022 21:00,7
08/10/2022 22:00,6.76
08/10/2022 23:00,6.74
09/10/2022 00:00,
09/10/2022 01:00,6.78
09/10/2022 02:00,6.55
09/10/2022 03:00,
09/10/2022 04:00,
09/10/2022 05:00,6.16
09/10/2022 06:00,5.76
09/10/2022 07:00,4.41
09/10/2022 08:00,1.41
09/10/2022 09:00,0.01
09/10/2022 10:00,0
09/10/2022 11:00,0
09/10/2022 12:00,
09/10/2022 13:00,0.03
09/10/2022 14:00,0.1
09/10/2022 15:00,4.03
09/10/2022 16:00,1.75
09/10/2022 17:00,5.09
09/10/2022 18:00,9.3
09/10/2022 19:00,8.98
09/10/2022 20:00,7.57
09/10/2022 21:00,6.54
09/10/2022 22:00,6.46
09/10/2022 23:00,6.72
10/10/2022 00:00,
10/10/2022 01:00,6.97
10/10/2022 02:00,7.53
10/10/2022 03:00,6.77
10/10/2022 04:00,6.39
10/10/2022 05:00,6.4
10/10/2022 06:00,5.75
10/10/2022 07:00,5.22
10/10/2022 08:00,4.22
10/10/2022 09:00,10.74
10/10/2022 10:00,22.2
10/10/2022 11:00,31.06
10/10/2022 12:00,34.75
10/10/2022 13:00,34.92
10/10/2022 14:00,33.14
10/10/2022 15:00,33.66
10/10/2022 16:00,38.59
10/10/2022 17:00,42.16
10/10/2022 18:00,21.3
10/10/2022 19:00,13.54
10/10/2022 20:00,8.6
10/10/2022 21:00,6.67
10/10/2022 22:00,7.06
10/10/2022 23:00,7.25
11/10/2022 00:00,
11/10/2022 01:00,6.28
11/10/2022 02:00,6.39
11/10/2022 03:00,6.95
11/10/2022 04:00,6.59
11/10/2022 05:00,6.57
11/10/2022 06:00,5.51
11/10/2022 07:00,4.8
11/10/2022 08:00,1.41
11/10/2022 09:00,11.06
11/10/2022 10:00,22.06
11/10/2022 11:00,19.3
11/10/2022 12:00,17.48
11/10/2022 13:00,27.08
11/10/2022 14:00,22.55
11/10/2022 15:00,24.56
11/10/2022 16:00,26.36
11/10/2022 17:00,30.28
11/10/2022 18:00,22.3
11/10/2022 19:00,9.11
11/10/2022 20:00,7.86
11/10/2022 21:00,7.43
11/10/2022 22:00,7.39
11/10/2022 23:00,7.22
12/10/2022 00:00,
12/10/2022 01:00,7.3
12/10/2022 02:00,7.23
12/10/2022 03:00,6.82
12/10/2022 04:00,6.7
12/10/2022 05:00,6.64
12/10/2022 06:00,5.92
12/10/2022 07:00,4.61
12/10/2022 08:00,1.1
12/10/2022 09:00,3.51
12/10/2022 10:00,19.28
12/10/2022 11:00,21.91
12/10/2022 12:00,32.72
12/10/2022 13:00,20.33
12/10/2022 14:00,21.23
12/10/2022 15:00,22.56
12/10/2022 16:00,27.88
12/10/2022 17:00,33.43
12/10/2022 18:00,30.88
12/10/2022 19:00,9.27
12/10/2022 20:00,13
12/10/2022 21:00,12.17
12/10/2022 22:00,10.92
12/10/2022 23:00,10.98
13/10/2022 00:00,
13/10/2022 01:00,11.08
13/10/2022 02:00,10.84
13/10/2022 03:00,10.58
13/10/2022 04:00,10.2
13/10/2022 05:00,10.1
13/10/2022 06:00,9.37
13/10/2022 07:00,7.83
13/10/2022 08:00,2.64
13/10/2022 09:00,0.47
13/10/2022 10:00,0.22
13/10/2022 11:00,16.8
13/10/2022 12:00,3.67
13/10/2022 13:00,4.42
13/10/2022 14:00,2.97
13/10/2022 15:00,6.66
13/10/2022 16:00,15.35
13/10/2022 17:00,14.99
13/10/2022 18:00,10.75
13/10/2022 19:00,8.39
13/10/2022 20:00,8.12
13/10/2022 21:00,7.77
13/10/2022 22:00,7.67
13/10/2022 23:00,7.44
14/10/2022 00:00,
14/10/2022 01:00,7.19
14/10/2022 02:00,7.3
14/10/2022 03:00,7.22
14/10/2022 04:00,6.64
14/10/2022 05:00,6.76
14/10/2022 06:00,6.06
14/10/2022 07:00,5.66
14/10/2022 08:00,2.92
14/10/2022 09:00,0
14/10/2022 10:00,0
14/10/2022 11:00,0
14/10/2022 12:00,0.02
14/10/2022 13:00,0.62
14/10/2022 14:00,0.64
14/10/2022 15:00,0.44
14/10/2022 16:00,0.64
14/10/2022 17:00,3.14
14/10/2022 18:00,6.19
14/10/2022 19:00,7.08
14/10/2022 20:00,7.7
14/10/2022 21:00,7.6
14/10/2022 22:00,7.25
14/10/2022 23:00,6.81
15/10/2022 00:00,
15/10/2022 01:00,7.35
15/10/2022 02:00,6.75
15/10/2022 03:00,6.56
15/10/2022 04:00,6.58
15/10/2022 05:00,6.48
15/10/2022 06:00,6.05
15/10/2022 07:00,4.69
15/10/2022 08:00,1.76
15/10/2022 09:00,0.1
15/10/2022 10:00,0.64
15/10/2022 11:00,1.62
15/10/2022 12:00,0
15/10/2022 13:00,0.02
15/10/2022 14:00,1.54
15/10/2022 15:00,1.25
15/10/2022 16:00,1.47
15/10/2022 17:00,3.96
15/10/2022 18:00,5.96
15/10/2022 19:00,6.74
15/10/2022 20:00,6.61
15/10/2022 21:00,6.65
15/10/2022 22:00,6.68
15/10/2022 23:00,6.34
16/10/2022 00:00,
16/10/2022 01:00,6.19
16/10/2022 02:00,6.26
16/10/2022 03:00,6.08
16/10/2022 04:00,6.03
16/10/2022 05:00,6.31
16/10/2022 06:00,5.52
16/10/2022 07:00,4.63
16/10/2022 08:00,3.35
16/10/2022 09:00,0.65
16/10/2022 10:00,0.1
16/10/2022 11:00,0
16/10/2022 12:00,0.13
16/10/2022 13:00,1.45
16/10/2022 14:00,0.52
16/10/2022 15:00,1.19
16/10/2022 16:00,0.23
16/10/2022 17:00,2.42
16/10/2022 18:00,5.91
16/10/2022 19:00,6.44
16/10/2022 20:00,7.21
16/10/2022 21:00,7.18
16/10/2022 22:00,6.97
16/10/2022 23:00,7.28
17/10/2022 00:00,
17/10/2022 01:00,6.76
17/10/2022 02:00,6.58
17/10/2022 03:00,6.31
17/10/2022 04:00,6.6
17/10/2022 05:00,6.64
17/10/2022 06:00,5.32
17/10/2022 07:00,4.49
17/10/2022 08:00,6.01
17/10/2022 09:00,18.24
17/10/2022 10:00,35.19
17/10/2022 11:00,32.82
17/10/2022 12:00,31.82
17/10/2022 13:00,30.01
17/10/2022 14:00,25
17/10/2022 15:00,23.64
17/10/2022 16:00,24.38
17/10/2022 17:00,30.31
17/10/2022 18:00,
17/10/2022 19:00,8.49
17/10/2022 20:00,8.65
17/10/2022 21:00,8.05
17/10/2022 22:00,6.75
17/10/2022 23:00,6.61
18/10/2022 00:00,
18/10/2022 01:00,6.35
18/10/2022 02:00,6.34
18/10/2022 03:00,6.03
18/10/2022 04:00,6.14
18/10/2022 05:00,6.05
18/10/2022 06:00,4.69
18/10/2022 07:00,4.11
18/10/2022 08:00,
18/10/2022 09:00,5.16
18/10/2022 10:00,18.27
18/10/2022 11:00,22.29
18/10/2022 12:00,27.24
18/10/2022 13:00,34.87
18/10/2022 14:00,26.78
18/10/2022 15:00,28.89
18/10/2022 16:00,
18/10/2022 17:00,30.26
18/10/2022 18:00,26.03
18/10/2022 19:00,16.41
18/10/2022 20:00,10.86
18/10/2022 21:00,8.86
18/10/2022 22:00,8.76
18/10/2022 23:00,8.28
19/10/2022 00:00,
19/10/2022 01:00,7.83
19/10/2022 02:00,7.36
19/10/2022 03:00,7.04
19/10/2022 04:00,6.85
19/10/2022 05:00,6.87
19/10/2022 06:00,
19/10/2022 07:00,
19/10/2022 08:00,0.84
19/10/2022 09:00,11.83
19/10/2022 10:00,23.45
19/10/2022 11:00,18.11
19/10/2022 12:00,12.41
19/10/2022 13:00,13.25
19/10/2022 14:00,15.28
19/10/2022 15:00,22.2
19/10/2022 16:00,26.74
19/10/2022 17:00,31.51
19/10/2022 18:00,18.74
19/10/2022 19:00,
19/10/2022 20:00,7.24
19/10/2022 21:00,7.25
19/10/2022 22:00,7.14
19/10/2022 23:00,6.61
20/10/2022 00:00,
20/10/2022 01:00,6.58
20/10/2022 02:00,6.5
20/10/2022 03:00,6.14
20/10/2022 04:00,6.04
20/10/2022 05:00,6.03
20/10/2022 06:00,5.66
20/10/2022 07:00,4.23
20/10/2022 08:00,1.04
20/10/2022 09:00,4.98
20/10/2022 10:00,9.72
20/10/2022 11:00,7.37
20/10/2022 12:00,8.35
20/10/2022 13:00,16.51
20/10/2022 14:00,15.74
20/10/2022 15:00,17.36
20/10/2022 16:00,27.47
20/10/2022 17:00,29.31
20/10/2022 18:00,18.37
20/10/2022 19:00,12.11
20/10/2022 20:00,11.52
20/10/2022 21:00,8.55
20/10/2022 22:00,
20/10/2022 23:00,6.98
21/10/2022 00:00,
21/10/2022 01:00,6.46
21/10/2022 02:00,6.47
21/10/2022 03:00,6.31
21/10/2022 04:00,6.12
21/10/2022 05:00,
21/10/2022 06:00,5
21/10/2022 07:00,4.5
21/10/2022 08:00,0.86
21/10/2022 09:00,4.79
21/10/2022 10:00,6.28
21/10/2022 11:00,12.36
21/10/2022 12:00,11.94
21/10/2022 13:00,25.11
21/10/2022 14:00,25.33
21/10/2022 15:00,20.04
21/10/2022 16:00,22.49
21/10/2022 17:00,20.81
21/10/2022 18:00,17.16
21/10/2022 19:00,10.22
21/10/2022 20:00,8.56
21/10/2022 21:00,8.37
21/10/2022 22:00,7.99
21/10/2022 23:00,7.72
22/10/2022 00:00,
22/10/2022 01:00,7.34
22/10/2022 02:00,6.74
22/10/2022 03:00,6.75
22/10/2022 04:00,6.8
22/10/2022 05:00,6.64
22/10/2022 06:00,6.43
22/10/2022 07:00,4.27
22/10/2022 08:00,0.2
22/10/2022 09:00,0.02
22/10/2022 10:00,0
22/10/2022 11:00,0.22
22/10/2022 12:00,1.57
22/10/2022 13:00,3.47
22/10/2022 14:00,3.88
22/10/2022 15:00,4.69
22/10/2022 16:00,4
22/10/2022 17:00,7.36
22/10/2022 18:00,10.04
22/10/2022 19:00,7.36
22/10/2022 20:00,6.89
22/10/2022 21:00,7.13
22/10/2022 22:00,6.79
22/10/2022 23:00,6.74
23/10/2022 00:00,
23/10/2022 01:00,6.68
23/10/2022 02:00,6.61
23/10/2022 03:00,6.78
23/10/2022 04:00,6.4
23/10/2022 05:00,6.22
23/10/2022 06:00,5.67
23/10/2022 07:00,4.16
23/10/2022 08:00,0.69
23/10/2022 09:00,0.03
23/10/2022 10:00,0
23/10/2022 11:00,0.03
23/10/2022 12:00,0
23/10/2022 13:00,0.05
23/10/2022 14:00,0
23/10/2022 15:00,0.01
23/10/2022 16:00,1.39
23/10/2022 17:00,6.97
23/10/2022 18:00,10.3
23/10/2022 19:00,
23/10/2022 20:00,7.71
23/10/2022 21:00,7.59
23/10/2022 22:00,
23/10/2022 23:00,
24/10/2022 00:00,
24/10/2022 01:00,6.73
24/10/2022 02:00,6.56
24/10/2022 03:00,6.44
24/10/2022 04:00,6.19
24/10/2022 05:00,6.22
24/10/2022 06:00,5.73
24/10/2022 07:00,4.39
24/10/2022 08:00,0.45
24/10/2022 09:00,0
24/10/2022 10:00,0
24/10/2022 11:00,
24/10/2022 12:00,0
24/10/2022 13:00,0
24/10/2022 14:00,0
24/10/2022 15:00,0.49
24/10/2022 16:00,0.84
24/10/2022 17:00,6.8
24/10/2022 18:00,9.28
24/10/2022 19:00,9.23
24/10/2022 20:00,8.32
24/10/2022 21:00,
24/10/2022 22:00,
24/10/2022 23:00,7.6
25/10/2022 00:00,
25/10/2022 01:00,8.11
25/10/2022 02:00,7.11
25/10/2022 03:00,6.71
25/10/2022 04:00,6.51
25/10/2022 05:00,6.52
25/10/2022 06:00,6.15
25/10/2022 07:00,5.3
25/10/2022 08:00,2.88
25/10/2022 09:00,11.64
25/10/2022 10:00,28.84
25/10/2022 11:00,33.08
25/10/2022 12:00,29.73
25/10/2022 13:00,35.19
25/10/2022 14:00,32.81
25/10/2022 15:00,25.89
25/10/2022 16:00,28.94
25/10/2022 17:00,27.03
25/10/2022 18:00,17.19
25/10/2022 19:00,10.66
25/10/2022 20:00,8.48
25/10/2022 21:00,8.16
25/10/2022 22:00,7.4
25/10/2022 23:00,6.66
26/10/2022 00:00,
26/10/2022 01:00,6.67
26/10/2022 02:00,6.55
26/10/2022 03:00,6.72
26/10/2022 04:00,6.54
26/10/2022 05:00,6.56
26/10/2022 06:00,5.86
26/10/2022 07:00,5.3
26/10/2022 08:00,3.97
26/10/2022 09:00,12.37
26/10/2022 10:00,26.61
26/10/2022 11:00,23
26/10/2022 12:00,17.02
26/10/2022 13:00,32.91
26/10/2022 14:00,30
26/10/2022 15:00,26.21
26/10/2022 16:00,30.96
26/10/2022 17:00,30.84
26/10/2022 18:00,19.06
26/10/2022 19:00,11.1
26/10/2022 20:00,9.75
26/10/2022 21:00,9.58
26/10/2022 22:00,9.36
26/10/2022 23:00,8.09
27/10/2022 00:00,
27/10/2022 01:00,7.47
27/10/2022 02:00,7.3
27/10/2022 03:00,7.32
27/10/2022 04:00,6.75
27/10/2022 05:00,6.88
27/10/2022 06:00,6.34
27/10/2022 07:00,
27/10/2022 08:00,5.85
27/10/2022 09:00,14.08
27/10/2022 10:00,
27/10/2022 11:00,23.5
27/10/2022 12:00,
27/10/2022 13:00,
27/10/2022 14:00,
27/10/2022 15:00,36.8
27/10/2022 16:00,
27/10/2022 17:00,23.45
27/10/2022 18:00,23.12
27/10/2022 19:00,16.55
27/10/2022 20:00,10.64
27/10/2022 21:00,11.64
27/10/2022 22:00,10.52
27/10/2022 23:00,9.87
28/10/2022 00:00,
28/10/2022 01:00,10.28
28/10/2022 02:00,8.18
28/10/2022 03:00,6.67
28/10/2022 04:00,6.61
28/10/2022 05:00,6.51
28/10/2022 06:00,6.3
28/10/2022 07:00,5.61
28/10/2022 08:00,3.67
28/10/2022 09:00,6.52
28/10/2022 10:00,15.09
28/10/2022 11:00,14.41
28/10/2022 12:00,15.06
28/10/2022 13:00,17.56
28/10/2022 14:00,21.7
28/10/2022 15:00,38.69
28/10/2022 16:00,34.39
28/10/2022 17:00,28.42
28/10/2022 18:00,25.91
28/10/2022 19:00,17.16
28/10/2022 20:00,13.01
28/10/2022 21:00,13.27
28/10/2022 22:00,12.25
28/10/2022 23:00,11.69
29/10/2022 00:00,
29/10/2022 01:00,6.84
29/10/2022 02:00,6.97
29/10/2022 03:00,6.97
29/10/2022 04:00,6.42
29/10/2022 05:00,6.17
29/10/2022 06:00,5.63
29/10/2022 07:00,4.42
29/10/2022 08:00,0.56
29/10/2022 09:00,0
29/10/2022 10:00,0
29/10/2022 11:00,0.03
29/10/2022 12:00,0
29/10/2022 13:00,0
29/10/2022 14:00,0
29/10/2022 15:00,0.47
29/10/2022 16:00,2.38
29/10/2022 17:00,7.48
29/10/2022 18:00,10.11
29/10/2022 19:00,9.34
29/10/2022 20:00,10.63
29/10/2022 21:00,10.56
29/10/2022 22:00,9.81
29/10/2022 23:00,9.5
30/10/2022 00:00,
30/10/2022 01:00,9.69
30/10/2022 02:00,9.42
30/10/2022 03:00,7.69
30/10/2022 04:00,6.44
30/10/2022 05:00,6.23
30/10/2022 06:00,5.86
30/10/2022 07:00,4.67
30/10/2022 08:00,0.66
30/10/2022 09:00,0
30/10/2022 10:00,0
30/10/2022 11:00,0
30/10/2022 12:00,0
30/10/2022 13:00,0
30/10/2022 14:00,0
30/10/2022 15:00,0
30/10/2022 16:00,0.29
30/10/2022 17:00,4.41
30/10/2022 18:00,7.77
30/10/2022 19:00,7.96
30/10/2022 20:00,7.52
30/10/2022 21:00,7.69
30/10/2022 22:00,7.22
30/10/2022 23:00,7.42
31/10/2022 00:00,
31/10/2022 01:00,6.91
31/10/2022 02:00,6.86
31/10/2022 03:00,6.37
31/10/2022 04:00,6.25
31/10/2022 05:00,6.21
31/10/2022 06:00,5.73
31/10/2022 07:00,4.63
31/10/2022 08:00,2.48
31/10/2022 09:00,1.34
31/10/2022 10:00,12.02
31/10/2022 11:00,17.28
31/10/2022 12:00,21.53
31/10/2022 13:00,28.89
31/10/2022 14:00,24.71
31/10/2022 15:00,25.01
31/10/2022 16:00,29.5
31/10/2022 17:00,30.39
31/10/2022 18:00,26.89
31/10/2022 19:00,22.06
31/10/2022 20:00,8.79
31/10/2022 21:00,7.03
31/10/2022 22:00,7.01
31/10/2022 23:00,7.05
01/11/2022 00:00,
01/11/2022 01:00,6.76
01/11/2022 02:00,6.92
01/11/2022 03:00,6.57
01/11/2022 04:00,6.15
01/11/2022 05:00,6.36
01/11/2022 06:00,5.03
01/11/2022 07:00,4.92
01/11/2022 08:00,4.04
01/11/2022 09:00,9.5
01/11/2022 10:00,12.64
01/11/2022 11:00,15.17
01/11/2022 12:00,16.03
01/11/2022 13:00,23.83
01/11/2022 14:00,23.25
01/11/2022 15:00,38.08
01/11/2022 16:00,36.21
01/11/2022 17:00,33.85
01/11/2022 18:00,24.08
01/11/2022 19:00,9.47
01/11/2022 20:00,8.18
01/11/2022 21:00,8.53
01/11/2022 22:00,7.58
01/11/2022 23:00,7.24
02/11/2022 00:00,
02/11/2022 01:00,6.94
02/11/2022 02:00,7.03
02/11/2022 03:00,6.55
02/11/2022 04:00,6.42
02/11/2022 05:00,6.36
02/11/2022 06:00,5.97
02/11/2022 07:00,4.89
02/11/2022 08:00,0.75
02/11/2022 09:00,0.09
02/11/2022 10:00,11.05
02/11/2022 11:00,9.94
02/11/2022 12:00,16.01
02/11/2022 13:00,23.59
02/11/2022 14:00,21.05
02/11/2022 15:00,25.69
02/11/2022 16:00,27.19
02/11/2022 17:00,32.23
02/11/2022 18:00,16.75
02/11/2022 19:00,11.2
02/11/2022 20:00,7.49
02/11/2022 21:00,10.19
02/11/2022 22:00,6.46
02/11/2022 23:00,6.5
03/11/2022 00:00,
03/11/2022 01:00,6.35
03/11/2022 02:00,6.19
03/11/2022 03:00,6.03
03/11/2022 04:00,5.98
03/11/2022 05:00,5.81
03/11/2022 06:00,5.78
03/11/2022 07:00,4.61
03/11/2022 08:00,1.02
03/11/2022 09:00,5.97
03/11/2022 10:00,5.42
03/11/2022 11:00,7.73
03/11/2022 12:00,6.58
03/11/2022 13:00,9.92
03/11/2022 14:00,12.99
03/11/2022 15:00,18.59
03/11/2022 16:00,
03/11/2022 17:00,27.03
03/11/2022 18:00,15.95
03/11/2022 19:00,9.86
03/11/2022 20:00,7.96
03/11/2022 21:00,8.03
03/11/2022 22:00,8
03/11/2022 23:00,8
04/11/2022 00:00,
04/11/2022 01:00,7.55
04/11/2022 02:00,7.03
04/11/2022 03:00,6.21
04/11/2022 04:00,6.07
04/11/2022 05:00,6.13
04/11/2022 06:00,5.81
04/11/2022 07:00,4.56
04/11/2022 08:00,0.75
04/11/2022 09:00,0.11
04/11/2022 10:00,0.74
04/11/2022 11:00,1.51
04/11/2022 12:00,1.83
04/11/2022 13:00,
04/11/2022 14:00,7.05
04/11/2022 15:00,14.19
04/11/2022 16:00,16.17
04/11/2022 17:00,16.16
04/11/2022 18:00,11.31
04/11/2022 19:00,8.23
04/11/2022 20:00,7.85
04/11/2022 21:00,8
04/11/2022 22:00,7.54
04/11/2022 23:00,7.69
05/11/2022 00:00,
05/11/2022 01:00,6.8
05/11/2022 02:00,6.15
05/11/2022 03:00,6.16
05/11/2022 04:00,6.06
05/11/2022 05:00,6.16
05/11/2022 06:00,5.42
05/11/2022 07:00,4.06
05/11/2022 08:00,0.33
05/11/2022 09:00,0
05/11/2022 10:00,0
05/11/2022 11:00,0
05/11/2022 12:00,0
05/11/2022 13:00,0
05/11/2022 14:00,0
05/11/2022 15:00,0
05/11/2022 16:00,0.19
05/11/2022 17:00,4.51
05/11/2022 18:00,7.61
05/11/2022 19:00,7.88
05/11/2022 20:00,7.69
05/11/2022 21:00,7.45
05/11/2022 22:00,7.02
05/11/2022 23:00,7.2
06/11/2022 00:00,
06/11/2022 01:00,7.25
06/11/2022 02:00,6.93
06/11/2022 03:00,6.59
06/11/2022 04:00,6.33
06/11/2022 05:00,6.2
06/11/2022 06:00,6.02
06/11/2022 07:00,4.18
06/11/2022 08:00,0.52
06/11/2022 09:00,0
06/11/2022 10:00,0
06/11/2022 11:00,0
06/11/2022 12:00,0
06/11/2022 13:00,0
06/11/2022 14:00,0
06/11/2022 15:00,0
06/11/2022 16:00,0.34
06/11/2022 17:00,4.78
06/11/2022 18:00,7.5
06/11/2022 19:00,8.1
06/11/2022 20:00,7.06
06/11/2022 21:00,6.53
06/11/2022 22:00,6.44
06/11/2022 23:00,6.47
07/11/2022 00:00,
07/11/2022 01:00,6.69
07/11/2022 02:00,6.31
07/11/2022 03:00,6.19
07/11/2022 04:00,6.06
07/11/2022 05:00,6.03
07/11/2022 06:00,5.58
07/11/2022 07:00,4.95
07/11/2022 08:00,1.78
07/11/2022 09:00,9.8
07/11/2022 10:00,13.19
07/11/2022 11:00,13.17
07/11/2022 12:00,19.22
07/11/2022 13:00,26.39
07/11/2022 14:00,28.01
07/11/2022 15:00,21.83
07/11/2022 16:00,27.58
07/11/2022 17:00,28.83
07/11/2022 18:00,17.34
07/11/2022 19:00,8.03
07/11/2022 20:00,7.04
07/11/2022 21:00,7.03
07/11/2022 22:00,7.04
07/11/2022 23:00,6.83
08/11/2022 00:00,
08/11/2022 01:00,6.3
08/11/2022 02:00,6.28
08/11/2022 03:00,6.17
08/11/2022 04:00,6.11
08/11/2022 05:00,6.02
08/11/2022 06:00,5.76
08/11/2022 07:00,4.83
08/11/2022 08:00,0.85
08/11/2022 09:00,3.45
08/11/2022 10:00,9.01
08/11/2022 11:00,5.35
08/11/2022 12:00,11.34
08/11/2022 13:00,20.1
08/11/2022 14:00,25.28
08/11/2022 15:00,26.97
08/11/2022 16:00,27.84
08/11/2022 17:00,34.78
08/11/2022 18:00,19.39
08/11/2022 19:00,7.47
08/11/2022 20:00,6.67
08/11/2022 21:00,7.92
08/11/2022 22:00,7.25
08/11/2022 23:00,6.55
09/11/2022 00:00,
09/11/2022 01:00,6.24
09/11/2022 02:00,6.37
09/11/2022 03:00,6.13
09/11/2022 04:00,6.14
09/11/2022 05:00,5.76
09/11/2022 06:00,5.56
09/11/2022 07:00,4.83
09/11/2022 08:00,0.94
09/11/2022 09:00,7.11
09/11/2022 10:00,21.72
09/11/2022 11:00,23.19
09/11/2022 12:00,38.06
09/11/2022 13:00,9.25
09/11/2022 14:00,29.78
09/11/2022 15:00,26.31
09/11/2022 16:00,28.92
09/11/2022 17:00,31.64
09/11/2022 18:00,23.44
09/11/2022 19:00,13.49
09/11/2022 20:00,8.46
09/11/2022 21:00,7.91
09/11/2022 22:00,7.16
09/11/2022 23:00,6.75
10/11/2022 00:00,
10/11/2022 01:00,6.05
10/11/2022 02:00,6.17
10/11/2022 03:00,6.05
10/11/2022 04:00,6.06
10/11/2022 05:00,6.09
10/11/2022 06:00,5.6
10/11/2022 07:00,5.62
10/11/2022 08:00,2.33
10/11/2022 09:00,8.98
10/11/2022 10:00,11.41
10/11/2022 11:00,13.94
10/11/2022 12:00,16.23
10/11/2022 13:00,25.14
10/11/2022 14:00,22.27
10/11/2022 15:00,27.08
10/11/2022 16:00,31.64
10/11/2022 17:00,30.45
10/11/2022 18:00,21.45
10/11/2022 19:00,8.99
10/11/2022 20:00,10.45
10/11/2022 21:00,6.84
10/11/2022 22:00,5.9
10/11/2022 23:00,5.84
11/11/2022 00:00,
11/11/2022 01:00,5.86
11/11/2022 02:00,5.75
11/11/2022 03:00,5.67
11/11/2022 04:00,5.48
11/11/2022 05:00,5.49
11/11/2022 06:00,5.14
11/11/2022 07:00,4.42
11/11/2022 08:00,1.34
11/11/2022 09:00,6.41
11/11/2022 10:00,7.34
11/11/2022 11:00,10.74
11/11/2022 12:00,13.75
11/11/2022 13:00,20.44
11/11/2022 14:00,22.42
11/11/2022 15:00,22.53
11/11/2022 16:00,26.87
11/11/2022 17:00,28.77
11/11/2022 18:00,17.56
11/11/2022 19:00,10.14
11/11/2022 20:00,8.36
11/11/2022 21:00,6.6
11/11/2022 22:00,6.15
11/11/2022 23:00,6.1
12/11/2022 00:00,
12/11/2022 01:00,6
12/11/2022 02:00,5.84
12/11/2022 03:00,5.89
12/11/2022 04:00,5.75
12/11/2022 05:00,5.54
12/11/2022 06:00,5.25
12/11/2022 07:00,4.07
12/11/2022 08:00,0.5
12/11/2022 09:00,0
12/11/2022 10:00,0
12/11/2022 11:00,0
12/11/2022 12:00,0
12/11/2022 13:00,0
12/11/2022 14:00,0
12/11/2022 15:00,0
12/11/2022 16:00,0.33
12/11/2022 17:00,3.83
12/11/2022 18:00,
12/11/2022 19:00,6.01
12/11/2022 20:00,5.63
12/11/2022 21:00,6.25
12/11/2022 22:00,6.09
12/11/2022 23:00,6.02
13/11/2022 00:00,
13/11/2022 01:00,5.86
13/11/2022 02:00,6.07
13/11/2022 03:00,5.81
13/11/2022 04:00,5.58
13/11/2022 05:00,5.53
13/11/2022 06:00,5.25
13/11/2022 07:00,4.95
13/11/2022 08:00,1.81
13/11/2022 09:00,0.05
13/11/2022 10:00,0
13/11/2022 11:00,0
13/11/2022 12:00,0
13/11/2022 13:00,0
13/11/2022 14:00,0
13/11/2022 15:00,1.05
13/11/2022 16:00,3.72
13/11/2022 17:00,4
13/11/2022 18:00,6.23
13/11/2022 19:00,6.53
13/11/2022 20:00,6.3
13/11/2022 21:00,6.83
13/11/2022 22:00,6.36
13/11/2022 23:00,6.34
14/11/2022 00:00,
14/11/2022 01:00,6.27
14/11/2022 02:00,6.03
14/11/2022 03:00,5.97
14/11/2022 04:00,6
14/11/2022 05:00,5.81
14/11/2022 06:00,5.84
14/11/2022 07:00,5.28
14/11/2022 08:00,4.93
14/11/2022 09:00,17.03
14/11/2022 10:00,38.58
14/11/2022 11:00,34.59
14/11/2022 12:00,24.58
14/11/2022 13:00,27.58
14/11/2022 14:00,25.28
14/11/2022 15:00,27.9
14/11/2022 16:00,35.6
14/11/2022 17:00,38.2
14/11/2022 18:00,28
14/11/2022 19:00,13.77
14/11/2022 20:00,8.31
14/11/2022 21:00,6.95
14/11/2022 22:00,6.69
14/11/2022 23:00,6.33
15/11/2022 00:00,
15/11/2022 01:00,6.07
15/11/2022 02:00,6.04
15/11/2022 03:00,6.01
15/11/2022 04:00,5.89
15/11/2022 05:00,5.92
15/11/2022 06:00,5.79
15/11/2022 07:00,5.39
15/11/2022 08:00,4.5
15/11/2022 09:00,9.04
15/11/2022 10:00,19.42
15/11/2022 11:00,17
15/11/2022 12:00,20.47
15/11/2022 13:00,24
15/11/2022 14:00,22.19
15/11/2022 15:00,22.19
15/11/2022 16:00,27.05
15/11/2022 17:00,27.96
15/11/2022 18:00,18.71
15/11/2022 19:00,9.83
15/11/2022 20:00,9.2
15/11/2022 21:00,8.15
15/11/2022 22:00,6.13
15/11/2022 23:00,5.98
16/11/2022 00:00,
16/11/2022 01:00,6.17
16/11/2022 02:00,5.94
16/11/2022 03:00,6.11
16/11/2022 04:00,6.1
16/11/2022 05:00,5.84
16/11/2022 06:00,5.81
16/11/2022 07:00,5.19
16/11/2022 08:00,2.53
16/11/2022 09:00,9.67
16/11/2022 10:00,15.8
16/11/2022 11:00,21.62
16/11/2022 12:00,21.75
16/11/2022 13:00,32.72
16/11/2022 14:00,32.74
16/11/2022 15:00,40.89
16/11/2022 16:00,47.23
16/11/2022 17:00,39.92
16/11/2022 18:00,16.3
16/11/2022 19:00,7.55
16/11/2022 20:00,6.45
16/11/2022 21:00,6.66
16/11/2022 22:00,6.28
16/11/2022 23:00,6.4
17/11/2022 00:00,
17/11/2022 01:00,6.39
17/11/2022 02:00,6.35
17/11/2022 03:00,6.33
17/11/2022 04:00,6.37
17/11/2022 05:00,6.25
17/11/2022 06:00,5.95
17/11/2022 07:00,5.08
17/11/2022 08:00,9.91
17/11/2022 09:00,36.01
17/11/2022 10:00,39.58
17/11/2022 11:00,43.97
17/11/2022 12:00,55.45
17/11/2022 13:00,43.24
17/11/2022 14:00,38.47
17/11/2022 15:00,32.28
17/11/2022 16:00,33.83
17/11/2022 17:00,27.22
17/11/2022 18:00,20.48
17/11/2022 19:00,15.69
17/11/2022 20:00,11.37
17/11/2022 21:00,10.49
17/11/2022 22:00,6.58
17/11/2022 23:00,6.29
18/11/2022 00:00,
18/11/2022 01:00,5.86
18/11/2022 02:00,5.77
18/11/2022 03:00,5.75
18/11/2022 04:00,5.57
18/11/2022 05:00,5.72
18/11/2022 06:00,5.28
18/11/2022 07:00,5.66
18/11/2022 08:00,3.31
18/11/2022 09:00,9.78
18/11/2022 10:00,8.24
18/11/2022 11:00,17.31
18/11/2022 12:00,14.72
18/11/2022 13:00,17.55
18/11/2022 14:00,19.47
18/11/2022 15:00,26.39
18/11/2022 16:00,28.03
18/11/2022 17:00,21.65
18/11/2022 18:00,12.55
18/11/2022 19:00,11.09
18/11/2022 20:00,8.49
18/11/2022 21:00,6.22
18/11/2022 22:00,6.15
18/11/2022 23:00,6.91
19/11/2022 00:00,
19/11/2022 01:00,6.08
19/11/2022 02:00,6.08
19/11/2022 03:00,5.89
19/11/2022 04:00,5.88
19/11/2022 05:00,5.78
19/11/2022 06:00,5.29
19/11/2022 07:00,4.46
19/11/2022 08:00,2.89
19/11/2022 09:00,0.03
19/11/2022 10:00,0
19/11/2022 11:00,0
19/11/2022 12:00,0.03
19/11/2022 13:00,0
19/11/2022 14:00,0
19/11/2022 15:00,0.12
19/11/2022 16:00,3.11
19/11/2022 17:00,9.38
19/11/2022 18:00,10.56
19/11/2022 19:00,10.1
19/11/2022 20:00,10.2
19/11/2022 21:00,10.11
19/11/2022 22:00,10.37
19/11/2022 23:00,8.66
20/11/2022 00:00,
20/11/2022 01:00,6.25
20/11/2022 02:00,6.31
20/11/2022 03:00,6.31
20/11/2022 04:00,6.19
20/11/2022 05:00,6.11
20/11/2022 06:00,5.3
20/11/2022 07:00,
20/11/2022 08:00,
20/11/2022 09:00,
20/11/2022 10:00,0
20/11/2022 11:00,
20/11/2022 12:00,
20/11/2022 13:00,
20/11/2022 14:00,
20/11/2022 15:00,
20/11/2022 16:00,
20/11/2022 17:00,8.67
20/11/2022 18:00,10.72
20/11/2022 19:00,
20/11/2022 20:00,
20/11/2022 21:00,6.57
20/11/2022 22:00,
20/11/2022 23:00,
21/11/2022 00:00,
21/11/2022 01:00,
21/11/2022 02:00,
21/11/2022 03:00,
21/11/2022 04:00,
21/11/2022 05:00,
21/11/2022 06:00,
21/11/2022 07:00,5.81
21/11/2022 08:00,
21/11/2022 09:00,13.93
21/11/2022 10:00,27.23
21/11/2022 11:00,35.02
21/11/2022 12:00,
21/11/2022 13:00,
21/11/2022 14:00,36.25
21/11/2022 15:00,45.61
21/11/2022 16:00,
21/11/2022 17:00,
21/11/2022 18:00,
21/11/2022 19:00,24.2
21/11/2022 20:00,12.24
21/11/2022 21:00,12.2
21/11/2022 22:00,
21/11/2022 23:00,6.1
22/11/2022 00:00,
22/11/2022 01:00,6.08
22/11/2022 02:00,6.08
22/11/2022 03:00,6.04
22/11/2022 04:00,
22/11/2022 05:00,
22/11/2022 06:00,
22/11/2022 07:00,5.41
22/11/2022 08:00,4.67
22/11/2022 09:00,12.03
22/11/2022 10:00,
22/11/2022 11:00,41.02
22/11/2022 12:00,
22/11/2022 13:00,
22/11/2022 14:00,31.53
22/11/2022 15:00,41.58
22/11/2022 16:00,47.89
22/11/2022 17:00,38.91
22/11/2022 18:00,24.31
22/11/2022 19:00,19.78
22/11/2022 20:00,16.19
22/11/2022 21:00,9.31
22/11/2022 22:00,7.14
22/11/2022 23:00,6.69
23/11/2022 00:00,
23/11/2022 01:00,6.73
23/11/2022 02:00,6.71
23/11/2022 03:00,6.7
23/11/2022 04:00,6.62
23/11/2022 05:00,6.72
23/11/2022 06:00,
23/11/2022 07:00,6.09
23/11/2022 08:00,5.78
23/11/2022 09:00,15.85
23/11/2022 10:00,30.25
23/11/2022 11:00,34.97
23/11/2022 12:00,31.37
23/11/2022 13:00,31.08
23/11/2022 14:00,
23/11/2022 15:00,38.21
23/11/2022 16:00,34.78
23/11/2022 17:00,
23/11/2022 18:00,15.16
23/11/2022 19:00,12.95
23/11/2022 20:00,10.72
23/11/2022 21:00,9.4
23/11/2022 22:00,5.93
23/11/2022 23:00,5.93
24/11/2022 00:00,
24/11/2022 01:00,5.97
24/11/2022 02:00,5.88
24/11/2022 03:00,6.34
24/11/2022 04:00,6.36
24/11/2022 05:00,5.9
24/11/2022 06:00,5.69
24/11/2022 07:00,5.47
24/11/2022 08:00,5.03
24/11/2022 09:00,15.42
24/11/2022 10:00,21.74
24/11/2022 11:00,27.97
24/11/2022 12:00,29.14
24/11/2022 13:00,31.12
24/11/2022 14:00,35.55
24/11/2022 15:00,37.05
24/11/2022 16:00,
24/11/2022 17:00,26.23
24/11/2022 18:00,21.58
24/11/2022 19:00,14.13
24/11/2022 20:00,10.12
24/11/2022 21:00,7.38
24/11/2022 22:00,6.5
24/11/2022 23:00,6.32
25/11/2022 00:00,
25/11/2022 01:00,6.24
25/11/2022 02:00,6.28
25/11/2022 03:00,5.89
25/11/2022 04:00,5.87
25/11/2022 05:00,5.86
25/11/2022 06:00,5.71
25/11/2022 07:00,5.04
25/11/2022 08:00,4.13
25/11/2022 09:00,13.04
25/11/2022 10:00,22.74
25/11/2022 11:00,18.92
25/11/2022 12:00,19.88
25/11/2022 13:00,17.32
25/11/2022 14:00,23.35
25/11/2022 15:00,30.45
25/11/2022 16:00,26.49
25/11/2022 17:00,24.31
25/11/2022 18:00,12.19
25/11/2022 19:00,7.35
25/11/2022 20:00,5.54
25/11/2022 21:00,6.12
25/11/2022 22:00,5.86
25/11/2022 23:00,6.09
26/11/2022 00:00,
26/11/2022 01:00,5.81
26/11/2022 02:00,5.89
26/11/2022 03:00,5.81
26/11/2022 04:00,5.86
26/11/2022 05:00,5.84
26/11/2022 06:00,5.47
26/11/2022 07:00,4.49
26/11/2022 08:00,1.89
26/11/2022 09:00,0.65
26/11/2022 10:00,0.22
26/11/2022 11:00,0
26/11/2022 12:00,0.27
26/11/2022 13:00,0.5
26/11/2022 14:00,1.39
26/11/2022 15:00,0
26/11/2022 16:00,2.11
26/11/2022 17:00,5.05
26/11/2022 18:00,7.17
26/11/2022 19:00,6.25
26/11/2022 20:00,6
26/11/2022 21:00,6.23
26/11/2022 22:00,6.2
26/11/2022 23:00,6.07
27/11/2022 00:00,
27/11/2022 01:00,6.16
27/11/2022 02:00,5.95
27/11/2022 03:00,5.67
27/11/2022 04:00,5.61
27/11/2022 05:00,5.74
27/11/2022 06:00,5.39
27/11/2022 07:00,4.9
27/11/2022 08:00,0.94
27/11/2022 09:00,0
27/11/2022 10:00,0.1
27/11/2022 11:00,0.06
27/11/2022 12:00,0.33
27/11/2022 13:00,0.18
27/11/2022 14:00,1.13
27/11/2022 15:00,0.42
27/11/2022 16:00,1.61
27/11/2022 17:00,5.55
27/11/2022 18:00,7.12
27/11/2022 19:00,6.61
27/11/2022 20:00,6.2
27/11/2022 21:00,6.32
27/11/2022 22:00,6.15
27/11/2022 23:00,6.18
28/11/2022 00:00,
28/11/2022 01:00,
28/11/2022 02:00,5.83
28/11/2022 03:00,5.8
28/11/2022 04:00,5.81
28/11/2022 05:00,5.63
28/11/2022 06:00,5.54
28/11/2022 07:00,5.05
28/11/2022 08:00,3.89
28/11/2022 09:00,14.56
28/11/2022 10:00,23.81
28/11/2022 11:00,22.36
28/11/2022 12:00,24.16
28/11/2022 13:00,20.77
28/11/2022 14:00,29
28/11/2022 15:00,29.92
28/11/2022 16:00,34.17
28/11/2022 17:00,31.52
28/11/2022 18:00,14.95
28/11/2022 19:00,14.55
28/11/2022 20:00,12.42
28/11/2022 21:00,11.75
28/11/2022 22:00,11.68
28/11/2022 23:00,11.86
29/11/2022 00:00,
29/11/2022 01:00,9.22
29/11/2022 02:00,9.61
29/11/2022 03:00,7.67
29/11/2022 04:00,6.5
29/11/2022 05:00,5.89
29/11/2022 06:00,5.63
29/11/2022 07:00,4.94
29/11/2022 08:00,2.45
29/11/2022 09:00,19.89
29/11/2022 10:00,29.61
29/11/2022 11:00,27.73
29/11/2022 12:00,27.33
29/11/2022 13:00,31.74
29/11/2022 14:00,31.68
29/11/2022 15:00,37.25
29/11/2022 16:00,42.77
29/11/2022 17:00,35.51
29/11/2022 18:00,19.18
29/11/2022 19:00,12.34
29/11/2022 20:00,8.59
29/11/2022 21:00,8.71
29/11/2022 22:00,8.34
29/11/2022 23:00,8.31
30/11/2022 00:00,
30/11/2022 01:00,7.5
30/11/2022 02:00,
30/11/2022 03:00,7.14
30/11/2022 04:00,5.88
30/11/2022 05:00,5.98
30/11/2022 06:00,5.14
30/11/2022 07:00,5.07
30/11/2022 08:00,2.92
30/11/2022 09:00,13.01
30/11/2022 10:00,25.83
30/11/2022 11:00,30.28
30/11/2022 12:00,26.46
30/11/2022 13:00,30.54
30/11/2022 14:00,29.44
30/11/2022 15:00,34.58
30/11/2022 16:00,39.69
30/11/2022 17:00,38.45
30/11/2022 18:00,22.59
30/11/2022 19:00,12.57
30/11/2022 20:00,8.89
30/11/2022 21:00,8.57
30/11/2022 22:00,8.33
30/11/2022 23:00,8
01/12/2022 00:00,
01/12/2022 01:00,7.55
01/12/2022 02:00,7.36
01/12/2022 03:00,7.38
01/12/2022 04:00,
01/12/2022 05:00,7.33
01/12/2022 06:00,6.14
01/12/2022 07:00,5.97
01/12/2022 08:00,5.9
01/12/2022 09:00,15.66
01/12/2022 10:00,25.08
01/12/2022 11:00,28.42
01/12/2022 12:00,19.86
01/12/2022 13:00,20.33
01/12/2022 14:00,20.95
01/12/2022 15:00,32.25
01/12/2022 16:00,33.63
01/12/2022 17:00,30.45
01/12/2022 18:00,14.7
01/12/2022 19:00,9.1
01/12/2022 20:00,6.34
01/12/2022 21:00,6.33
01/12/2022 22:00,6.37
01/12/2022 23:00,
02/12/2022 00:00,
02/12/2022 01:00,
02/12/2022 02:00,
02/12/2022 03:00,
02/12/2022 04:00,
02/12/2022 05:00,
02/12/2022 06:00,
02/12/2022 07:00,
02/12/2022 08:00,
02/12/2022 09:00,
02/12/2022 10:00,
02/12/2022 11:00,
02/12/2022 12:00,
02/12/2022 13:00,
02/12/2022 14:00,
02/12/2022 15:00,
02/12/2022 16:00,
02/12/2022 17:00,
02/12/2022 18:00,
02/12/2022 19:00,
02/12/2022 20:00,
02/12/2022 21:00,
02/12/2022 22:00,
02/12/2022 23:00,
03/12/2022 00:00,
03/12/2022 01:00,
03/12/2022 02:00,
03/12/2022 03:00,
03/12/2022 04:00,
03/12/2022 05:00,
03/12/2022 06:00,
03/12/2022 07:00,
03/12/2022 08:00,
03/12/2022 09:00,
03/12/2022 10:00,
03/12/2022 11:00,
03/12/2022 12:00,
03/12/2022 13:00,
03/12/2022 14:00,
03/12/2022 15:00,
03/12/2022 16:00,
03/12/2022 17:00,
03/12/2022 18:00,
03/12/2022 19:00,
03/12/2022 20:00,
03/12/2022 21:00,
03/12/2022 22:00,
03/12/2022 23:00,
04/12/2022 00:00,
04/12/2022 01:00,
04/12/2022 02:00,
04/12/2022 03:00,
04/12/2022 04:00,
04/12/2022 05:00,
04/12/2022 06:00,
04/12/2022 07:00,
04/12/2022 08:00,
04/12/2022 09:00,
04/12/2022 10:00,
04/12/2022 11:00,
04/12/2022 12:00,
04/12/2022 13:00,
04/12/2022 14:00,
04/12/2022 15:00,
04/12/2022 16:00,
04/12/2022 17:00,
04/12/2022 18:00,
04/12/2022 19:00,
04/12/2022 20:00,
04/12/2022 21:00,
04/12/2022 22:00,
04/12/2022 23:00,
05/12/2022 00:00,
05/12/2022 01:00,
05/12/2022 02:00,
05/12/2022 03:00,
05/12/2022 04:00,
05/12/2022 05:00,
05/12/2022 06:00,
05/12/2022 07:00,
05/12/2022 08:00,
05/12/2022 09:00,
05/12/2022 10:00,
05/12/2022 11:00,
05/12/2022 12:00,
05/12/2022 13:00,
05/12/2022 14:00,
05/12/2022 15:00,
05/12/2022 16:00,
05/12/2022 17:00,
05/12/2022 18:00,
05/12/2022 19:00,
05/12/2022 20:00,
05/12/2022 21:00,
05/12/2022 22:00,
05/12/2022 23:00,
06/12/2022 00:00,
06/12/2022 01:00,
06/12/2022 02:00,
06/12/2022 03:00,
06/12/2022 04:00,
06/12/2022 05:00,
06/12/2022 06:00,
06/12/2022 07:00,
06/12/2022 08:00,
06/12/2022 09:00,
06/12/2022 10:00,
06/12/2022 11:00,
06/12/2022 12:00,
06/12/2022 13:00,
06/12/2022 14:00,
06/12/2022 15:00,
06/12/2022 16:00,
06/12/2022 17:00,
06/12/2022 18:00,
06/12/2022 19:00,
06/12/2022 20:00,
06/12/2022 21:00,
06/12/2022 22:00,
06/12/2022 23:00,
07/12/2022 00:00,
07/12/2022 01:00,
07/12/2022 02:00,
07/12/2022 03:00,
07/12/2022 04:00,
07/12/2022 05:00,
07/12/2022 06:00,
07/12/2022 07:00,
07/12/2022 08:00,
07/12/2022 09:00,
07/12/2022 10:00,
07/12/2022 11:00,
07/12/2022 12:00,
07/12/2022 13:00,
07/12/2022 14:00,
07/12/2022 15:00,
07/12/2022 16:00,
07/12/2022 17:00,
07/12/2022 18:00,
07/12/2022 19:00,
07/12/2022 20:00,
07/12/2022 21:00,
07/12/2022 22:00,
07/12/2022 23:00,
08/12/2022 00:00,
08/12/2022 01:00,
08/12/2022 02:00,
08/12/2022 03:00,
08/12/2022 04:00,
08/12/2022 05:00,
08/12/2022 06:00,
08/12/2022 07:00,
08/12/2022 08:00,
08/12/2022 09:00,
08/12/2022 10:00,
08/12/2022 11:00,
08/12/2022 12:00,
08/12/2022 13:00,
08/12/2022 14:00,
08/12/2022 15:00,
08/12/2022 16:00,
08/12/2022 17:00,
08/12/2022 18:00,
08/12/2022 19:00,
08/12/2022 20:00,
08/12/2022 21:00,
08/12/2022 22:00,
08/12/2022 23:00,
09/12/2022 00:00,
09/12/2022 01:00,
09/12/2022 02:00,
09/12/2022 03:00,
09/12/2022 04:00,
09/12/2022 05:00,
09/12/2022 06:00,
09/12/2022 07:00,
09/12/2022 08:00,
09/12/2022 09:00,
09/12/2022 10:00,
09/12/2022 11:00,
09/12/2022 12:00,
09/12/2022 13:00,
09/12/2022 14:00,
09/12/2022 15:00,
09/12/2022 16:00,
09/12/2022 17:00,
09/12/2022 18:00,
09/12/2022 19:00,
09/12/2022 20:00,
09/12/2022 21:00,
09/12/2022 22:00,
09/12/2022 23:00,
10/12/2022 00:00,
10/12/2022 01:00,
10/12/2022 02:00,
10/12/2022 03:00,
10/12/2022 04:00,
10/12/2022 05:00,
10/12/2022 06:00,
10/12/2022 07:00,
10/12/2022 08:00,
10/12/2022 09:00,
10/12/2022 10:00,
10/12/2022 11:00,0
10/12/2022 12:00,0
10/12/2022 13:00,0
10/12/2022 14:00,0.48
10/12/2022 15:00,0.61
10/12/2022 16:00,3.31
10/12/2022 17:00,6.61
10/12/2022 18:00,7.1
10/12/2022 19:00,6.92
10/12/2022 20:00,6.31
10/12/2022 21:00,6.83
10/12/2022 22:00,6.47
10/12/2022 23:00,6.4
11/12/2022 00:00,
11/12/2022 01:00,6.3
11/12/2022 02:00,6.37
11/12/2022 03:00,6.33
11/12/2022 04:00,6.33
11/12/2022 05:00,6.12
11/12/2022 06:00,5.8
11/12/2022 07:00,5.23
11/12/2022 08:00,2.15
11/12/2022 09:00,0.12
11/12/2022 10:00,0.39
11/12/2022 11:00,0
11/12/2022 12:00,0.02
11/12/2022 13:00,0
11/12/2022 14:00,0
11/12/2022 15:00,0.07
11/12/2022 16:00,1.16
11/12/2022 17:00,5.89
11/12/2022 18:00,7.27
11/12/2022 19:00,7.03
11/12/2022 20:00,6.9
11/12/2022 21:00,6.41
11/12/2022 22:00,6.25
11/12/2022 23:00,6.39
12/12/2022 00:00,
12/12/2022 01:00,6.2
12/12/2022 02:00,6.05
12/12/2022 03:00,6.21
12/12/2022 04:00,5.86
12/12/2022 05:00,5.88
12/12/2022 06:00,5.56
12/12/2022 07:00,4.56
12/12/2022 08:00,3.57
12/12/2022 09:00,0.28
12/12/2022 10:00,0
12/12/2022 11:00,0
12/12/2022 12:00,0
12/12/2022 13:00,0
12/12/2022 14:00,0
12/12/2022 15:00,0
12/12/2022 16:00,0.7
12/12/2022 17:00,6.95
12/12/2022 18:00,12.52
12/12/2022 19:00,10.2
12/12/2022 20:00,6.41
12/12/2022 21:00,6.76
12/12/2022 22:00,6.41
12/12/2022 23:00,7.24
13/12/2022 00:00,
13/12/2022 01:00,5.93
13/12/2022 02:00,6.12
13/12/2022 03:00,5.67
13/12/2022 04:00,6.11
13/12/2022 05:00,5.64
13/12/2022 06:00,5.71
13/12/2022 07:00,5.18
13/12/2022 08:00,6.66
13/12/2022 09:00,14.45
13/12/2022 10:00,24.47
13/12/2022 11:00,
13/12/2022 12:00,22.22
13/12/2022 13:00,25.75
13/12/2022 14:00,23.06
13/12/2022 15:00,25.56
13/12/2022 16:00,34.88
13/12/2022 17:00,29.98
13/12/2022 18:00,20.72
13/12/2022 19:00,10.08
13/12/2022 20:00,8.12
13/12/2022 21:00,6.72
13/12/2022 22:00,7.41
13/12/2022 23:00,
14/12/2022 00:00,
14/12/2022 01:00,5.84
14/12/2022 02:00,5.83
14/12/2022 03:00,5.67
14/12/2022 04:00,5.66
14/12/2022 05:00,5.55
14/12/2022 06:00,5.11
14/12/2022 07:00,4.78
14/12/2022 08:00,5.06
14/12/2022 09:00,5.77
14/12/2022 10:00,15.64
14/12/2022 11:00,15.73
14/12/2022 12:00,
14/12/2022 13:00,
14/12/2022 14:00,19.36
14/12/2022 15:00,26.56
14/12/2022 16:00,25.15
14/12/2022 17:00,26.99
14/12/2022 18:00,
14/12/2022 19:00,
14/12/2022 20:00,5.55
14/12/2022 21:00,5.66
14/12/2022 22:00,5.83
14/12/2022 23:00,5.78
15/12/2022 00:00,
15/12/2022 01:00,5.83
15/12/2022 02:00,5.71
15/12/2022 03:00,5.89
15/12/2022 04:00,5.69
15/12/2022 05:00,5.77
15/12/2022 06:00,5.11
15/12/2022 07:00,4.59
15/12/2022 08:00,2.39
15/12/2022 09:00,5.1
15/12/2022 10:00,
15/12/2022 11:00,8.37
15/12/2022 12:00,
15/12/2022 13:00,9.67
15/12/2022 14:00,15.77
15/12/2022 15:00,17.14
15/12/2022 16:00,26.94
15/12/2022 17:00,19.73
15/12/2022 18:00,18.34
15/12/2022 19:00,10.68
15/12/2022 20:00,5.65
15/12/2022 21:00,5.55
15/12/2022 22:00,5.59
15/12/2022 23:00,5.53
16/12/2022 00:00,
16/12/2022 01:00,5.43
16/12/2022 02:00,5.32
16/12/2022 03:00,5.1
16/12/2022 04:00,
16/12/2022 05:00,5
16/12/2022 06:00,4.89
16/12/2022 07:00,4.3
16/12/2022 08:00,2.14
16/12/2022 09:00,0.28
16/12/2022 10:00,6.14
16/12/2022 11:00,5.11
16/12/2022 12:00,8.56
16/12/2022 13:00,
16/12/2022 14:00,12.19
16/12/2022 15:00,14.76
16/12/2022 16:00,22.05
16/12/2022 17:00,21.51
16/12/2022 18:00,18.91
16/12/2022 19:00,12.36
16/12/2022 20:00,6.16
16/12/2022 21:00,5.84
16/12/2022 22:00,5.81
16/12/2022 23:00,5.56
17/12/2022 00:00,
17/12/2022 01:00,5.55
17/12/2022 02:00,5.55
17/12/2022 03:00,5.65
17/12/2022 04:00,5.55
17/12/2022 05:00,5.58
17/12/2022 06:00,5.06
17/12/2022 07:00,4.2
17/12/2022 08:00,3.69
17/12/2022 09:00,0.66
17/12/2022 10:00,0.84
17/12/2022 11:00,0.33
17/12/2022 12:00,1.73
17/12/2022 13:00,4.07
17/12/2022 14:00,
17/12/2022 15:00,2.22
17/12/2022 16:00,0.12
17/12/2022 17:00,3.61
17/12/2022 18:00,5.93
17/12/2022 19:00,5.71
17/12/2022 20:00,5.5
17/12/2022 21:00,6.04
17/12/2022 22:00,6.03
17/12/2022 23:00,5.78
18/12/2022 00:00,
18/12/2022 01:00,5.64
18/12/2022 02:00,5.49
18/12/2022 03:00,5.5
18/12/2022 04:00,5.43
18/12/2022 05:00,5.41
18/12/2022 06:00,5.11
18/12/2022 07:00,4.16
18/12/2022 08:00,2.89
18/12/2022 09:00,0.39
18/12/2022 10:00,
18/12/2022 11:00,0
18/12/2022 12:00,0
18/12/2022 13:00,0
18/12/2022 14:00,0
18/12/2022 15:00,0
18/12/2022 16:00,0.01
18/12/2022 17:00,2.27
18/12/2022 18:00,5.48
18/12/2022 19:00,5.75
18/12/2022 20:00,5.67
18/12/2022 21:00,5.91
18/12/2022 22:00,5.8
18/12/2022 23:00,5.67
19/12/2022 00:00,
19/12/2022 01:00,5.47
19/12/2022 02:00,5.55
19/12/2022 03:00,5.42
19/12/2022 04:00,
19/12/2022 05:00,5.45
19/12/2022 06:00,5.3
19/12/2022 07:00,4.46
19/12/2022 08:00,2.75
19/12/2022 09:00,0.18
19/12/2022 10:00,3.31
19/12/2022 11:00,3.7
19/12/2022 12:00,
19/12/2022 13:00,
19/12/2022 14:00,7.6
19/12/2022 15:00,10.79
19/12/2022 16:00,6.89
19/12/2022 17:00,7.57
19/12/2022 18:00,7.05
19/12/2022 19:00,6.31
19/12/2022 20:00,5.32
19/12/2022 21:00,5.67
19/12/2022 22:00,5.84
19/12/2022 23:00,5.58
20/12/2022 00:00,
20/12/2022 01:00,5.58
20/12/2022 02:00,5.5
20/12/2022 03:00,5.41
20/12/2022 04:00,5.26
20/12/2022 05:00,5.41
20/12/2022 06:00,
20/12/2022 07:00,4.37
20/12/2022 08:00,2.08
20/12/2022 09:00,0.08
20/12/2022 10:00,0
20/12/2022 11:00,0.01
20/12/2022 12:00,
20/12/2022 13:00,
20/12/2022 14:00,0
20/12/2022 15:00,8.07
20/12/2022 16:00,10.09
20/12/2022 17:00,13.37
20/12/2022 18:00,7.08
20/12/2022 19:00,
20/12/2022 20:00,5.52
20/12/2022 21:00,6.2
20/12/2022 22:00,6
20/12/2022 23:00,5.97
21/12/2022 00:00,
21/12/2022 01:00,5.52
21/12/2022 02:00,5.48
21/12/2022 03:00,5.64
21/12/2022 04:00,5.58
21/12/2022 05:00,5.44
21/12/2022 06:00,5.26
21/12/2022 07:00,4.38
21/12/2022 08:00,3.28
21/12/2022 09:00,0.03
21/12/2022 10:00,4.1
21/12/2022 11:00,1
21/12/2022 12:00,2.76
21/12/2022 13:00,0.83
21/12/2022 14:00,5.61
21/12/2022 15:00,11.53
21/12/2022 16:00,18.56
21/12/2022 17:00,17.78
21/12/2022 18:00,13.27
21/12/2022 19:00,8.94
21/12/2022 20:00,7.36
21/12/2022 21:00,6.92
21/12/2022 22:00,6.76
21/12/2022 23:00,6.66
22/12/2022 00:00,
22/12/2022 01:00,5.53
22/12/2022 02:00,5.39
22/12/2022 03:00,5.47
22/12/2022 04:00,5.51
22/12/2022 05:00,5.57
22/12/2022 06:00,5.15
22/12/2022 07:00,4.5
22/12/2022 08:00,2.53
22/12/2022 09:00,0.22
22/12/2022 10:00,6.86
22/12/2022 11:00,5.28
22/12/2022 12:00,4.03
22/12/2022 13:00,1.94
22/12/2022 14:00,7.94
22/12/2022 15:00,13.81
22/12/2022 16:00,19.28
22/12/2022 17:00,16.02
22/12/2022 18:00,11.25
22/12/2022 19:00,8.72
22/12/2022 20:00,6.86
22/12/2022 21:00,7.2
22/12/2022 22:00,7.34
22/12/2022 23:00,7.13
23/12/2022 00:00,
23/12/2022 01:00,5.72
23/12/2022 02:00,5.67
23/12/2022 03:00,5.79
23/12/2022 04:00,5.67
23/12/2022 05:00,5.62
23/12/2022 06:00,5.36
23/12/2022 07:00,4.77
23/12/2022 08:00,2.69
23/12/2022 09:00,0.81
23/12/2022 10:00,3.65
23/12/2022 11:00,2.57
23/12/2022 12:00,1.47
23/12/2022 13:00,
23/12/2022 14:00,4.5
23/12/2022 15:00,10.88
23/12/2022 16:00,16.14
23/12/2022 17:00,15.14
23/12/2022 18:00,8.97
23/12/2022 19:00,7.82
23/12/2022 20:00,7.82
23/12/2022 21:00,8.36
23/12/2022 22:00,7.51
23/12/2022 23:00,6.5
24/12/2022 00:00,
24/12/2022 01:00,6.09
24/12/2022 02:00,5.8
24/12/2022 03:00,5.66
24/12/2022 04:00,5.48
24/12/2022 05:00,5.45
24/12/2022 06:00,5.28
24/12/2022 07:00,4.64
24/12/2022 08:00,3.05
24/12/2022 09:00,0.81
24/12/2022 10:00,0.36
24/12/2022 11:00,0.57
24/12/2022 12:00,0
24/12/2022 13:00,0
24/12/2022 14:00,0.01
24/12/2022 15:00,0.58
24/12/2022 16:00,1.91
24/12/2022 17:00,4.76
24/12/2022 18:00,6.89
24/12/2022 19:00,5.99
24/12/2022 20:00,5.39
24/12/2022 21:00,5.7
24/12/2022 22:00,5.64
24/12/2022 23:00,5.75
25/12/2022 00:00,
25/12/2022 01:00,5.56
25/12/2022 02:00,5.47
25/12/2022 03:00,5.36
25/12/2022 04:00,5.33
25/12/2022 05:00,5.33
25/12/2022 06:00,5.23
25/12/2022 07:00,4.64
25/12/2022 08:00,1.91
25/12/2022 09:00,0.04
25/12/2022 10:00,0
25/12/2022 11:00,0
25/12/2022 12:00,0
25/12/2022 13:00,0
25/12/2022 14:00,0
25/12/2022 15:00,0
25/12/2022 16:00,0.02
25/12/2022 17:00,2.11
25/12/2022 18:00,5.22
25/12/2022 19:00,5.76
25/12/2022 20:00,5.91
25/12/2022 21:00,6.06
25/12/2022 22:00,5.75
25/12/2022 23:00,5.89
26/12/2022 00:00,
26/12/2022 01:00,5.46
26/12/2022 02:00,5.35
26/12/2022 03:00,5.34
26/12/2022 04:00,5.47
26/12/2022 05:00,5.31
26/12/2022 06:00,5.13
26/12/2022 07:00,4.4
26/12/2022 08:00,3.4
26/12/2022 09:00,1.06
26/12/2022 10:00,
26/12/2022 11:00,0.55
26/12/2022 12:00,5.37
26/12/2022 13:00,
26/12/2022 14:00,7.45
26/12/2022 15:00,14.94
26/12/2022 16:00,20.91
26/12/2022 17:00,20.81
26/12/2022 18:00,8.66
26/12/2022 19:00,
26/12/2022 20:00,7.03
26/12/2022 21:00,6.5
26/12/2022 22:00,
26/12/2022 23:00,6.54
27/12/2022 00:00,
27/12/2022 01:00,5.43
27/12/2022 02:00,5.44
27/12/2022 03:00,
27/12/2022 04:00,5.3
27/12/2022 05:00,5.4
27/12/2022 06:00,5.25
27/12/2022 07:00,4.41
27/12/2022 08:00,3.48
27/12/2022 09:00,0.49
27/12/2022 10:00,8.31
27/12/2022 11:00,6.28
27/12/2022 12:00,6.05
27/12/2022 13:00,3.91
27/12/2022 14:00,9.48
27/12/2022 15:00,14.11
27/12/2022 16:00,20.86
27/12/2022 17:00,14.9
27/12/2022 18:00,12.79
27/12/2022 19:00,9.23
27/12/2022 20:00,6.03
27/12/2022 21:00,5.81
27/12/2022 22:00,5.71
27/12/2022 23:00,5.76
28/12/2022 00:00,
28/12/2022 01:00,5.81
28/12/2022 02:00,5.52
28/12/2022 03:00,5.55
28/12/2022 04:00,5.4
28/12/2022 05:00,5.55
28/12/2022 06:00,5.42
28/12/2022 07:00,4.85
28/12/2022 08:00,3.4
28/12/2022 09:00,1.14
28/12/2022 10:00,2.39
28/12/2022 11:00,8.96
28/12/2022 12:00,4.97
28/12/2022 13:00,
28/12/2022 14:00,9.89
28/12/2022 15:00,13.01
28/12/2022 16:00,15.78
28/12/2022 17:00,11.57
28/12/2022 18:00,9.54
28/12/2022 19:00,8.36
28/12/2022 20:00,5.91
28/12/2022 21:00,6.09
28/12/2022 22:00,5.77
28/12/2022 23:00,6.06
29/12/2022 00:00,
29/12/2022 01:00,5.57
29/12/2022 02:00,5.53
29/12/2022 03:00,
29/12/2022 04:00,
29/12/2022 05:00,5.43
29/12/2022 06:00,5.24
29/12/2022 07:00,4.56
29/12/2022 08:00,3.61
29/12/2022 09:00,0.64
29/12/2022 10:00,4.58
29/12/2022 11:00,1.7
29/12/2022 12:00,2.42
29/12/2022 13:00,0.88
29/12/2022 14:00,3.56
29/12/2022 15:00,4.69
29/12/2022 16:00,12.42
29/12/2022 17:00,13.09
29/12/2022 18:00,12.83
29/12/2022 19:00,11.17
29/12/2022 20:00,10.19
29/12/2022 21:00,9.84
29/12/2022 22:00,9.9
29/12/2022 23:00,9.73
30/12/2022 00:00,
30/12/2022 01:00,
30/12/2022 02:00,9.44
30/12/2022 03:00,9.45
30/12/2022 04:00,
30/12/2022 05:00,9.25
30/12/2022 06:00,8.94
30/12/2022 07:00,8.03
30/12/2022 08:00,
30/12/2022 09:00,1.78
30/12/2022 10:00,0
30/12/2022 11:00,0
30/12/2022 12:00,0
30/12/2022 13:00,
30/12/2022 14:00,0
30/12/2022 15:00,0
30/12/2022 16:00,0.01
30/12/2022 17:00,1.82
30/12/2022 18:00,5.26
30/12/2022 19:00,
30/12/2022 20:00,5.51
30/12/2022 21:00,5.68
30/12/2022 22:00,5.78
30/12/2022 23:00,5.72
31/12/2022 00:00,
31/12/2022 01:00,
31/12/2022 02:00,5.43
31/12/2022 03:00,5.42
31/12/2022 04:00,5.37
31/12/2022 05:00,5.42
31/12/2022 06:00,5.22
31/12/2022 07:00,4.74
31/12/2022 08:00,3.65
31/12/2022 09:00,0.36
31/12/2022 10:00,0
31/12/2022 11:00,0
31/12/2022 12:00,0
31/12/2022 13:00,0
31/12/2022 14:00,0
31/12/2022 15:00,0
31/12/2022 16:00,0.02
31/12/2022 17:00,1.98
31/12/2022 18:00,
31/12/2022 19:00,5.33
31/12/2022 20:00,5.55
31/12/2022 21:00,5.7
31/12/2022 22:00,5.77
31/12/2022 23:00,5.83
01/01/2023 00:00,
01/01/2023 01:00,5.52
01/01/2023 02:00,5.42
01/01/2023 03:00,5.61
01/01/2023 04:00,5.43
01/01/2023 05:00,5.36
01/01/2023 06:00,5.22
01/01/2023 07:00,4.6
01/01/2023 08:00,1.64
01/01/2023 09:00,0
01/01/2023 10:00,0
01/01/2023 11:00,0
01/01/2023 12:00,0
01/01/2023 13:00,0
01/01/2023 14:00,0
01/01/2023 15:00,0
01/01/2023 16:00,0
01/01/2023 17:00,1.92
01/01/2023 18:00,5.2
01/01/2023 19:00,5.8
01/01/2023 20:00,5.34
01/01/2023 21:00,5.32
01/01/2023 22:00,5.2
01/01/2023 23:00,5.44
02/01/2023 00:00,
02/01/2023 01:00,5.3
02/01/2023 02:00,5.48
02/01/2023 03:00,
02/01/2023 04:00,5.38
02/01/2023 05:00,5.29
02/01/2023 06:00,5.27
02/01/2023 07:00,4.53
02/01/2023 08:00,2.08
02/01/2023 09:00,0
02/01/2023 10:00,0
02/01/2023 11:00,
02/01/2023 12:00,0
02/01/2023 13:00,0
02/01/2023 14:00,0
02/01/2023 15:00,0
02/01/2023 16:00,0.41
02/01/2023 17:00,1.96
02/01/2023 18:00,5.39
02/01/2023 19:00,5.77
02/01/2023 20:00,5.61
02/01/2023 21:00,
02/01/2023 22:00,5.79
02/01/2023 23:00,5.97
03/01/2023 00:00,
03/01/2023 01:00,5.77
03/01/2023 02:00,
03/01/2023 03:00,5.75
03/01/2023 04:00,5.74
03/01/2023 05:00,5.59
03/01/2023 06:00,5.52
03/01/2023 07:00,
03/01/2023 08:00,4.9
03/01/2023 09:00,5.35
03/01/2023 10:00,6.28
03/01/2023 11:00,9.64
03/01/2023 12:00,14
03/01/2023 13:00,
03/01/2023 14:00,12.03
03/01/2023 15:00,15.36
03/01/2023 16:00,
03/01/2023 17:00,19.37
03/01/2023 18:00,
03/01/2023 19:00,
03/01/2023 20:00,6.64
03/01/2023 21:00,
03/01/2023 22:00,
03/01/2023 23:00,
04/01/2023 00:00,
04/01/2023 01:00,
04/01/2023 02:00,
04/01/2023 03:00,
04/01/2023 04:00,
04/01/2023 05:00,
04/01/2023 06:00,
04/01/2023 07:00,
04/01/2023 08:00,5.22
04/01/2023 09:00,
04/01/2023 10:00,
04/01/2023 11:00,11.72
04/01/2023 12:00,
04/01/2023 13:00,
04/01/2023 14:00,4.43
04/01/2023 15:00,
04/01/2023 16:00,16.81
04/01/2023 17:00,
04/01/2023 18:00,
04/01/2023 19:00,
04/01/2023 20:00,6.67
04/01/2023 21:00,6.42
04/01/2023 22:00,5.92
04/01/2023 23:00,6.38
05/01/2023 00:00,
05/01/2023 01:00,
05/01/2023 02:00,
05/01/2023 03:00,5.79
05/01/2023 04:00,5.79
05/01/2023 05:00,5.71
05/01/2023 06:00,5.67
05/01/2023 07:00,5.23
05/01/2023 08:00,
05/01/2023 09:00,0.39
05/01/2023 10:00,3.73
05/01/2023 11:00,0.35
05/01/2023 12:00,
05/01/2023 13:00,
05/01/2023 14:00,6.84
05/01/2023 15:00,12.36
05/01/2023 16:00,16.96
05/01/2023 17:00,17.61
05/01/2023 18:00,8.21
05/01/2023 19:00,
05/01/2023 20:00,6.57
05/01/2023 21:00,6.9
05/01/2023 22:00,6.08
05/01/2023 23:00,6.05
06/01/2023 00:00,
06/01/2023 01:00,5.77
06/01/2023 02:00,
06/01/2023 03:00,5.74
06/01/2023 04:00,
06/01/2023 05:00,5.75
06/01/2023 06:00,5.5
06/01/2023 07:00,5.65
06/01/2023 08:00,4
06/01/2023 09:00,0.66
06/01/2023 10:00,
06/01/2023 11:00,4.06
06/01/2023 12:00,
06/01/2023 13:00,0.69
06/01/2023 14:00,4.31
06/01/2023 15:00,6.2
06/01/2023 16:00,
06/01/2023 17:00,16.77
06/01/2023 18:00,
06/01/2023 19:00,
06/01/2023 20:00,10.67
06/01/2023 21:00,10.47
06/01/2023 22:00,
06/01/2023 23:00,10.28
07/01/2023 00:00,
07/01/2023 01:00,9.67
07/01/2023 02:00,9.58
07/01/2023 03:00,9.34
07/01/2023 04:00,8.97
07/01/2023 05:00,8.88
07/01/2023 06:00,8.64
07/01/2023 07:00,
07/01/2023 08:00,5.86
07/01/2023 09:00,0.47
07/01/2023 10:00,
07/01/2023 11:00,0
07/01/2023 12:00,0
07/01/2023 13:00,
07/01/2023 14:00,
07/01/2023 15:00,0
07/01/2023 16:00,
07/01/2023 17:00,
07/01/2023 18:00,
07/01/2023 19:00,
07/01/2023 20:00,6.6
07/01/2023 21:00,10.54
07/01/2023 22:00,
07/01/2023 23:00,
08/01/2023 00:00,
08/01/2023 01:00,
08/01/2023 02:00,
08/01/2023 03:00,
08/01/2023 04:00,
08/01/2023 05:00,
08/01/2023 06:00,
08/01/2023 07:00,
08/01/2023 08:00,4.99
08/01/2023 09:00,2.84
08/01/2023 10:00,
08/01/2023 11:00,0.04
08/01/2023 12:00,
08/01/2023 13:00,
08/01/2023 14:00,
08/01/2023 15:00,
08/01/2023 16:00,4.16
08/01/2023 17:00,
08/01/2023 18:00,
08/01/2023 19:00,8.39
08/01/2023 20:00,7.96
08/01/2023 21:00,
08/01/2023 22:00,
08/01/2023 23:00,6.03
09/01/2023 00:00,
09/01/2023 01:00,
09/01/2023 02:00,
09/01/2023 03:00,
09/01/2023 04:00,
09/01/2023 05:00,
09/01/2023 06:00,
09/01/2023 07:00,5.1
09/01/2023 08:00,5.1
09/01/2023 09:00,
09/01/2023 10:00,
09/01/2023 11:00,
09/01/2023 12:00,
09/01/2023 13:00,4.19
09/01/2023 14:00,5.69
09/01/2023 15:00,11
09/01/2023 16:00,17.14
09/01/2023 17:00,17.7
09/01/2023 18:00,14.69
09/01/2023 19:00,12.08
09/01/2023 20:00,9
09/01/2023 21:00,8.61
09/01/2023 22:00,
09/01/2023 23:00,9.43
10/01/2023 00:00,
10/01/2023 01:00,
10/01/2023 02:00,5.88
10/01/2023 03:00,5.76
10/01/2023 04:00,
10/01/2023 05:00,
10/01/2023 06:00,
10/01/2023 07:00,
10/01/2023 08:00,
10/01/2023 09:00,
10/01/2023 10:00,
10/01/2023 11:00,
10/01/2023 12:00,
10/01/2023 13:00,
10/01/2023 14:00,
10/01/2023 15:00,
10/01/2023 16:00,
10/01/2023 17:00,
10/01/2023 18:00,
10/01/2023 19:00,
10/01/2023 20:00,
10/01/2023 21:00,
10/01/2023 22:00,
10/01/2023 23:00,
11/01/2023 00:00,
11/01/2023 01:00,
11/01/2023 02:00,
11/01/2023 03:00,
11/01/2023 04:00,
11/01/2023 05:00,
11/01/2023 06:00,
11/01/2023 07:00,
11/01/2023 08:00,
11/01/2023 09:00,
11/01/2023 10:00,
11/01/2023 11:00,
11/01/2023 12:00,
11/01/2023 13:00,
11/01/2023 14:00,
11/01/2023 15:00,
11/01/2023 16:00,
11/01/2023 17:00,
11/01/2023 18:00,
11/01/2023 19:00,
11/01/2023 20:00,
11/01/2023 21:00,
11/01/2023 22:00,
11/01/2023 23:00,
12/01/2023 00:00,
12/01/2023 01:00,
12/01/2023 02:00,
12/01/2023 03:00,
12/01/2023 04:00,
12/01/2023 05:00,
12/01/2023 06:00,
12/01/2023 07:00,
12/01/2023 08:00,
12/01/2023 09:00,2.91
12/01/2023 10:00,10.89
12/01/2023 11:00,8.86
12/01/2023 12:00,5
12/01/2023 13:00,5.37
12/01/2023 14:00,14.58
12/01/2023 15:00,19.45
12/01/2023 16:00,20.3
12/01/2023 17:00,19.98
12/01/2023 18:00,
12/01/2023 19:00,8.54
12/01/2023 20:00,6.19
12/01/2023 21:00,5.86
12/01/2023 22:00,5.38
12/01/2023 23:00,5.54
13/01/2023 00:00,
13/01/2023 01:00,6.11
13/01/2023 02:00,5.82
13/01/2023 03:00,5.62
13/01/2023 04:00,5.99
13/01/2023 05:00,5.64
13/01/2023 06:00,5.23
13/01/2023 07:00,5.47
13/01/2023 08:00,4.39
13/01/2023 09:00,1.28
13/01/2023 10:00,2
13/01/2023 11:00,1.17
13/01/2023 12:00,1.6
13/01/2023 13:00,1.43
13/01/2023 14:00,3.47
13/01/2023 15:00,11.5
13/01/2023 16:00,16.41
13/01/2023 17:00,18.86
13/01/2023 18:00,
13/01/2023 19:00,13.42
13/01/2023 20:00,10.14
13/01/2023 21:00,8.34
13/01/2023 22:00,8.43
13/01/2023 23:00,8.64
14/01/2023 00:00,
14/01/2023 01:00,5.82
14/01/2023 02:00,5.98
14/01/2023 03:00,5.78
14/01/2023 04:00,5.8
14/01/2023 05:00,5.78
14/01/2023 06:00,5.55
14/01/2023 07:00,5.17
14/01/2023 08:00,3.08
14/01/2023 09:00,0.15
14/01/2023 10:00,0
14/01/2023 11:00,0.24
14/01/2023 12:00,4.84
14/01/2023 13:00,5.03
14/01/2023 14:00,6.71
14/01/2023 15:00,14.11
14/01/2023 16:00,9.15
14/01/2023 17:00,6.41
14/01/2023 18:00,
14/01/2023 19:00,6.27
14/01/2023 20:00,6.89
14/01/2023 21:00,6.51
14/01/2023 22:00,6.22
14/01/2023 23:00,6.55
15/01/2023 00:00,
15/01/2023 01:00,5.96
15/01/2023 02:00,5.68
15/01/2023 03:00,5.74
15/01/2023 04:00,5.56
15/01/2023 05:00,5.64
15/01/2023 06:00,5.63
15/01/2023 07:00,5.39
15/01/2023 08:00,2.4
15/01/2023 09:00,0
15/01/2023 10:00,0
15/01/2023 11:00,0
15/01/2023 12:00,0
15/01/2023 13:00,0
15/01/2023 14:00,0
15/01/2023 15:00,0
15/01/2023 16:00,0
15/01/2023 17:00,1.53
15/01/2023 18:00,5.32
15/01/2023 19:00,5.84
15/01/2023 20:00,5.72
15/01/2023 21:00,5.55
15/01/2023 22:00,5.25
15/01/2023 23:00,5.5
16/01/2023 00:00,
16/01/2023 01:00,5.25
16/01/2023 02:00,5.2
16/01/2023 03:00,5.16
16/01/2023 04:00,5.2
16/01/2023 05:00,5.16
16/01/2023 06:00,5.14
16/01/2023 07:00,5.15
16/01/2023 08:00,3.25
16/01/2023 09:00,0.05
16/01/2023 10:00,1.08
16/01/2023 11:00,3.94
16/01/2023 12:00,1.15
16/01/2023 13:00,1.58
16/01/2023 14:00,5.19
16/01/2023 15:00,10.78
16/01/2023 16:00,15.06
16/01/2023 17:00,20.81
16/01/2023 18:00,12.44
16/01/2023 19:00,10.02
16/01/2023 20:00,8
16/01/2023 21:00,6.32
16/01/2023 22:00,5.75
16/01/2023 23:00,6.71
17/01/2023 00:00,
17/01/2023 01:00,6.64
17/01/2023 02:00,6.75
17/01/2023 03:00,6.77
17/01/2023 04:00,6.48
17/01/2023 05:00,6.72
17/01/2023 06:00,6.47
17/01/2023 07:00,6.8
17/01/2023 08:00,4.94
17/01/2023 09:00,1.03
17/01/2023 10:00,4.54
17/01/2023 11:00,1.75
17/01/2023 12:00,1.94
17/01/2023 13:00,2.59
17/01/2023 14:00,6.08
17/01/2023 15:00,11.82
17/01/2023 16:00,18.42
17/01/2023 17:00,20.28
17/01/2023 18:00,
17/01/2023 19:00,12.83
17/01/2023 20:00,8.39
17/01/2023 21:00,6.63
17/01/2023 22:00,5.92
17/01/2023 23:00,5.87
18/01/2023 00:00,
18/01/2023 01:00,5.88
18/01/2023 02:00,5.86
18/01/2023 03:00,5.65
18/01/2023 04:00,5.79
18/01/2023 05:00,5.59
18/01/2023 06:00,5.51
18/01/2023 07:00,5.49
18/01/2023 08:00,5.75
18/01/2023 09:00,3.44
18/01/2023 10:00,6.68
18/01/2023 11:00,6.13
18/01/2023 12:00,1.97
18/01/2023 13:00,1.12
18/01/2023 14:00,9.6
18/01/2023 15:00,13.78
18/01/2023 16:00,20.29
18/01/2023 17:00,21.79
18/01/2023 18:00,
18/01/2023 19:00,10.62
18/01/2023 20:00,9.66
18/01/2023 21:00,8.66
18/01/2023 22:00,7.75
18/01/2023 23:00,6.79
19/01/2023 00:00,
19/01/2023 01:00,6.21
19/01/2023 02:00,6
19/01/2023 03:00,5.64
19/01/2023 04:00,5.69
19/01/2023 05:00,5.86
19/01/2023 06:00,5.85
19/01/2023 07:00,5.57
19/01/2023 08:00,3.94
19/01/2023 09:00,0.89
19/01/2023 10:00,0.14
19/01/2023 11:00,0.41
19/01/2023 12:00,0.48
19/01/2023 13:00,0.03
19/01/2023 14:00,3.88
19/01/2023 15:00,7.94
19/01/2023 16:00,14.04
19/01/2023 17:00,15.82
19/01/2023 18:00,13.59
19/01/2023 19:00,11.59
19/01/2023 20:00,8.94
19/01/2023 21:00,7.39
19/01/2023 22:00,5.36
19/01/2023 23:00,5.78
20/01/2023 00:00,
20/01/2023 01:00,5.52
20/01/2023 02:00,5.59
20/01/2023 03:00,5.45
20/01/2023 04:00,5.38
20/01/2023 05:00,5.26
20/01/2023 06:00,5.28
20/01/2023 07:00,5.32
20/01/2023 08:00,5.43
20/01/2023 09:00,0.41
20/01/2023 10:00,0.28
20/01/2023 11:00,0.42
20/01/2023 12:00,0.75
20/01/2023 13:00,0.08
20/01/2023 14:00,1.89
20/01/2023 15:00,7.33
20/01/2023 16:00,13.3
20/01/2023 17:00,17.58
20/01/2023 18:00,
20/01/2023 19:00,9.48
20/01/2023 20:00,6.75
20/01/2023 21:00,6.66
20/01/2023 22:00,6.41
20/01/2023 23:00,6.7
21/01/2023 00:00,
21/01/2023 01:00,5.54
21/01/2023 02:00,5.54
21/01/2023 03:00,5.55
21/01/2023 04:00,5.66
21/01/2023 05:00,5.85
21/01/2023 06:00,5.91
21/01/2023 07:00,5.69
21/01/2023 08:00,2.75
21/01/2023 09:00,0
21/01/2023 10:00,0
21/01/2023 11:00,0
21/01/2023 12:00,0
21/01/2023 13:00,0
21/01/2023 14:00,0
21/01/2023 15:00,0
21/01/2023 16:00,0.62
21/01/2023 17:00,4.28
21/01/2023 18:00,7.49
21/01/2023 19:00,8.25
21/01/2023 20:00,8.11
21/01/2023 21:00,8.01
21/01/2023 22:00,7.6
21/01/2023 23:00,7.56
22/01/2023 00:00,
22/01/2023 01:00,5.29
22/01/2023 02:00,5.8
22/01/2023 03:00,5.47
22/01/2023 04:00,5.48
22/01/2023 05:00,5.71
22/01/2023 06:00,5.84
22/01/2023 07:00,5.62
22/01/2023 08:00,2.66
22/01/2023 09:00,0
22/01/2023 10:00,0
22/01/2023 11:00,0
22/01/2023 12:00,0
22/01/2023 13:00,0
22/01/2023 14:00,0
22/01/2023 15:00,0
22/01/2023 16:00,0
22/01/2023 17:00,1.31
22/01/2023 18:00,5.21
22/01/2023 19:00,6.17
22/01/2023 20:00,6.39
22/01/2023 21:00,5.75
22/01/2023 22:00,5.16
22/01/2023 23:00,5.76
23/01/2023 00:00,
23/01/2023 01:00,5.23
23/01/2023 02:00,5.33
23/01/2023 03:00,5.14
23/01/2023 04:00,5.2
23/01/2023 05:00,5.1
23/01/2023 06:00,4.92
23/01/2023 07:00,4.87
23/01/2023 08:00,3.91
23/01/2023 09:00,0.03
23/01/2023 10:00,1.34
23/01/2023 11:00,0.11
23/01/2023 12:00,0.16
23/01/2023 13:00,0
23/01/2023 14:00,5.28
23/01/2023 15:00,9.8
23/01/2023 16:00,16.26
23/01/2023 17:00,15.8
23/01/2023 18:00,7.97
23/01/2023 19:00,6.69
23/01/2023 20:00,6.15
23/01/2023 21:00,6
23/01/2023 22:00,5.61
23/01/2023 23:00,5.88
24/01/2023 00:00,
24/01/2023 01:00,5.19
24/01/2023 02:00,5.56
24/01/2023 03:00,5.44
24/01/2023 04:00,5.69
24/01/2023 05:00,5.95
24/01/2023 06:00,5.63
24/01/2023 07:00,5.23
24/01/2023 08:00,5.17
24/01/2023 09:00,1.42
24/01/2023 10:00,0.04
24/01/2023 11:00,0.04
24/01/2023 12:00,0.52
24/01/2023 13:00,3.76
24/01/2023 14:00,9.54
24/01/2023 15:00,13.9
24/01/2023 16:00,17.2
24/01/2023 17:00,21.88
24/01/2023 18:00,14.12
24/01/2023 19:00,11.49
24/01/2023 20:00,7.19
24/01/2023 21:00,7.04
24/01/2023 22:00,6.3
24/01/2023 23:00,6.52
25/01/2023 00:00,
25/01/2023 01:00,6.1
25/01/2023 02:00,6.14
25/01/2023 03:00,6.14
25/01/2023 04:00,5.83
25/01/2023 05:00,5.79
25/01/2023 06:00,5.86
25/01/2023 07:00,6.21
25/01/2023 08:00,3.89
25/01/2023 09:00,0.29
25/01/2023 10:00,1.44
25/01/2023 11:00,0.97
25/01/2023 12:00,0.13
25/01/2023 13:00,0.62
25/01/2023 14:00,3.33
25/01/2023 15:00,7.2
25/01/2023 16:00,12.42
25/01/2023 17:00,15.41
25/01/2023 18:00,9.59
25/01/2023 19:00,8.04
25/01/2023 20:00,6.53
25/01/2023 21:00,6.22
25/01/2023 22:00,5.62
25/01/2023 23:00,6
26/01/2023 00:00,
26/01/2023 01:00,5.71
26/01/2023 02:00,5.39
26/01/2023 03:00,5.58
26/01/2023 04:00,5.52
26/01/2023 05:00,5.53
26/01/2023 06:00,5.67
26/01/2023 07:00,5.6
26/01/2023 08:00,4.62
26/01/2023 09:00,0.78
26/01/2023 10:00,0.35
26/01/2023 11:00,0
26/01/2023 12:00,0
26/01/2023 13:00,0
26/01/2023 14:00,1.35
26/01/2023 15:00,5.4
26/01/2023 16:00,12.1
26/01/2023 17:00,16.07
26/01/2023 18:00,9.75
26/01/2023 19:00,8.48
26/01/2023 20:00,6.38
26/01/2023 21:00,5.93
26/01/2023 22:00,5.96
26/01/2023 23:00,5.93
27/01/2023 00:00,
27/01/2023 01:00,5.59
27/01/2023 02:00,5.58
27/01/2023 03:00,5.42
27/01/2023 04:00,5.66
27/01/2023 05:00,5.52
27/01/2023 06:00,5.29
27/01/2023 07:00,5.77
27/01/2023 08:00,4
27/01/2023 09:00,0.48
27/01/2023 10:00,0.07
27/01/2023 11:00,0
27/01/2023 12:00,0.01
27/01/2023 13:00,0.84
27/01/2023 14:00,5.54
27/01/2023 15:00,8.5
27/01/2023 16:00,14.62
27/01/2023 17:00,16.84
27/01/2023 18:00,10.58
27/01/2023 19:00,9.41
27/01/2023 20:00,8.51
27/01/2023 21:00,7.29
27/01/2023 22:00,6.2
27/01/2023 23:00,6.69
28/01/2023 00:00,
28/01/2023 01:00,5.81
28/01/2023 02:00,5.71
28/01/2023 03:00,5.86
28/01/2023 04:00,5.84
28/01/2023 05:00,5.72
28/01/2023 06:00,5.39
28/01/2023 07:00,5
28/01/2023 08:00,2.66
28/01/2023 09:00,0
28/01/2023 10:00,0
28/01/2023 11:00,0
28/01/2023 12:00,0
28/01/2023 13:00,0
28/01/2023 14:00,0
28/01/2023 15:00,0
28/01/2023 16:00,0
28/01/2023 17:00,1.26
28/01/2023 18:00,4.67
28/01/2023 19:00,5.94
28/01/2023 20:00,5.91
28/01/2023 21:00,5.61
28/01/2023 22:00,5.34
28/01/2023 23:00,5.89
29/01/2023 00:00,
29/01/2023 01:00,5.44
29/01/2023 02:00,5.31
29/01/2023 03:00,5.34
29/01/2023 04:00,5.38
29/01/2023 05:00,5.48
29/01/2023 06:00,5.11
29/01/2023 07:00,4.88
29/01/2023 08:00,2.62
29/01/2023 09:00,0.03
29/01/2023 10:00,0
29/01/2023 11:00,0
29/01/2023 12:00,0
29/01/2023 13:00,0
29/01/2023 14:00,0
29/01/2023 15:00,0
29/01/2023 16:00,0
29/01/2023 17:00,1.35
29/01/2023 18:00,4.44
29/01/2023 19:00,5.82
29/01/2023 20:00,5.83
29/01/2023 21:00,5.78
29/01/2023 22:00,5.38
29/01/2023 23:00,5.62
30/01/2023 00:00,
30/01/2023 01:00,5.58
30/01/2023 02:00,5.63
30/01/2023 03:00,5.48
30/01/2023 04:00,5.58
30/01/2023 05:00,5.62
30/01/2023 06:00,5.49
30/01/2023 07:00,5.55
30/01/2023 08:00,4.25
30/01/2023 09:00,0.21
30/01/2023 10:00,0.04
30/01/2023 11:00,0
30/01/2023 12:00,0
30/01/2023 13:00,0
30/01/2023 14:00,0.29
30/01/2023 15:00,4.13
30/01/2023 16:00,7.26
30/01/2023 17:00,10.8
30/01/2023 18:00,7.05
30/01/2023 19:00,7.42
30/01/2023 20:00,6.97
30/01/2023 21:00,6.64
30/01/2023 22:00,6.34
30/01/2023 23:00,6.42
31/01/2023 00:00,
31/01/2023 01:00,6.52
31/01/2023 02:00,6.28
31/01/2023 03:00,6.19
31/01/2023 04:00,6.14
31/01/2023 05:00,6.11
31/01/2023 06:00,6
31/01/2023 07:00,6.14
31/01/2023 08:00,4.54
31/01/2023 09:00,0.53
31/01/2023 10:00,0.02
31/01/2023 11:00,0
31/01/2023 12:00,0
31/01/2023 13:00,0
31/01/2023 14:00,0.03
31/01/2023 15:00,0.09
31/01/2023 16:00,4.27
31/01/2023 17:00,9.33
31/01/2023 18:00,8.11
31/01/2023 19:00,7.67
31/01/2023 20:00,7.53
31/01/2023 21:00,6.89
31/01/2023 22:00,5.81
31/01/2023 23:00,5.66
01/02/2023 00:00,
01/02/2023 01:00,5.78
01/02/2023 02:00,5.5
01/02/2023 03:00,5.28
01/02/2023 04:00,5.22
01/02/2023 05:00,5.22
01/02/2023 06:00,5.29
01/02/2023 07:00,5.13
01/02/2023 08:00,3.77
01/02/2023 09:00,0.7
01/02/2023 10:00,0
01/02/2023 11:00,0
01/02/2023 12:00,0
01/02/2023 13:00,0
01/02/2023 14:00,0.19
01/02/2023 15:00,3.87
01/02/2023 16:00,8.59
01/02/2023 17:00,13.93
01/02/2023 18:00,9.57
01/02/2023 19:00,7.36
01/02/2023 20:00,7.22
01/02/2023 21:00,6.64
01/02/2023 22:00,5.33
01/02/2023 23:00,5.72
02/02/2023 00:00,
02/02/2023 01:00,5.36
02/02/2023 02:00,5.3
02/02/2023 03:00,5.31
02/02/2023 04:00,5.29
02/02/2023 05:00,5.3
02/02/2023 06:00,5.38
02/02/2023 07:00,
02/02/2023 08:00,4.2
02/02/2023 09:00,0.37
02/02/2023 10:00,0.02
02/02/2023 11:00,0
02/02/2023 12:00,0
02/02/2023 13:00,0.03
02/02/2023 14:00,1.22
02/02/2023 15:00,6.58
02/02/2023 16:00,12.33
02/02/2023 17:00,14.18
02/02/2023 18:00,9.72
02/02/2023 19:00,7.8
02/02/2023 20:00,6.28
02/02/2023 21:00,6.63
02/02/2023 22:00,5.92
02/02/2023 23:00,6.12
03/02/2023 00:00,
03/02/2023 01:00,5.63
03/02/2023 02:00,5.55
03/02/2023 03:00,5.5
03/02/2023 04:00,5.4
03/02/2023 05:00,5.42
03/02/2023 06:00,5.44
03/02/2023 07:00,5.41
03/02/2023 08:00,4.97
03/02/2023 09:00,5.76
03/02/2023 10:00,7.6
03/02/2023 11:00,6.81
03/02/2023 12:00,5.97
03/02/2023 13:00,1.76
03/02/2023 14:00,5.77
03/02/2023 15:00,6.17
03/02/2023 16:00,9.8
03/02/2023 17:00,13.78
03/02/2023 18:00,8.75
03/02/2023 19:00,6.59
03/02/2023 20:00,6.42
03/02/2023 21:00,6.27
03/02/2023 22:00,5.81
03/02/2023 23:00,6.19
04/02/2023 00:00,
04/02/2023 01:00,6.11
04/02/2023 02:00,6.01
04/02/2023 03:00,6.16
04/02/2023 04:00,6
04/02/2023 05:00,5.97
04/02/2023 06:00,6.06
04/02/2023 07:00,5.72
04/02/2023 08:00,4.64
04/02/2023 09:00,2.37
04/02/2023 10:00,1.69
04/02/2023 11:00,0.3
04/02/2023 12:00,0.83
04/02/2023 13:00,0.26
04/02/2023 14:00,1.66
04/02/2023 15:00,1.19
04/02/2023 16:00,0.7
04/02/2023 17:00,4.89
04/02/2023 18:00,6.53
04/02/2023 19:00,6.06
04/02/2023 20:00,6.05
04/02/2023 21:00,6
04/02/2023 22:00,5.33
04/02/2023 23:00,5.92
05/02/2023 00:00,
05/02/2023 01:00,5.82
05/02/2023 02:00,5.79
05/02/2023 03:00,5.61
05/02/2023 04:00,5.65
05/02/2023 05:00,5.67
05/02/2023 06:00,5.77
05/02/2023 07:00,5.41
05/02/2023 08:00,4.04
05/02/2023 09:00,2.33
05/02/2023 10:00,0.13
05/02/2023 11:00,0
05/02/2023 12:00,0
05/02/2023 13:00,0
05/02/2023 14:00,0
05/02/2023 15:00,0
05/02/2023 16:00,0.01
05/02/2023 17:00,2.36
05/02/2023 18:00,5.27
05/02/2023 19:00,6.25
05/02/2023 20:00,6.15
05/02/2023 21:00,6.22
05/02/2023 22:00,5.72
05/02/2023 23:00,6.03
06/02/2023 00:00,
06/02/2023 01:00,6.06
06/02/2023 02:00,5.97
06/02/2023 03:00,5.92
06/02/2023 04:00,5.89
06/02/2023 05:00,5.7
06/02/2023 06:00,5.72
06/02/2023 07:00,5.28
06/02/2023 08:00,4.82
06/02/2023 09:00,5.03
06/02/2023 10:00,9.09
06/02/2023 11:00,8.69
06/02/2023 12:00,10.61
06/02/2023 13:00,7.45
06/02/2023 14:00,12.48
06/02/2023 15:00,17.43
06/02/2023 16:00,23.9
06/02/2023 17:00,24.91
06/02/2023 18:00,15.08
06/02/2023 19:00,9.92
06/02/2023 20:00,6.87
06/02/2023 21:00,6.71
06/02/2023 22:00,6.15
06/02/2023 23:00,6.55
07/02/2023 00:00,
07/02/2023 01:00,6.14
07/02/2023 02:00,6.03
07/02/2023 03:00,6.25
07/02/2023 04:00,6.21
07/02/2023 05:00,6.07
07/02/2023 06:00,6.08
07/02/2023 07:00,5.96
07/02/2023 08:00,4.51
07/02/2023 09:00,4.66
07/02/2023 10:00,8.75
07/02/2023 11:00,10.37
07/02/2023 12:00,11.13
07/02/2023 13:00,15.72
07/02/2023 14:00,18.98
07/02/2023 15:00,30.94
07/02/2023 16:00,30.78
07/02/2023 17:00,25.56
07/02/2023 18:00,13.74
07/02/2023 19:00,15
07/02/2023 20:00,13.32
07/02/2023 21:00,13.83
07/02/2023 22:00,11.74
07/02/2023 23:00,9.5
08/02/2023 00:00,
08/02/2023 01:00,6.16
08/02/2023 02:00,6.39
08/02/2023 03:00,6.36
08/02/2023 04:00,6.37
08/02/2023 05:00,6.11
08/02/2023 06:00,5.85
08/02/2023 07:00,5.89
08/02/2023 08:00,5
08/02/2023 09:00,10.17
08/02/2023 10:00,14.98
08/02/2023 11:00,14.47
08/02/2023 12:00,14.14
08/02/2023 13:00,13.89
08/02/2023 14:00,18.74
08/02/2023 15:00,21.95
08/02/2023 16:00,26.11
08/02/2023 17:00,36.87
08/02/2023 18:00,17.38
08/02/2023 19:00,14.16
08/02/2023 20:00,10.84
08/02/2023 21:00,10.59
08/02/2023 22:00,9.14
08/02/2023 23:00,7.28
09/02/2023 00:00,
09/02/2023 01:00,5.98
09/02/2023 02:00,6.25
09/02/2023 03:00,6.16
09/02/2023 04:00,5.95
09/02/2023 05:00,6.05
09/02/2023 06:00,5.76
09/02/2023 07:00,5.53
09/02/2023 08:00,4.46
09/02/2023 09:00,15.56
09/02/2023 10:00,21.08
09/02/2023 11:00,22.57
09/02/2023 12:00,24.43
09/02/2023 13:00,24.92
09/02/2023 14:00,26.3
09/02/2023 15:00,31.81
09/02/2023 16:00,29.78
09/02/2023 17:00,29.48
09/02/2023 18:00,16.16
09/02/2023 19:00,15.16
09/02/2023 20:00,10.93
09/02/2023 21:00,9.55
09/02/2023 22:00,8.73
09/02/2023 23:00,9.24
10/02/2023 00:00,
10/02/2023 01:00,6.33
10/02/2023 02:00,6.55
10/02/2023 03:00,6.37
10/02/2023 04:00,6.52
10/02/2023 05:00,6.4
10/02/2023 06:00,6.21
10/02/2023 07:00,5.81
10/02/2023 08:00,4.52
10/02/2023 09:00,4.5
10/02/2023 10:00,14.98
10/02/2023 11:00,15.05
10/02/2023 12:00,15.39
10/02/2023 13:00,15.29
10/02/2023 14:00,21.15
10/02/2023 15:00,32
10/02/2023 16:00,31.9
10/02/2023 17:00,23.6
10/02/2023 18:00,14.89
10/02/2023 19:00,13.39
10/02/2023 20:00,9.82
10/02/2023 21:00,9.65
10/02/2023 22:00,9.01
10/02/2023 23:00,9.09
11/02/2023 00:00,
11/02/2023 01:00,6.02
11/02/2023 02:00,6.45
11/02/2023 03:00,6.41
11/02/2023 04:00,6.45
11/02/2023 05:00,6.45
11/02/2023 06:00,6.1
11/02/2023 07:00,5.61
11/02/2023 08:00,3.95
11/02/2023 09:00,0.2
11/02/2023 10:00,0
11/02/2023 11:00,0
11/02/2023 12:00,0
11/02/2023 13:00,0
11/02/2023 14:00,0
11/02/2023 15:00,0
11/02/2023 16:00,0.11
11/02/2023 17:00,3.91
11/02/2023 18:00,8.02
11/02/2023 19:00,9.48
11/02/2023 20:00,9.62
11/02/2023 21:00,9.33
11/02/2023 22:00,8.6
11/02/2023 23:00,7.73
12/02/2023 00:00,
12/02/2023 01:00,6.17
12/02/2023 02:00,5.99
12/02/2023 03:00,6.07
12/02/2023 04:00,5.88
12/02/2023 05:00,6.08
12/02/2023 06:00,6.14
12/02/2023 07:00,5.73
12/02/2023 08:00,3.49
12/02/2023 09:00,0.04
12/02/2023 10:00,0
12/02/2023 11:00,0
12/02/2023 12:00,0
12/02/2023 13:00,0
12/02/2023 14:00,0
12/02/2023 15:00,0
12/02/2023 16:00,0.11
12/02/2023 17:00,3.55
12/02/2023 18:00,8.64
12/02/2023 19:00,9.52
12/02/2023 20:00,9.31
12/02/2023 21:00,8.86
12/02/2023 22:00,8.23
12/02/2023 23:00,7.36
13/02/2023 00:00,
13/02/2023 01:00,6
13/02/2023 02:00,5.93
13/02/2023 03:00,5.96
13/02/2023 04:00,6
13/02/2023 05:00,5.67
13/02/2023 06:00,5.56
13/02/2023 07:00,5.42
13/02/2023 08:00,5.25
13/02/2023 09:00,5.86
13/02/2023 10:00,6.83
13/02/2023 11:00,5.08
13/02/2023 12:00,4.11
13/02/2023 13:00,4.19
13/02/2023 14:00,6.53
13/02/2023 15:00,9.29
13/02/2023 16:00,18.8
13/02/2023 17:00,21.2
13/02/2023 18:00,19.82
13/02/2023 19:00,15.79
13/02/2023 20:00,12.85
13/02/2023 21:00,9.83
13/02/2023 22:00,9.56
13/02/2023 23:00,8.14
14/02/2023 00:00,
14/02/2023 01:00,6.15
14/02/2023 02:00,6.29
14/02/2023 03:00,6.53
14/02/2023 04:00,6.25
14/02/2023 05:00,6.09
14/02/2023 06:00,5.98
14/02/2023 07:00,5.96
14/02/2023 08:00,4.75
14/02/2023 09:00,5.09
14/02/2023 10:00,7.86
14/02/2023 11:00,11.33
14/02/2023 12:00,9.81
14/02/2023 13:00,3.72
14/02/2023 14:00,12.03
14/02/2023 15:00,16.75
14/02/2023 16:00,26.08
14/02/2023 17:00,25.19
14/02/2023 18:00,18.29
14/02/2023 19:00,16.57
14/02/2023 20:00,14.34
14/02/2023 21:00,9.58
14/02/2023 22:00,8
14/02/2023 23:00,6.78
15/02/2023 00:00,
15/02/2023 01:00,6.23
15/02/2023 02:00,6.49
15/02/2023 03:00,6.22
15/02/2023 04:00,6.23
15/02/2023 05:00,6.36
15/02/2023 06:00,5.76
15/02/2023 07:00,5.96
15/02/2023 08:00,5.15
15/02/2023 09:00,9.44
15/02/2023 10:00,17.22
15/02/2023 11:00,17.7
15/02/2023 12:00,17.58
15/02/2023 13:00,9.27
15/02/2023 14:00,19.34
15/02/2023 15:00,27.49
15/02/2023 16:00,26.71
15/02/2023 17:00,26.8
15/02/2023 18:00,20.31
15/02/2023 19:00,13.52
15/02/2023 20:00,8.76
15/02/2023 21:00,8.54
15/02/2023 22:00,8.12
15/02/2023 23:00,6.92
16/02/2023 00:00,
16/02/2023 01:00,6.85
16/02/2023 02:00,6.58
16/02/2023 03:00,6.39
16/02/2023 04:00,6.73
16/02/2023 05:00,6.41
16/02/2023 06:00,6.33
16/02/2023 07:00,6.5
16/02/2023 08:00,6.5
16/02/2023 09:00,7.36
16/02/2023 10:00,13.56
16/02/2023 11:00,11.81
16/02/2023 12:00,9.89
16/02/2023 13:00,15.7
16/02/2023 14:00,23.24
16/02/2023 15:00,31.36
16/02/2023 16:00,24.72
16/02/2023 17:00,26.64
16/02/2023 18:00,15.48
16/02/2023 19:00,13.89
16/02/2023 20:00,10.52
16/02/2023 21:00,10.15
16/02/2023 22:00,9.88
16/02/2023 23:00,7.58
17/02/2023 00:00,
17/02/2023 01:00,6.77
17/02/2023 02:00,6.51
17/02/2023 03:00,6
17/02/2023 04:00,6.16
17/02/2023 05:00,5.97
17/02/2023 06:00,6.11
17/02/2023 07:00,5.8
17/02/2023 08:00,4.31
17/02/2023 09:00,7.64
17/02/2023 10:00,12.37
17/02/2023 11:00,15.41
17/02/2023 12:00,17.69
17/02/2023 13:00,19.79
17/02/2023 14:00,20.71
17/02/2023 15:00,25.12
17/02/2023 16:00,28.83
17/02/2023 17:00,28.09
17/02/2023 18:00,14.3
17/02/2023 19:00,12
17/02/2023 20:00,10.27
17/02/2023 21:00,10.03
17/02/2023 22:00,9.31
17/02/2023 23:00,9.02
18/02/2023 00:00,
18/02/2023 01:00,8.63
18/02/2023 02:00,8.28
18/02/2023 03:00,7.86
18/02/2023 04:00,8.28
18/02/2023 05:00,7.76
18/02/2023 06:00,7.55
18/02/2023 07:00,7.61
18/02/2023 08:00,5.14
18/02/2023 09:00,4.49
18/02/2023 10:00,2.86
18/02/2023 11:00,1.12
18/02/2023 12:00,0.52
18/02/2023 13:00,1.42
18/02/2023 14:00,0.73
18/02/2023 15:00,1.49
18/02/2023 16:00,0.32
18/02/2023 17:00,3.65
18/02/2023 18:00,5.14
18/02/2023 19:00,6.64
18/02/2023 20:00,5.86
18/02/2023 21:00,5.62
18/02/2023 22:00,5.5
18/02/2023 23:00,5.67
19/02/2023 00:00,
19/02/2023 01:00,5.21
19/02/2023 02:00,5.56
19/02/2023 03:00,5.45
19/02/2023 04:00,5.3
19/02/2023 05:00,5.39
19/02/2023 06:00,5.37
19/02/2023 07:00,5.5
19/02/2023 08:00,2.55
19/02/2023 09:00,0.03
19/02/2023 10:00,0
19/02/2023 11:00,0
19/02/2023 12:00,0
19/02/2023 13:00,0
19/02/2023 14:00,0
19/02/2023 15:00,0
19/02/2023 16:00,0
19/02/2023 17:00,1.8
19/02/2023 18:00,5.39
19/02/2023 19:00,6.59
19/02/2023 20:00,6.3
19/02/2023 21:00,6.11
19/02/2023 22:00,5.53
19/02/2023 23:00,6.19
20/02/2023 00:00,
20/02/2023 01:00,5.66
20/02/2023 02:00,5.58
20/02/2023 03:00,5.54
20/02/2023 04:00,5.52
20/02/2023 05:00,5.37
20/02/2023 06:00,5.11
20/02/2023 07:00,
20/02/2023 08:00,5.11
20/02/2023 09:00,5.75
20/02/2023 10:00,12.71
20/02/2023 11:00,10.75
20/02/2023 12:00,4.89
20/02/2023 13:00,5.35
20/02/2023 14:00,11.48
20/02/2023 15:00,12.64
20/02/2023 16:00,16
20/02/2023 17:00,20.25
20/02/2023 18:00,14.18
20/02/2023 19:00,14.21
20/02/2023 20:00,10.52
20/02/2023 21:00,10.05
20/02/2023 22:00,7.53
20/02/2023 23:00,7.54
21/02/2023 00:00,
21/02/2023 01:00,5.74
21/02/2023 02:00,5.92
21/02/2023 03:00,6.08
21/02/2023 04:00,5.84
21/02/2023 05:00,5.75
21/02/2023 06:00,5.87
21/02/2023 07:00,4.97
21/02/2023 08:00,5.41
21/02/2023 09:00,4.64
21/02/2023 10:00,6.97
21/02/2023 11:00,9.55
21/02/2023 12:00,7.78
21/02/2023 13:00,5.9
21/02/2023 14:00,12.83
21/02/2023 15:00,14.11
21/02/2023 16:00,19.66
21/02/2023 17:00,20.11
21/02/2023 18:00,14.84
21/02/2023 19:00,12.66
21/02/2023 20:00,9.98
21/02/2023 21:00,10.27
21/02/2023 22:00,9.75
21/02/2023 23:00,10.17
22/02/2023 00:00,
22/02/2023 01:00,5.75
22/02/2023 02:00,6.19
22/02/2023 03:00,5.72
22/02/2023 04:00,5.75
22/02/2023 05:00,6.02
22/02/2023 06:00,5.48
22/02/2023 07:00,5.11
22/02/2023 08:00,4.84
22/02/2023 09:00,3.92
22/02/2023 10:00,7.46
22/02/2023 11:00,11.15
22/02/2023 12:00,11.44
22/02/2023 13:00,9.95
22/02/2023 14:00,16.15
22/02/2023 15:00,18.28
22/02/2023 16:00,23.37
22/02/2023 17:00,25.91
22/02/2023 18:00,14.79
22/02/2023 19:00,12.58
22/02/2023 20:00,10.88
22/02/2023 21:00,8.81
22/02/2023 22:00,8.41
22/02/2023 23:00,7.56
23/02/2023 00:00,
23/02/2023 01:00,5.92
23/02/2023 02:00,6.03
23/02/2023 03:00,6.22
23/02/2023 04:00,5.89
23/02/2023 05:00,5.77
23/02/2023 06:00,5.54
23/02/2023 07:00,5.57
23/02/2023 08:00,3.75
23/02/2023 09:00,9.04
23/02/2023 10:00,10
23/02/2023 11:00,7.52
23/02/2023 12:00,15.47
23/02/2023 13:00,13.64
23/02/2023 14:00,17.81
23/02/2023 15:00,22.08
23/02/2023 16:00,28.14
23/02/2023 17:00,25.2
23/02/2023 18:00,18.68
23/02/2023 19:00,12.5
23/02/2023 20:00,9.62
23/02/2023 21:00,7.09
23/02/2023 22:00,6.58
23/02/2023 23:00,6.06
24/02/2023 00:00,
24/02/2023 01:00,6.17
24/02/2023 02:00,5.75
24/02/2023 03:00,5.99
24/02/2023 04:00,6.07
24/02/2023 05:00,5.58
24/02/2023 06:00,5.57
24/02/2023 07:00,5.65
24/02/2023 08:00,3.75
24/02/2023 09:00,7
24/02/2023 10:00,10.72
24/02/2023 11:00,9.42
24/02/2023 12:00,10.6
24/02/2023 13:00,5.71
24/02/2023 14:00,17.93
24/02/2023 15:00,18.67
24/02/2023 16:00,28.36
24/02/2023 17:00,25.7
24/02/2023 18:00,15.31
24/02/2023 19:00,14.63
24/02/2023 20:00,11.95
24/02/2023 21:00,9.61
24/02/2023 22:00,8.95
24/02/2023 23:00,8.66
25/02/2023 00:00,
25/02/2023 01:00,5.84
25/02/2023 02:00,5.95
25/02/2023 03:00,6.05
25/02/2023 04:00,5.7
25/02/2023 05:00,5.61
25/02/2023 06:00,5.63
25/02/2023 07:00,5.04
25/02/2023 08:00,2.66
25/02/2023 09:00,0.03
25/02/2023 10:00,0
25/02/2023 11:00,0
25/02/2023 12:00,0
25/02/2023 13:00,0
25/02/2023 14:00,0
25/02/2023 15:00,0
25/02/2023 16:00,0.11
25/02/2023 17:00,3.39
25/02/2023 18:00,6.72
25/02/2023 19:00,8.39
25/02/2023 20:00,8.99
25/02/2023 21:00,8.81
25/02/2023 22:00,7.89
25/02/2023 23:00,7.84
26/02/2023 00:00,
26/02/2023 01:00,7.25
26/02/2023 02:00,6.65
26/02/2023 03:00,6.39
26/02/2023 04:00,6.6
26/02/2023 05:00,6.22
26/02/2023 06:00,5.97
26/02/2023 07:00,5.25
26/02/2023 08:00,2.71
26/02/2023 09:00,0.08
26/02/2023 10:00,0
26/02/2023 11:00,0
26/02/2023 12:00,0
26/02/2023 13:00,0
26/02/2023 14:00,0
26/02/2023 15:00,0
26/02/2023 16:00,0.14
26/02/2023 17:00,3.58
26/02/2023 18:00,6.49
26/02/2023 19:00,8.37
26/02/2023 20:00,8.27
26/02/2023 21:00,7.97
26/02/2023 22:00,7.93
26/02/2023 23:00,6.64
27/02/2023 00:00,
27/02/2023 01:00,5.88
27/02/2023 02:00,5.91
27/02/2023 03:00,5.82
27/02/2023 04:00,5.75
27/02/2023 05:00,5.72
27/02/2023 06:00,5.74
27/02/2023 07:00,5.59
27/02/2023 08:00,2.95
27/02/2023 09:00,0.38
27/02/2023 10:00,0.61
27/02/2023 11:00,1.09
27/02/2023 12:00,1.33
27/02/2023 13:00,1.03
27/02/2023 14:00,2.94
27/02/2023 15:00,7.34
27/02/2023 16:00,12.72
27/02/2023 17:00,14.99
27/02/2023 18:00,9.15
27/02/2023 19:00,7.6
27/02/2023 20:00,7.23
27/02/2023 21:00,5.81
27/02/2023 22:00,5.55
27/02/2023 23:00,5.69
28/02/2023 00:00,
28/02/2023 01:00,5.37
28/02/2023 02:00,5.27
28/02/2023 03:00,5.2
28/02/2023 04:00,5.33
28/02/2023 05:00,5.2
28/02/2023 06:00,5.25
28/02/2023 07:00,5.06
28/02/2023 08:00,3.21
28/02/2023 09:00,0.09
28/02/2023 10:00,0.97
28/02/2023 11:00,2.05
28/02/2023 12:00,4
28/02/2023 13:00,3.92
28/02/2023 14:00,6.61
28/02/2023 15:00,11.28
28/02/2023 16:00,14.69
28/02/2023 17:00,15.65
28/02/2023 18:00,9.72
28/02/2023 19:00,8.7
28/02/2023 20:00,8.53
28/02/2023 21:00,8.18
28/02/2023 22:00,5.23
28/02/2023 23:00,5.25
01/03/2023 00:00,
01/03/2023 01:00,5.26
01/03/2023 02:00,5.19
01/03/2023 03:00,5.16
01/03/2023 04:00,5.01
01/03/2023 05:00,5.05
01/03/2023 06:00,5
01/03/2023 07:00,5.11
01/03/2023 08:00,3.78
01/03/2023 09:00,1.83
01/03/2023 10:00,3.4
01/03/2023 11:00,6.25
01/03/2023 12:00,6.61
01/03/2023 13:00,4.44
01/03/2023 14:00,7.86
01/03/2023 15:00,16.28
01/03/2023 16:00,22.88
01/03/2023 17:00,21.98
01/03/2023 18:00,11.24
01/03/2023 19:00,10.81
01/03/2023 20:00,10.12
01/03/2023 21:00,8.19
01/03/2023 22:00,7.72
01/03/2023 23:00,8.08
02/03/2023 00:00,
02/03/2023 01:00,6.96
02/03/2023 02:00,6.34
02/03/2023 03:00,6.25
02/03/2023 04:00,6.3
02/03/2023 05:00,6.11
02/03/2023 06:00,6.04
02/03/2023 07:00,5.8
02/03/2023 08:00,4.14
02/03/2023 09:00,2.41
02/03/2023 10:00,7.75
02/03/2023 11:00,9.75
02/03/2023 12:00,7.9
02/03/2023 13:00,3.75
02/03/2023 14:00,9.5
02/03/2023 15:00,17.68
02/03/2023 16:00,22.4
02/03/2023 17:00,22
02/03/2023 18:00,14.16
02/03/2023 19:00,14.45
02/03/2023 20:00,8.24
02/03/2023 21:00,6.37
02/03/2023 22:00,6.19
02/03/2023 23:00,6.36
03/03/2023 00:00,
03/03/2023 01:00,6.28
03/03/2023 02:00,5.95
03/03/2023 03:00,5.45
03/03/2023 04:00,5.72
03/03/2023 05:00,5.6
03/03/2023 06:00,5.43
03/03/2023 07:00,5.47
03/03/2023 08:00,3.8
03/03/2023 09:00,4.81
03/03/2023 10:00,5.42
03/03/2023 11:00,2.52
03/03/2023 12:00,0.2
03/03/2023 13:00,6.91
03/03/2023 14:00,11.47
03/03/2023 15:00,13.17
03/03/2023 16:00,18.66
03/03/2023 17:00,18.95
03/03/2023 18:00,13.72
03/03/2023 19:00,10.08
03/03/2023 20:00,6.81
03/03/2023 21:00,6.55
03/03/2023 22:00,6.25
03/03/2023 23:00,6.62
04/03/2023 00:00,
04/03/2023 01:00,5.67
04/03/2023 02:00,5.48
04/03/2023 03:00,5.55
04/03/2023 04:00,5.55
04/03/2023 05:00,5.71
04/03/2023 06:00,5.52
04/03/2023 07:00,5.33
04/03/2023 08:00,2.94
04/03/2023 09:00,0.09
04/03/2023 10:00,0
04/03/2023 11:00,0
04/03/2023 12:00,0
04/03/2023 13:00,0
04/03/2023 14:00,0
04/03/2023 15:00,0
04/03/2023 16:00,0.01
04/03/2023 17:00,1.32
04/03/2023 18:00,4.76
04/03/2023 19:00,6.55
04/03/2023 20:00,6.39
04/03/2023 21:00,5.92
04/03/2023 22:00,5.46
04/03/2023 23:00,5.5
05/03/2023 00:00,
05/03/2023 01:00,5.38
05/03/2023 02:00,5.3
05/03/2023 03:00,5.4
05/03/2023 04:00,5.45
05/03/2023 05:00,5.19
05/03/2023 06:00,4.78
05/03/2023 07:00,4.49
05/03/2023 08:00,2.79
05/03/2023 09:00,0.19
05/03/2023 10:00,0
05/03/2023 11:00,0
05/03/2023 12:00,0
05/03/2023 13:00,0
05/03/2023 14:00,0
05/03/2023 15:00,0
05/03/2023 16:00,0
05/03/2023 17:00,1.55
05/03/2023 18:00,4.51
05/03/2023 19:00,6.43
05/03/2023 20:00,6.25
05/03/2023 21:00,5.78
05/03/2023 22:00,5.48
05/03/2023 23:00,5.81
06/03/2023 00:00,
06/03/2023 01:00,5.46
06/03/2023 02:00,5.37
06/03/2023 03:00,5.46
06/03/2023 04:00,5.21
06/03/2023 05:00,5.36
06/03/2023 06:00,5.18
06/03/2023 07:00,4.89
06/03/2023 08:00,3.14
06/03/2023 09:00,0.17
06/03/2023 10:00,0
06/03/2023 11:00,0
06/03/2023 12:00,0
06/03/2023 13:00,0
06/03/2023 14:00,0
06/03/2023 15:00,0
06/03/2023 16:00,0.01
06/03/2023 17:00,1.61
06/03/2023 18:00,4.61
06/03/2023 19:00,6.52
06/03/2023 20:00,6.33
06/03/2023 21:00,6.31
06/03/2023 22:00,5.52
06/03/2023 23:00,5.81
07/03/2023 00:00,
07/03/2023 01:00,5.49
07/03/2023 02:00,5.59
07/03/2023 03:00,5.34
07/03/2023 04:00,5.46
07/03/2023 05:00,5.43
07/03/2023 06:00,5.11
07/03/2023 07:00,5.11
07/03/2023 08:00,3.92
07/03/2023 09:00,1.36
07/03/2023 10:00,8.39
07/03/2023 11:00,13.14
07/03/2023 12:00,13.4
07/03/2023 13:00,10.81
07/03/2023 14:00,18.19
07/03/2023 15:00,21.25
07/03/2023 16:00,25.26
07/03/2023 17:00,27.16
07/03/2023 18:00,19.06
07/03/2023 19:00,17.16
07/03/2023 20:00,15.9
07/03/2023 21:00,10.71
07/03/2023 22:00,8.87
07/03/2023 23:00,6.77
08/03/2023 00:00,
08/03/2023 01:00,6.09
08/03/2023 02:00,6.08
08/03/2023 03:00,6
08/03/2023 04:00,5.75
08/03/2023 05:00,5.81
08/03/2023 06:00,5.59
08/03/2023 07:00,5.29
08/03/2023 08:00,4.04
08/03/2023 09:00,2.41
08/03/2023 10:00,9.89
08/03/2023 11:00,10.83
08/03/2023 12:00,13.17
08/03/2023 13:00,6.48
08/03/2023 14:00,14.49
08/03/2023 15:00,20.81
08/03/2023 16:00,26.47
08/03/2023 17:00,29.37
08/03/2023 18:00,18.13
08/03/2023 19:00,11.83
08/03/2023 20:00,9.95
08/03/2023 21:00,9.63
08/03/2023 22:00,8.68
08/03/2023 23:00,6.69
09/03/2023 00:00,
09/03/2023 01:00,5.98
09/03/2023 02:00,6.17
09/03/2023 03:00,5.99
09/03/2023 04:00,6.01
09/03/2023 05:00,5.77
09/03/2023 06:00,5.64
09/03/2023 07:00,5.7
09/03/2023 08:00,4.03
09/03/2023 09:00,11.13
09/03/2023 10:00,20.75
09/03/2023 11:00,19.31
09/03/2023 12:00,18.8
09/03/2023 13:00,16.09
09/03/2023 14:00,24.81
09/03/2023 15:00,28.67
09/03/2023 16:00,28.68
09/03/2023 17:00,25.75
09/03/2023 18:00,15.57
09/03/2023 19:00,9.43
09/03/2023 20:00,9.26
09/03/2023 21:00,9.05
09/03/2023 22:00,8.62
09/03/2023 23:00,6.32
10/03/2023 00:00,
10/03/2023 01:00,6.5
10/03/2023 02:00,6.37
10/03/2023 03:00,5.72
10/03/2023 04:00,5.94
10/03/2023 05:00,5.9
10/03/2023 06:00,5.74
10/03/2023 07:00,5.68
10/03/2023 08:00,4.43
10/03/2023 09:00,6.29
10/03/2023 10:00,12.53
10/03/2023 11:00,10.61
10/03/2023 12:00,10.79
10/03/2023 13:00,9.73
10/03/2023 14:00,14.31
10/03/2023 15:00,18.46
10/03/2023 16:00,21.43
10/03/2023 17:00,23.92
10/03/2023 18:00,11.97
10/03/2023 19:00,10.94
10/03/2023 20:00,7.06
10/03/2023 21:00,6.75
10/03/2023 22:00,6.14
10/03/2023 23:00,6.33
11/03/2023 00:00,
11/03/2023 01:00,5.7
11/03/2023 02:00,5.78
11/03/2023 03:00,6.14
11/03/2023 04:00,6.08
11/03/2023 05:00,5.71
11/03/2023 06:00,5.84
11/03/2023 07:00,5.55
11/03/2023 08:00,4
11/03/2023 09:00,7.72
11/03/2023 10:00,0.53
11/03/2023 11:00,0.15
11/03/2023 12:00,0
11/03/2023 13:00,0
11/03/2023 14:00,0.47
11/03/2023 15:00,1.66
11/03/2023 16:00,4.22
11/03/2023 17:00,4.7
11/03/2023 18:00,6.53
11/03/2023 19:00,6.83
11/03/2023 20:00,6.62
11/03/2023 21:00,6.22
11/03/2023 22:00,5.67
11/03/2023 23:00,5.9
12/03/2023 00:00,
12/03/2023 01:00,5.62
12/03/2023 02:00,5.66
12/03/2023 03:00,5.73
12/03/2023 04:00,5.99
12/03/2023 05:00,6.03
12/03/2023 06:00,5.76
12/03/2023 07:00,5.57
12/03/2023 08:00,3.36
12/03/2023 09:00,0.45
12/03/2023 10:00,0
12/03/2023 11:00,0
12/03/2023 12:00,0
12/03/2023 13:00,0
12/03/2023 14:00,0
12/03/2023 15:00,0.02
12/03/2023 16:00,0.82
12/03/2023 17:00,4.71
12/03/2023 18:00,7.82
12/03/2023 19:00,9.74
12/03/2023 20:00,9.44
12/03/2023 21:00,8.11
12/03/2023 22:00,6.04
12/03/2023 23:00,6.13
13/03/2023 00:00,
13/03/2023 01:00,5.98
13/03/2023 02:00,5.97
13/03/2023 03:00,5.86
13/03/2023 04:00,5.83
13/03/2023 05:00,5.84
13/03/2023 06:00,5.8
13/03/2023 07:00,5.72
13/03/2023 08:00,5.37
13/03/2023 09:00,9.97
13/03/2023 10:00,21.75
13/03/2023 11:00,22.3
13/03/2023 12:00,19.75
13/03/2023 13:00,14.33
13/03/2023 14:00,17.08
13/03/2023 15:00,21.42
13/03/2023 16:00,16.45
13/03/2023 17:00,15.56
13/03/2023 18:00,9.6
13/03/2023 19:00,9.28
13/03/2023 20:00,8.69
13/03/2023 21:00,7.87
13/03/2023 22:00,6.11
13/03/2023 23:00,6.37
14/03/2023 00:00,
14/03/2023 01:00,6.28
14/03/2023 02:00,5.29
14/03/2023 03:00,5.57
14/03/2023 04:00,5.46
14/03/2023 05:00,5.43
14/03/2023 06:00,5.25
14/03/2023 07:00,5.29
14/03/2023 08:00,3.03
14/03/2023 09:00,2.51
14/03/2023 10:00,1.6
14/03/2023 11:00,2.03
14/03/2023 12:00,1.79
14/03/2023 13:00,1.61
14/03/2023 14:00,7.75
14/03/2023 15:00,13.16
14/03/2023 16:00,16.66
14/03/2023 17:00,18.54
14/03/2023 18:00,11.83
14/03/2023 19:00,9.86
14/03/2023 20:00,7.39
14/03/2023 21:00,8.63
14/03/2023 22:00,8.01
14/03/2023 23:00,8.14
15/03/2023 00:00,
15/03/2023 01:00,5.89
15/03/2023 02:00,5.95
15/03/2023 03:00,5.94
15/03/2023 04:00,6.02
15/03/2023 05:00,5.97
15/03/2023 06:00,5.36
15/03/2023 07:00,5.26
15/03/2023 08:00,3.35
15/03/2023 09:00,15.14
15/03/2023 10:00,19.67
15/03/2023 11:00,19.73
15/03/2023 12:00,21.21
15/03/2023 13:00,17.37
15/03/2023 14:00,17.66
15/03/2023 15:00,13.87
15/03/2023 16:00,17.77
15/03/2023 17:00,20.31
15/03/2023 18:00,13.77
15/03/2023 19:00,12.21
15/03/2023 20:00,10
15/03/2023 21:00,8.77
15/03/2023 22:00,8.52
15/03/2023 23:00,8.76
16/03/2023 00:00,
16/03/2023 01:00,5.67
16/03/2023 02:00,5.77
16/03/2023 03:00,5.54
16/03/2023 04:00,5.61
16/03/2023 05:00,5.39
16/03/2023 06:00,5.8
16/03/2023 07:00,5.14
16/03/2023 08:00,3.39
16/03/2023 09:00,8.08
16/03/2023 10:00,11.48
16/03/2023 11:00,13.08
16/03/2023 12:00,10.24
16/03/2023 13:00,9.67
16/03/2023 14:00,13
16/03/2023 15:00,22.7
16/03/2023 16:00,26.13
16/03/2023 17:00,26.01
16/03/2023 18:00,13.25
16/03/2023 19:00,9.49
16/03/2023 20:00,8.95
16/03/2023 21:00,8.55
16/03/2023 22:00,7.56
16/03/2023 23:00,7.72
17/03/2023 00:00,
17/03/2023 01:00,6.63
17/03/2023 02:00,6.39
17/03/2023 03:00,6.37
17/03/2023 04:00,6.52
17/03/2023 05:00,6.43
17/03/2023 06:00,6.36
17/03/2023 07:00,6.21
17/03/2023 08:00,4.87
17/03/2023 09:00,9.6
17/03/2023 10:00,16.51
17/03/2023 11:00,13.47
17/03/2023 12:00,11.41
17/03/2023 13:00,7.43
17/03/2023 14:00,13.96
17/03/2023 15:00,16.64
17/03/2023 16:00,23.98
17/03/2023 17:00,29.53
17/03/2023 18:00,22.69
17/03/2023 19:00,17.13
17/03/2023 20:00,11.4
17/03/2023 21:00,11.16
17/03/2023 22:00,9.89
17/03/2023 23:00,8.56
18/03/2023 00:00,
18/03/2023 01:00,7.13
18/03/2023 02:00,6.51
18/03/2023 03:00,6.19
18/03/2023 04:00,6.14
18/03/2023 05:00,6.3
18/03/2023 06:00,6.62
18/03/2023 07:00,5.85
18/03/2023 08:00,2.28
18/03/2023 09:00,0
18/03/2023 10:00,0
18/03/2023 11:00,0.36
18/03/2023 12:00,0.06
18/03/2023 13:00,0
18/03/2023 14:00,0
18/03/2023 15:00,0.14
18/03/2023 16:00,0.73
18/03/2023 17:00,4.3
18/03/2023 18:00,7.81
18/03/2023 19:00,9.71
18/03/2023 20:00,8.04
18/03/2023 21:00,7.07
18/03/2023 22:00,6.37
18/03/2023 23:00,6.45
19/03/2023 00:00,
19/03/2023 01:00,6.29
19/03/2023 02:00,5.83
19/03/2023 03:00,5.74
19/03/2023 04:00,5.71
19/03/2023 05:00,5.75
19/03/2023 06:00,5.74
19/03/2023 07:00,5.05
19/03/2023 08:00,1.79
19/03/2023 09:00,0
19/03/2023 10:00,0
19/03/2023 11:00,0
19/03/2023 12:00,0
19/03/2023 13:00,0
19/03/2023 14:00,0
19/03/2023 15:00,0
19/03/2023 16:00,0.35
19/03/2023 17:00,6.61
19/03/2023 18:00,9.28
19/03/2023 19:00,9.73
19/03/2023 20:00,9.55
19/03/2023 21:00,9.2
19/03/2023 22:00,6.24
19/03/2023 23:00,6.28
20/03/2023 00:00,
20/03/2023 01:00,5.98
20/03/2023 02:00,5.66
20/03/2023 03:00,5.69
20/03/2023 04:00,5.64
20/03/2023 05:00,5.72
20/03/2023 06:00,5.4
20/03/2023 07:00,5.36
20/03/2023 08:00,3.02
20/03/2023 09:00,5.04
20/03/2023 10:00,20.77
20/03/2023 11:00,16.36
20/03/2023 12:00,12.11
20/03/2023 13:00,14.91
20/03/2023 14:00,16.85
20/03/2023 15:00,21.27
20/03/2023 16:00,24.69
20/03/2023 17:00,28.83
20/03/2023 18:00,15.78
20/03/2023 19:00,14.67
20/03/2023 20:00,12.05
20/03/2023 21:00,11.45
20/03/2023 22:00,11.56
20/03/2023 23:00,11.91
21/03/2023 00:00,
21/03/2023 01:00,7.65
21/03/2023 02:00,7.1
21/03/2023 03:00,7.09
21/03/2023 04:00,6.97
21/03/2023 05:00,7.14
21/03/2023 06:00,6.8
21/03/2023 07:00,6.54
21/03/2023 08:00,2.79
21/03/2023 09:00,16.26
21/03/2023 10:00,23.7
21/03/2023 11:00,19.38
21/03/2023 12:00,15.69
21/03/2023 13:00,17.78
21/03/2023 14:00,20.22
21/03/2023 15:00,21.26
21/03/2023 16:00,26.53
21/03/2023 17:00,29.47
21/03/2023 18:00,16.03
21/03/2023 19:00,13.14
21/03/2023 20:00,9.22
21/03/2023 21:00,8.86
21/03/2023 22:00,7.55
21/03/2023 23:00,6.91
22/03/2023 00:00,
22/03/2023 01:00,6.47
22/03/2023 02:00,7.79
22/03/2023 03:00,6.8
22/03/2023 04:00,6.14
22/03/2023 05:00,6.16
22/03/2023 06:00,5.73
22/03/2023 07:00,5.94
22/03/2023 08:00,2.83
22/03/2023 09:00,9.19
22/03/2023 10:00,18.06
22/03/2023 11:00,16.45
22/03/2023 12:00,16.11
22/03/2023 13:00,17.83
22/03/2023 14:00,23.12
22/03/2023 15:00,30.97
22/03/2023 16:00,29.33
22/03/2023 17:00,22.86
22/03/2023 18:00,17.52
22/03/2023 19:00,14.92
22/03/2023 20:00,10
22/03/2023 21:00,9.79
22/03/2023 22:00,8.91
22/03/2023 23:00,9.16
23/03/2023 00:00,
23/03/2023 01:00,6.76
23/03/2023 02:00,6.61
23/03/2023 03:00,6.39
23/03/2023 04:00,6.11
23/03/2023 05:00,6.05
23/03/2023 06:00,6.17
23/03/2023 07:00,5.77
23/03/2023 08:00,2.73
23/03/2023 09:00,3.89
23/03/2023 10:00,14.91
23/03/2023 11:00,12.86
23/03/2023 12:00,16.98
23/03/2023 13:00,16.02
23/03/2023 14:00,20.62
23/03/2023 15:00,24.91
23/03/2023 16:00,33.98
23/03/2023 17:00,35.03
23/03/2023 18:00,16.77
23/03/2023 19:00,16.84
23/03/2023 20:00,12.39
23/03/2023 21:00,11.25
23/03/2023 22:00,10.02
23/03/2023 23:00,9.28
24/03/2023 00:00,
24/03/2023 01:00,7.64
24/03/2023 02:00,6.81
24/03/2023 03:00,6.05
24/03/2023 04:00,6.09
24/03/2023 05:00,6.17
24/03/2023 06:00,6.16
24/03/2023 07:00,5.55
24/03/2023 08:00,2.2
24/03/2023 09:00,9.39
24/03/2023 10:00,13.72
24/03/2023 11:00,11.97
24/03/2023 12:00,15.11
24/03/2023 13:00,22.25
24/03/2023 14:00,20.01
24/03/2023 15:00,27.31
24/03/2023 16:00,28.82
24/03/2023 17:00,25.37
24/03/2023 18:00,20.52
24/03/2023 19:00,17.31
24/03/2023 20:00,15.34
24/03/2023 21:00,15.1
24/03/2023 22:00,14.31
24/03/2023 23:00,12.31
25/03/2023 00:00,
25/03/2023 01:00,11.09
25/03/2023 02:00,10.78
25/03/2023 03:00,10.57
25/03/2023 04:00,10.33
25/03/2023 05:00,10.42
25/03/2023 06:00,10.17
25/03/2023 07:00,9.39
25/03/2023 08:00,5.66
25/03/2023 09:00,0.81
25/03/2023 10:00,0.01
25/03/2023 11:00,0
25/03/2023 12:00,0
25/03/2023 13:00,0.25
25/03/2023 14:00,1.21
25/03/2023 15:00,1.83
25/03/2023 16:00,8.2
25/03/2023 17:00,13.75
25/03/2023 18:00,14.51
25/03/2023 19:00,15.55
25/03/2023 20:00,15.09
25/03/2023 21:00,14.58
25/03/2023 22:00,13.86
25/03/2023 23:00,13.78
26/03/2023 00:00,
26/03/2023 01:00,11.14
26/03/2023 02:00,10.57
26/03/2023 03:00,10.47
26/03/2023 04:00,10.52
26/03/2023 05:00,10.61
26/03/2023 06:00,10.59
26/03/2023 07:00,9.74
26/03/2023 08:00,6.12
26/03/2023 09:00,0.94
26/03/2023 10:00,0.22
26/03/2023 11:00,0
26/03/2023 12:00,0
26/03/2023 13:00,0
26/03/2023 14:00,0
26/03/2023 15:00,0.01
26/03/2023 16:00,3.36
26/03/2023 17:00,9.85
26/03/2023 18:00,14.56
26/03/2023 19:00,15.11
26/03/2023 20:00,14.79
26/03/2023 21:00,14.54
26/03/2023 22:00,14.03
26/03/2023 23:00,14.03
27/03/2023 00:00,
27/03/2023 01:00,10.88
27/03/2023 02:00,10.23
27/03/2023 03:00,10.28
27/03/2023 04:00,10.33
27/03/2023 05:00,10.34
27/03/2023 06:00,10.22
27/03/2023 07:00,9.99
27/03/2023 08:00,7.53
27/03/2023 09:00,7.4
27/03/2023 10:00,13.25
27/03/2023 11:00,12.96
27/03/2023 12:00,9.29
27/03/2023 13:00,12.46
27/03/2023 14:00,15.07
27/03/2023 15:00,19.3
27/03/2023 16:00,28.16
27/03/2023 17:00,30.65
27/03/2023 18:00,11.89
27/03/2023 19:00,12.11
27/03/2023 20:00,11.64
27/03/2023 21:00,11.46
27/03/2023 22:00,10.83
27/03/2023 23:00,10.87
28/03/2023 00:00,
28/03/2023 01:00,8.25
28/03/2023 02:00,7.7
28/03/2023 03:00,7.55
28/03/2023 04:00,7.46
28/03/2023 05:00,7.49
28/03/2023 06:00,7.51
28/03/2023 07:00,6.44
28/03/2023 08:00,3.38
28/03/2023 09:00,5.93
28/03/2023 10:00,13.32
28/03/2023 11:00,15.4
28/03/2023 12:00,14.85
28/03/2023 13:00,15.83
28/03/2023 14:00,15.53
28/03/2023 15:00,18.64
28/03/2023 16:00,25.9
28/03/2023 17:00,31.75
28/03/2023 18:00,24.86
28/03/2023 19:00,14.3
28/03/2023 20:00,10.83
28/03/2023 21:00,8.54
28/03/2023 22:00,7.49
28/03/2023 23:00,7.23
29/03/2023 00:00,
29/03/2023 01:00,6
29/03/2023 02:00,6
29/03/2023 03:00,5.94
29/03/2023 04:00,5.83
29/03/2023 05:00,6
29/03/2023 06:00,5.81
29/03/2023 07:00,5.75
29/03/2023 08:00,2.16
29/03/2023 09:00,6.93
29/03/2023 10:00,21.24
29/03/2023 11:00,16.14
29/03/2023 12:00,20.61
29/03/2023 13:00,16.91
29/03/2023 14:00,15.42
29/03/2023 15:00,20.58
29/03/2023 16:00,25.15
29/03/2023 17:00,30.75
29/03/2023 18:00,18.05
29/03/2023 19:00,15.47
29/03/2023 20:00,11.53
29/03/2023 21:00,11.06
29/03/2023 22:00,10.86
29/03/2023 23:00,10.2
30/03/2023 00:00,
30/03/2023 01:00,7.14
30/03/2023 02:00,7.11
30/03/2023 03:00,6.61
30/03/2023 04:00,7.11
30/03/2023 05:00,7.08
30/03/2023 06:00,6.56
30/03/2023 07:00,5.88
30/03/2023 08:00,2.42
30/03/2023 09:00,4.09
30/03/2023 10:00,9.78
30/03/2023 11:00,9.07
30/03/2023 12:00,7.39
30/03/2023 13:00,11.23
30/03/2023 14:00,15.2
30/03/2023 15:00,13.49
30/03/2023 16:00,19.31
30/03/2023 17:00,26.05
30/03/2023 18:00,12.98
30/03/2023 19:00,10.86
30/03/2023 20:00,10.46
30/03/2023 21:00,9.98
30/03/2023 22:00,9.47
30/03/2023 23:00,9.86
31/03/2023 00:00,
31/03/2023 01:00,6.43
31/03/2023 02:00,6.04
31/03/2023 03:00,6.08
31/03/2023 04:00,6.14
31/03/2023 05:00,5.85
31/03/2023 06:00,6.14
31/03/2023 07:00,5.92
31/03/2023 08:00,2.36
31/03/2023 09:00,5.89
31/03/2023 10:00,13.48
31/03/2023 11:00,10.08
31/03/2023 12:00,10.55
31/03/2023 13:00,9.87
31/03/2023 14:00,11.1
31/03/2023 15:00,18.54
31/03/2023 16:00,24.38
31/03/2023 17:00,30.7
31/03/2023 18:00,20.8
31/03/2023 19:00,13.67
31/03/2023 20:00,11.53
31/03/2023 21:00,11.31
31/03/2023 22:00,10.66
31/03/2023 23:00,9.47
01/04/2023 00:00,
01/04/2023 01:00,7.53
01/04/2023 02:00,7.1
01/04/2023 03:00,6.64
01/04/2023 04:00,7.03
01/04/2023 05:00,7.04
01/04/2023 06:00,7.07
01/04/2023 07:00,6.28
01/04/2023 08:00,2.12
01/04/2023 09:00,0.02
01/04/2023 10:00,0
01/04/2023 11:00,0
01/04/2023 12:00,0
01/04/2023 13:00,0
01/04/2023 14:00,0
01/04/2023 15:00,0
01/04/2023 16:00,0.22
01/04/2023 17:00,4.26
01/04/2023 18:00,8.39
01/04/2023 19:00,10.04
01/04/2023 20:00,8.92
01/04/2023 21:00,7.36
01/04/2023 22:00,6.87
01/04/2023 23:00,6.95
02/04/2023 00:00,
02/04/2023 01:00,6.5
02/04/2023 02:00,5.97
02/04/2023 03:00,5.95
02/04/2023 04:00,5.91
02/04/2023 05:00,6.22
02/04/2023 06:00,6.26
02/04/2023 07:00,5.33
02/04/2023 08:00,2.63
02/04/2023 09:00,0.07
02/04/2023 10:00,0
02/04/2023 11:00,0
02/04/2023 12:00,0
02/04/2023 13:00,0
02/04/2023 14:00,0
02/04/2023 15:00,0
02/04/2023 16:00,0.22
02/04/2023 17:00,4.17
02/04/2023 18:00,8.13
02/04/2023 19:00,9.86
02/04/2023 20:00,9.81
02/04/2023 21:00,9.67
02/04/2023 22:00,7.82
02/04/2023 23:00,6.84
03/04/2023 00:00,
03/04/2023 01:00,7.3
03/04/2023 02:00,7.22
03/04/2023 03:00,7.04
03/04/2023 04:00,6.96
03/04/2023 05:00,7.14
03/04/2023 06:00,6.67
03/04/2023 07:00,5.39
03/04/2023 08:00,1.77
03/04/2023 09:00,3.93
03/04/2023 10:00,10.85
03/04/2023 11:00,10.43
03/04/2023 12:00,12.32
03/04/2023 13:00,16.26
03/04/2023 14:00,21.92
03/04/2023 15:00,25.13
03/04/2023 16:00,30.83
03/04/2023 17:00,27.47
03/04/2023 18:00,14.76
03/04/2023 19:00,11.39
03/04/2023 20:00,7.89
03/04/2023 21:00,7.69
03/04/2023 22:00,6.89
03/04/2023 23:00,6.8
04/04/2023 00:00,
04/04/2023 01:00,6.14
04/04/2023 02:00,5.61
04/04/2023 03:00,5.93
04/04/2023 04:00,5.97
04/04/2023 05:00,6.38
04/04/2023 06:00,6.5
04/04/2023 07:00,5.61
04/04/2023 08:00,2.79
04/04/2023 09:00,6.65
04/04/2023 10:00,3.15
04/04/2023 11:00,6.95
04/04/2023 12:00,11.33
04/04/2023 13:00,10.75
04/04/2023 14:00,14.49
04/04/2023 15:00,18.01
04/04/2023 16:00,21.78
04/04/2023 17:00,26.77
04/04/2023 18:00,19.37
04/04/2023 19:00,15.55
04/04/2023 20:00,13.11
04/04/2023 21:00,11.59
04/04/2023 22:00,10.79
04/04/2023 23:00,10.92
05/04/2023 00:00,
05/04/2023 01:00,6.91
05/04/2023 02:00,6.19
05/04/2023 03:00,6.48
05/04/2023 04:00,6.41
05/04/2023 05:00,5.98
05/04/2023 06:00,6.36
05/04/2023 07:00,5.06
05/04/2023 08:00,2.36
05/04/2023 09:00,6.56
05/04/2023 10:00,16.14
05/04/2023 11:00,12.97
05/04/2023 12:00,11.64
05/04/2023 13:00,19.21
05/04/2023 14:00,23.37
05/04/2023 15:00,27.08
05/04/2023 16:00,26.33
05/04/2023 17:00,32.81
05/04/2023 18:00,21.97
05/04/2023 19:00,14.44
05/04/2023 20:00,14.11
05/04/2023 21:00,13.84
05/04/2023 22:00,11.08
05/04/2023 23:00,7.33
06/04/2023 00:00,
06/04/2023 01:00,6.59
06/04/2023 02:00,5.86
06/04/2023 03:00,5.97
06/04/2023 04:00,6.02
06/04/2023 05:00,6.22
06/04/2023 06:00,6.15
06/04/2023 07:00,4.91
06/04/2023 08:00,1.54
06/04/2023 09:00,0
06/04/2023 10:00,0
06/04/2023 11:00,0
06/04/2023 12:00,0
06/04/2023 13:00,0.6
06/04/2023 14:00,0.56
06/04/2023 15:00,0.49
06/04/2023 16:00,4.2
06/04/2023 17:00,9.48
06/04/2023 18:00,13.02
06/04/2023 19:00,14.73
06/04/2023 20:00,13.61
06/04/2023 21:00,11.3
06/04/2023 22:00,10.69
06/04/2023 23:00,10.48
07/04/2023 00:00,
07/04/2023 01:00,9.89
07/04/2023 02:00,9.31
07/04/2023 03:00,9.27
07/04/2023 04:00,9.14
07/04/2023 05:00,9.53
07/04/2023 06:00,9.49
07/04/2023 07:00,8.72
07/04/2023 08:00,6.68
07/04/2023 09:00,6.08
07/04/2023 10:00,13.22
07/04/2023 11:00,14.3
07/04/2023 12:00,13.39
07/04/2023 13:00,18.09
07/04/2023 14:00,19.74
07/04/2023 15:00,20.28
07/04/2023 16:00,23.28
07/04/2023 17:00,23.83
07/04/2023 18:00,20.34
07/04/2023 19:00,15.61
07/04/2023 20:00,15.3
07/04/2023 21:00,12.25
07/04/2023 22:00,10.18
07/04/2023 23:00,7.61
08/04/2023 00:00,
08/04/2023 01:00,6.09
08/04/2023 02:00,5.83
08/04/2023 03:00,6
08/04/2023 04:00,5.92
08/04/2023 05:00,6.17
08/04/2023 06:00,6.66
08/04/2023 07:00,5.89
08/04/2023 08:00,2.44
08/04/2023 09:00,0
08/04/2023 10:00,0
08/04/2023 11:00,0
08/04/2023 12:00,0
08/04/2023 13:00,0.28
08/04/2023 14:00,0.17
08/04/2023 15:00,1.17
08/04/2023 16:00,5.66
08/04/2023 17:00,10.37
08/04/2023 18:00,12.31
08/04/2023 19:00,13.07
08/04/2023 20:00,11.89
08/04/2023 21:00,11.36
08/04/2023 22:00,10.37
08/04/2023 23:00,10.44
09/04/2023 00:00,
09/04/2023 01:00,9.72
09/04/2023 02:00,9.44
09/04/2023 03:00,9.37
09/04/2023 04:00,9.28
09/04/2023 05:00,9.57
09/04/2023 06:00,9.34
09/04/2023 07:00,8.33
09/04/2023 08:00,4.89
09/04/2023 09:00,2.15
09/04/2023 10:00,0.27
09/04/2023 11:00,0
09/04/2023 12:00,0
09/04/2023 13:00,0
09/04/2023 14:00,0
09/04/2023 15:00,0.05
09/04/2023 16:00,2.43
09/04/2023 17:00,4.11
09/04/2023 18:00,5.99
09/04/2023 19:00,7.58
09/04/2023 20:00,7.51
09/04/2023 21:00,7.44
09/04/2023 22:00,6.91
09/04/2023 23:00,7
10/04/2023 00:00,
10/04/2023 01:00,6.67
10/04/2023 02:00,6.07
10/04/2023 03:00,6.18
10/04/2023 04:00,6.04
10/04/2023 05:00,6.31
10/04/2023 06:00,6.37
10/04/2023 07:00,5.68
10/04/2023 08:00,2.65
10/04/2023 09:00,3.95
10/04/2023 10:00,11.8
10/04/2023 11:00,7.13
10/04/2023 12:00,8.84
10/04/2023 13:00,9.42
10/04/2023 14:00,12.31
10/04/2023 15:00,13.04
10/04/2023 16:00,17.86
10/04/2023 17:00,16.89
10/04/2023 18:00,15.06
10/04/2023 19:00,13.12
10/04/2023 20:00,10.36
10/04/2023 21:00,9.03
10/04/2023 22:00,6.93
10/04/2023 23:00,7.14
11/04/2023 00:00,
11/04/2023 01:00,6.75
11/04/2023 02:00,6.15
11/04/2023 03:00,6.02
11/04/2023 04:00,5.76
11/04/2023 05:00,6.18
11/04/2023 06:00,6.11
11/04/2023 07:00,5.48
11/04/2023 08:00,5.23
11/04/2023 09:00,15.24
11/04/2023 10:00,14.06
11/04/2023 11:00,13.53
11/04/2023 12:00,19.97
11/04/2023 13:00,21.41
11/04/2023 14:00,22.81
11/04/2023 15:00,29.19
11/04/2023 16:00,37.5
11/04/2023 17:00,35.2
11/04/2023 18:00,20.36
11/04/2023 19:00,14.03
11/04/2023 20:00,13.27
11/04/2023 21:00,13.01
11/04/2023 22:00,12.41
11/04/2023 23:00,12.37
12/04/2023 00:00,
12/04/2023 01:00,11.22
12/04/2023 02:00,9.2
12/04/2023 03:00,9.14
12/04/2023 04:00,9.11
12/04/2023 05:00,9.55
12/04/2023 06:00,9.61
12/04/2023 07:00,8.84
12/04/2023 08:00,10.17
12/04/2023 09:00,14.03
12/04/2023 10:00,10.77
12/04/2023 11:00,11.87
12/04/2023 12:00,10.1
12/04/2023 13:00,12.01
12/04/2023 14:00,13.25
12/04/2023 15:00,11.55
12/04/2023 16:00,15.75
12/04/2023 17:00,19.77
12/04/2023 18:00,16.86
12/04/2023 19:00,10.4
12/04/2023 20:00,10.2
12/04/2023 21:00,8.8
12/04/2023 22:00,6.99
12/04/2023 23:00,7.07
13/04/2023 00:00,
13/04/2023 01:00,6.53
13/04/2023 02:00,6.03
13/04/2023 03:00,6.13
13/04/2023 04:00,6.04
13/04/2023 05:00,6.21
13/04/2023 06:00,6.35
13/04/2023 07:00,5.66
13/04/2023 08:00,2.56
13/04/2023 09:00,0.02
13/04/2023 10:00,0
13/04/2023 11:00,0
13/04/2023 12:00,0
13/04/2023 13:00,0
13/04/2023 14:00,0
13/04/2023 15:00,0.01
13/04/2023 16:00,0.19
13/04/2023 17:00,3.35
13/04/2023 18:00,7.04
13/04/2023 19:00,8.17
13/04/2023 20:00,7.97
13/04/2023 21:00,7.85
13/04/2023 22:00,7.08
13/04/2023 23:00,7.26
14/04/2023 00:00,
14/04/2023 01:00,6.58
14/04/2023 02:00,6.42
14/04/2023 03:00,6.3
14/04/2023 04:00,6.28
14/04/2023 05:00,6.55
14/04/2023 06:00,6.34
14/04/2023 07:00,5.44
14/04/2023 08:00,2.34
14/04/2023 09:00,0
14/04/2023 10:00,0
14/04/2023 11:00,0
14/04/2023 12:00,0
14/04/2023 13:00,0
14/04/2023 14:00,0
14/04/2023 15:00,0
14/04/2023 16:00,0.08
14/04/2023 17:00,3.35
14/04/2023 18:00,7.37
14/04/2023 19:00,9.19
14/04/2023 20:00,8.86
14/04/2023 21:00,8.15
14/04/2023 22:00,7.32
14/04/2023 23:00,7.73
15/04/2023 00:00,
15/04/2023 01:00,6.54
15/04/2023 02:00,6.14
15/04/2023 03:00,6.11
15/04/2023 04:00,5.93
15/04/2023 05:00,6.3
15/04/2023 06:00,6.42
15/04/2023 07:00,5.6
15/04/2023 08:00,1.57
15/04/2023 09:00,0
15/04/2023 10:00,0
15/04/2023 11:00,0
15/04/2023 12:00,0
15/04/2023 13:00,0
15/04/2023 14:00,0
15/04/2023 15:00,0
15/04/2023 16:00,0.07
15/04/2023 17:00,2.78
15/04/2023 18:00,6.54
15/04/2023 19:00,8.24
15/04/2023 20:00,8.4
15/04/2023 21:00,8.29
15/04/2023 22:00,
15/04/2023 23:00,
16/04/2023 00:00,
16/04/2023 01:00,
16/04/2023 02:00,
16/04/2023 03:00,
16/04/2023 04:00,
16/04/2023 05:00,
16/04/2023 06:00,
16/04/2023 07:00,4.72
16/04/2023 08:00,2.44
16/04/2023 09:00,0.09
16/04/2023 10:00,0
16/04/2023 11:00,0
16/04/2023 12:00,0
16/04/2023 13:00,0
16/04/2023 14:00,0
16/04/2023 15:00,0
16/04/2023 16:00,0.19
16/04/2023 17:00,3.03
16/04/2023 18:00,6.24
16/04/2023 19:00,7.76
16/04/2023 20:00,7.77
16/04/2023 21:00,7.45
16/04/2023 22:00,6.84
16/04/2023 23:00,7.08
17/04/2023 00:00,
17/04/2023 01:00,6.28
17/04/2023 02:00,5.99
17/04/2023 03:00,5.92
17/04/2023 04:00,6.06
17/04/2023 05:00,6.27
17/04/2023 06:00,6.26
17/04/2023 07:00,5.08
17/04/2023 08:00,1.58
17/04/2023 09:00,0
17/04/2023 10:00,0
17/04/2023 11:00,0
17/04/2023 12:00,0
17/04/2023 13:00,0
17/04/2023 14:00,0
17/04/2023 15:00,0
17/04/2023 16:00,0.73
17/04/2023 17:00,4.88
17/04/2023 18:00,8.65
17/04/2023 19:00,10.72
17/04/2023 20:00,10.28
17/04/2023 21:00,7.78
17/04/2023 22:00,6.94
17/04/2023 23:00,7.11
18/04/2023 00:00,
18/04/2023 01:00,6.48
18/04/2023 02:00,6.21
18/04/2023 03:00,6.28
18/04/2023 04:00,6.03
18/04/2023 05:00,6.44
18/04/2023 06:00,6.31
18/04/2023 07:00,5.61
18/04/2023 08:00,2.44
18/04/2023 09:00,14.5
18/04/2023 10:00,18.43
18/04/2023 11:00,19.11
18/04/2023 12:00,20.38
18/04/2023 13:00,23.34
18/04/2023 14:00,27.58
18/04/2023 15:00,33.55
18/04/2023 16:00,38.65
18/04/2023 17:00,40.32
18/04/2023 18:00,26.07
18/04/2023 19:00,15.44
18/04/2023 20:00,11.06
18/04/2023 21:00,10.47
18/04/2023 22:00,9.85
18/04/2023 23:00,9.9
19/04/2023 00:00,
19/04/2023 01:00,6.73
19/04/2023 02:00,6.36
19/04/2023 03:00,6.83
19/04/2023 04:00,6.3
19/04/2023 05:00,6.81
19/04/2023 06:00,6.89
19/04/2023 07:00,5.53
19/04/2023 08:00,3.25
19/04/2023 09:00,21.03
19/04/2023 10:00,23.39
19/04/2023 11:00,24.16
19/04/2023 12:00,24.86
19/04/2023 13:00,26.59
19/04/2023 14:00,24.75
19/04/2023 15:00,29.3
19/04/2023 16:00,27.17
19/04/2023 17:00,30.07
19/04/2023 18:00,26.25
19/04/2023 19:00,18.92
19/04/2023 20:00,11.09
19/04/2023 21:00,10.66
19/04/2023 22:00,9.86
19/04/2023 23:00,9.57
20/04/2023 00:00,
20/04/2023 01:00,8.71
20/04/2023 02:00,8.7
20/04/2023 03:00,8.39
20/04/2023 04:00,8.05
20/04/2023 05:00,8.73
20/04/2023 06:00,8.39
20/04/2023 07:00,7.8
20/04/2023 08:00,5.69
20/04/2023 09:00,17.15
20/04/2023 10:00,21.21
20/04/2023 11:00,19.29
20/04/2023 12:00,18.61
20/04/2023 13:00,20.88
20/04/2023 14:00,16.94
20/04/2023 15:00,20.23
20/04/2023 16:00,22.45
20/04/2023 17:00,25.93
20/04/2023 18:00,23.62
20/04/2023 19:00,14.95
20/04/2023 20:00,12.21
20/04/2023 21:00,10.57
20/04/2023 22:00,9.41
20/04/2023 23:00,9.59
21/04/2023 00:00,
21/04/2023 01:00,8.25
21/04/2023 02:00,6.71
21/04/2023 03:00,6.62
21/04/2023 04:00,6.66
21/04/2023 05:00,7.04
21/04/2023 06:00,6.61
21/04/2023 07:00,5.94
21/04/2023 08:00,3.28
21/04/2023 09:00,9.66
21/04/2023 10:00,12.62
21/04/2023 11:00,8.53
21/04/2023 12:00,7.21
21/04/2023 13:00,10.09
21/04/2023 14:00,11.14
21/04/2023 15:00,13.78
21/04/2023 16:00,17.83
21/04/2023 17:00,24.11
21/04/2023 18:00,19.92
21/04/2023 19:00,17.3
21/04/2023 20:00,16.08
21/04/2023 21:00,11.86
21/04/2023 22:00,9.47
21/04/2023 23:00,9.53
22/04/2023 00:00,
22/04/2023 01:00,7.89
22/04/2023 02:00,6.83
22/04/2023 03:00,6.64
22/04/2023 04:00,6.64
22/04/2023 05:00,6.7
22/04/2023 06:00,6.52
22/04/2023 07:00,5.84
22/04/2023 08:00,1.5
22/04/2023 09:00,0
22/04/2023 10:00,0
22/04/2023 11:00,0
22/04/2023 12:00,0
22/04/2023 13:00,0
22/04/2023 14:00,0.08
22/04/2023 15:00,0.87
22/04/2023 16:00,4.96
22/04/2023 17:00,5.53
22/04/2023 18:00,9.53
22/04/2023 19:00,10.12
22/04/2023 20:00,10.27
22/04/2023 21:00,9.89
22/04/2023 22:00,7.34
22/04/2023 23:00,7.55
23/04/2023 00:00,
23/04/2023 01:00,6.56
23/04/2023 02:00,6.45
23/04/2023 03:00,6.19
23/04/2023 04:00,6.22
23/04/2023 05:00,6.54
23/04/2023 06:00,6.35
23/04/2023 07:00,5.15
23/04/2023 08:00,1.6
23/04/2023 09:00,0
23/04/2023 10:00,0
23/04/2023 11:00,0
23/04/2023 12:00,0
23/04/2023 13:00,0
23/04/2023 14:00,0
23/04/2023 15:00,0
23/04/2023 16:00,1.4
23/04/2023 17:00,5.96
23/04/2023 18:00,
23/04/2023 19:00,8.91
23/04/2023 20:00,8.86
23/04/2023 21:00,8.9
23/04/2023 22:00,7.93
23/04/2023 23:00,7.73
24/04/2023 00:00,
24/04/2023 01:00,7.29
24/04/2023 02:00,6.18
24/04/2023 03:00,6.39
24/04/2023 04:00,6.18
24/04/2023 05:00,6.46
24/04/2023 06:00,6.38
24/04/2023 07:00,5.67
24/04/2023 08:00,2.84
24/04/2023 09:00,8.9
24/04/2023 10:00,12.34
24/04/2023 11:00,9.31
24/04/2023 12:00,9.49
24/04/2023 13:00,9.4
24/04/2023 14:00,15.64
24/04/2023 15:00,20.75
24/04/2023 16:00,22.5
24/04/2023 17:00,22.28
24/04/2023 18:00,12.54
24/04/2023 19:00,9.29
24/04/2023 20:00,8.88
24/04/2023 21:00,8.5
24/04/2023 22:00,7.34
24/04/2023 23:00,7.11
25/04/2023 00:00,
25/04/2023 01:00,6.48
25/04/2023 02:00,6.14
25/04/2023 03:00,6.14
25/04/2023 04:00,6.06
25/04/2023 05:00,6.36
25/04/2023 06:00,
25/04/2023 07:00,5.2
25/04/2023 08:00,6.83
25/04/2023 09:00,5.36
25/04/2023 10:00,4.19
25/04/2023 11:00,2.48
25/04/2023 12:00,8.8
25/04/2023 13:00,10.45
25/04/2023 14:00,13.66
25/04/2023 15:00,19.34
25/04/2023 16:00,25.88
25/04/2023 17:00,23.7
25/04/2023 18:00,19.67
25/04/2023 19:00,14.16
25/04/2023 20:00,11.5
25/04/2023 21:00,11.23
25/04/2023 22:00,8.54
25/04/2023 23:00,8.28
26/04/2023 00:00,
26/04/2023 01:00,6.93
26/04/2023 02:00,7.21
26/04/2023 03:00,7.15
26/04/2023 04:00,6.96
26/04/2023 05:00,7.01
26/04/2023 06:00,7.1
26/04/2023 07:00,6.82
26/04/2023 08:00,7.5
26/04/2023 09:00,11.68
26/04/2023 10:00,19.95
26/04/2023 11:00,15.5
26/04/2023 12:00,18.08
26/04/2023 13:00,17.44
26/04/2023 14:00,20.2
26/04/2023 15:00,17.3
26/04/2023 16:00,17.15
26/04/2023 17:00,20.38
26/04/2023 18:00,13.9
26/04/2023 19:00,9.55
26/04/2023 20:00,7.37
26/04/2023 21:00,7.11
26/04/2023 22:00,6.61
26/04/2023 23:00,6.83
27/04/2023 00:00,
27/04/2023 01:00,5.94
27/04/2023 02:00,5.92
27/04/2023 03:00,6.02
27/04/2023 04:00,5.92
27/04/2023 05:00,5.89
27/04/2023 06:00,5.78
27/04/2023 07:00,5.66
27/04/2023 08:00,3.51
27/04/2023 09:00,11.54
27/04/2023 10:00,10.84
27/04/2023 11:00,7.37
27/04/2023 12:00,2.71
27/04/2023 13:00,4.67
27/04/2023 14:00,10.47
27/04/2023 15:00,14.67
27/04/2023 16:00,19.77
27/04/2023 17:00,17.51
27/04/2023 18:00,8.77
27/04/2023 19:00,7.01
27/04/2023 20:00,6.89
27/04/2023 21:00,6.83
27/04/2023 22:00,6.13
27/04/2023 23:00,6.09
28/04/2023 00:00,
28/04/2023 01:00,5.79
28/04/2023 02:00,5.79
28/04/2023 03:00,5.78
28/04/2023 04:00,5.99
28/04/2023 05:00,5.98
28/04/2023 06:00,5.89
28/04/2023 07:00,4.96
28/04/2023 08:00,1.82
28/04/2023 09:00,1.96
28/04/2023 10:00,2.04
28/04/2023 11:00,1.89
28/04/2023 12:00,1.21
28/04/2023 13:00,2.5
28/04/2023 14:00,8.7
28/04/2023 15:00,16.84
28/04/2023 16:00,19.99
28/04/2023 17:00,15.41
28/04/2023 18:00,10.84
28/04/2023 19:00,10.73
28/04/2023 20:00,7.43
28/04/2023 21:00,7.42
28/04/2023 22:00,6.65
28/04/2023 23:00,6.77
29/04/2023 00:00,
29/04/2023 01:00,6.34
29/04/2023 02:00,5.94
29/04/2023 03:00,5.92
29/04/2023 04:00,5.89
29/04/2023 05:00,6.4
29/04/2023 06:00,6.42
29/04/2023 07:00,4.89
29/04/2023 08:00,0.81
29/04/2023 09:00,0
29/04/2023 10:00,0
29/04/2023 11:00,0
29/04/2023 12:00,0.28
29/04/2023 13:00,7.72
29/04/2023 14:00,8.97
29/04/2023 15:00,10.08
29/04/2023 16:00,3.08
29/04/2023 17:00,4.87
29/04/2023 18:00,6.47
29/04/2023 19:00,7.72
29/04/2023 20:00,8.06
29/04/2023 21:00,7.59
29/04/2023 22:00,6.85
29/04/2023 23:00,6.83
30/04/2023 00:00,
30/04/2023 01:00,6.14
30/04/2023 02:00,5.64
30/04/2023 03:00,5.66
30/04/2023 04:00,5.68
30/04/2023 05:00,6.16
30/04/2023 06:00,6.2
30/04/2023 07:00,4.85
30/04/2023 08:00,0.26
30/04/2023 09:00,7.32
30/04/2023 10:00,10.56
30/04/2023 11:00,5.42
30/04/2023 12:00,1.27
30/04/2023 13:00,0
30/04/2023 14:00,0
30/04/2023 15:00,0.51
30/04/2023 16:00,3.39
30/04/2023 17:00,5.7
30/04/2023 18:00,6.15
30/04/2023 19:00,6.34
30/04/2023 20:00,6.28
30/04/2023 21:00,6.34
30/04/2023 22:00,5.94
30/04/2023 23:00,5.95
01/05/2023 00:00,
01/05/2023 01:00,5.64
01/05/2023 02:00,5.52
01/05/2023 03:00,5.54
01/05/2023 04:00,5.66
01/05/2023 05:00,5.7
01/05/2023 06:00,5.56
01/05/2023 07:00,5.11
01/05/2023 08:00,1.33
01/05/2023 09:00,3
01/05/2023 10:00,9.7
01/05/2023 11:00,13.68
01/05/2023 12:00,12.54
01/05/2023 13:00,12.3
01/05/2023 14:00,13.38
01/05/2023 15:00,19.17
01/05/2023 16:00,20.29
01/05/2023 17:00,17.49
01/05/2023 18:00,15.92
01/05/2023 19:00,13.28
01/05/2023 20:00,11
01/05/2023 21:00,8.78
01/05/2023 22:00,7.27
01/05/2023 23:00,7.03
02/05/2023 00:00,
02/05/2023 01:00,6.42
02/05/2023 02:00,6.02
02/05/2023 03:00,6.06
02/05/2023 04:00,6.1
02/05/2023 05:00,6.42
02/05/2023 06:00,
02/05/2023 07:00,4.85
02/05/2023 08:00,1.78
02/05/2023 09:00,4.44
02/05/2023 10:00,8.43
02/05/2023 11:00,2.5
02/05/2023 12:00,4.99
02/05/2023 13:00,5.44
02/05/2023 14:00,8.67
02/05/2023 15:00,13.47
02/05/2023 16:00,13.37
02/05/2023 17:00,12.66
02/05/2023 18:00,15.5
02/05/2023 19:00,14.9
02/05/2023 20:00,14.55
02/05/2023 21:00,10.25
02/05/2023 22:00,6.83
02/05/2023 23:00,7.19
03/05/2023 00:00,
03/05/2023 01:00,6.57
03/05/2023 02:00,6.02
03/05/2023 03:00,5.97
03/05/2023 04:00,6
03/05/2023 05:00,6.34
03/05/2023 06:00,6.25
03/05/2023 07:00,5.77
03/05/2023 08:00,4.56
03/05/2023 09:00,5.33
03/05/2023 10:00,0.64
03/05/2023 11:00,1.47
03/05/2023 12:00,9.75
03/05/2023 13:00,0.75
03/05/2023 14:00,3.72
03/05/2023 15:00,9.26
03/05/2023 16:00,6.03
03/05/2023 17:00,11.3
03/05/2023 18:00,11.94
03/05/2023 19:00,10.51
03/05/2023 20:00,14.28
03/05/2023 21:00,13.8
03/05/2023 22:00,12.42
03/05/2023 23:00,9.39
04/05/2023 00:00,
04/05/2023 01:00,7.02
04/05/2023 02:00,5.92
04/05/2023 03:00,5.97
04/05/2023 04:00,5.89
04/05/2023 05:00,6.19
04/05/2023 06:00,6.19
04/05/2023 07:00,4.51
04/05/2023 08:00,1.06
04/05/2023 09:00,0
04/05/2023 10:00,0
04/05/2023 11:00,0
04/05/2023 12:00,0
04/05/2023 13:00,0
04/05/2023 14:00,0
04/05/2023 15:00,0
04/05/2023 16:00,0.22
04/05/2023 17:00,2.71
04/05/2023 18:00,8.5
04/05/2023 19:00,10.28
04/05/2023 20:00,10.32
04/05/2023 21:00,9.57
04/05/2023 22:00,8.7
04/05/2023 23:00,8.8
05/05/2023 00:00,
05/05/2023 01:00,6.5
05/05/2023 02:00,6.13
05/05/2023 03:00,6.12
05/05/2023 04:00,6
05/05/2023 05:00,6.25
05/05/2023 06:00,6.11
05/05/2023 07:00,4.86
05/05/2023 08:00,1.05
05/05/2023 09:00,0
05/05/2023 10:00,0
05/05/2023 11:00,0
05/05/2023 12:00,0
05/05/2023 13:00,0
05/05/2023 14:00,0
05/05/2023 15:00,0
05/05/2023 16:00,0.68
05/05/2023 17:00,5.46
05/05/2023 18:00,9.92
05/05/2023 19:00,11.36
05/05/2023 20:00,12.09
05/05/2023 21:00,11.74
05/05/2023 22:00,10.06
05/05/2023 23:00,9.51
06/05/2023 00:00,
06/05/2023 01:00,7.92
06/05/2023 02:00,6.48
06/05/2023 03:00,6.41
06/05/2023 04:00,6.23
06/05/2023 05:00,6.53
06/05/2023 06:00,6.5
06/05/2023 07:00,4.72
06/05/2023 08:00,0.86
06/05/2023 09:00,0
06/05/2023 10:00,0
06/05/2023 11:00,0
06/05/2023 12:00,0
06/05/2023 13:00,0
06/05/2023 14:00,0
06/05/2023 15:00,0
06/05/2023 16:00,0.38
06/05/2023 17:00,5.11
06/05/2023 18:00,9.57
06/05/2023 19:00,11.44
06/05/2023 20:00,10.66
06/05/2023 21:00,10.25
06/05/2023 22:00,9.3
06/05/2023 23:00,9.34
07/05/2023 00:00,
07/05/2023 01:00,6.62
07/05/2023 02:00,6.66
07/05/2023 03:00,6.48
07/05/2023 04:00,6.5
07/05/2023 05:00,6.83
07/05/2023 06:00,6.66
07/05/2023 07:00,5
07/05/2023 08:00,0.94
07/05/2023 09:00,0
07/05/2023 10:00,0
07/05/2023 11:00,0
07/05/2023 12:00,0
07/05/2023 13:00,0
07/05/2023 14:00,0
07/05/2023 15:00,0
07/05/2023 16:00,0.46
07/05/2023 17:00,5.11
07/05/2023 18:00,9.97
07/05/2023 19:00,11.96
07/05/2023 20:00,11.6
07/05/2023 21:00,11
07/05/2023 22:00,9.93
07/05/2023 23:00,10
08/05/2023 00:00,
08/05/2023 01:00,7.25
08/05/2023 02:00,6.97
08/05/2023 03:00,6.86
08/05/2023 04:00,6.89
08/05/2023 05:00,7.23
08/05/2023 06:00,
08/05/2023 07:00,5.78
08/05/2023 08:00,5.05
08/05/2023 09:00,11.31
08/05/2023 10:00,23.22
08/05/2023 11:00,28.86
08/05/2023 12:00,22.59
08/05/2023 13:00,21.47
08/05/2023 14:00,26.14
08/05/2023 15:00,39.55
08/05/2023 16:00,37.22
08/05/2023 17:00,26.02
08/05/2023 18:00,15.48
08/05/2023 19:00,15.42
08/05/2023 20:00,12.72
08/05/2023 21:00,8.64
08/05/2023 22:00,8.08
08/05/2023 23:00,8.47
09/05/2023 00:00,
09/05/2023 01:00,7.64
09/05/2023 02:00,6.53
09/05/2023 03:00,6.44
09/05/2023 04:00,6.42
09/05/2023 05:00,6.7
09/05/2023 06:00,6.6
09/05/2023 07:00,5.89
09/05/2023 08:00,4.5
09/05/2023 09:00,7
09/05/2023 10:00,14.5
09/05/2023 11:00,17.09
09/05/2023 12:00,17.86
09/05/2023 13:00,17.86
09/05/2023 14:00,19.75
09/05/2023 15:00,25.23
09/05/2023 16:00,24.15
09/05/2023 17:00,24.07
09/05/2023 18:00,20.07
09/05/2023 19:00,15.04
09/05/2023 20:00,13.66
09/05/2023 21:00,11.31
09/05/2023 22:00,8.33
09/05/2023 23:00,8.48
10/05/2023 00:00,
10/05/2023 01:00,7.19
10/05/2023 02:00,6.28
10/05/2023 03:00,6.15
10/05/2023 04:00,6.22
10/05/2023 05:00,6.33
10/05/2023 06:00,6.23
10/05/2023 07:00,5.66
10/05/2023 08:00,5.31
10/05/2023 09:00,13.55
10/05/2023 10:00,13.67
10/05/2023 11:00,13.5
10/05/2023 12:00,15.97
10/05/2023 13:00,19
10/05/2023 14:00,14.33
10/05/2023 15:00,12.42
10/05/2023 16:00,17.63
10/05/2023 17:00,18.1
10/05/2023 18:00,16.8
10/05/2023 19:00,12.86
10/05/2023 20:00,12.14
10/05/2023 21:00,8.81
10/05/2023 22:00,7.77
10/05/2023 23:00,8.03
11/05/2023 00:00,
11/05/2023 01:00,6.56
11/05/2023 02:00,6.39
11/05/2023 03:00,6.26
11/05/2023 04:00,6.22
11/05/2023 05:00,6.24
11/05/2023 06:00,6.31
11/05/2023 07:00,5.23
11/05/2023 08:00,1.61
11/05/2023 09:00,16.93
11/05/2023 10:00,16.6
11/05/2023 11:00,15.96
11/05/2023 12:00,11.98
11/05/2023 13:00,12.52
11/05/2023 14:00,15.26
11/05/2023 15:00,20.53
11/05/2023 16:00,30.49
11/05/2023 17:00,30.11
11/05/2023 18:00,18.36
11/05/2023 19:00,10.53
11/05/2023 20:00,12.33
11/05/2023 21:00,12.23
11/05/2023 22:00,11.49
11/05/2023 23:00,10.03
12/05/2023 00:00,
12/05/2023 01:00,6.05
12/05/2023 02:00,5.7
12/05/2023 03:00,5.66
12/05/2023 04:00,5.73
12/05/2023 05:00,5.91
12/05/2023 06:00,5.97
12/05/2023 07:00,5.61
12/05/2023 08:00,5.11
12/05/2023 09:00,15.95
12/05/2023 10:00,14.61
12/05/2023 11:00,6.8
12/05/2023 12:00,16.09
12/05/2023 13:00,20.72
12/05/2023 14:00,27.75
12/05/2023 15:00,24.45
12/05/2023 16:00,24.28
12/05/2023 17:00,20.86
12/05/2023 18:00,8.52
12/05/2023 19:00,6.81
12/05/2023 20:00,7.39
12/05/2023 21:00,6.05
12/05/2023 22:00,5.72
12/05/2023 23:00,6.17
13/05/2023 00:00,
13/05/2023 01:00,5.92
13/05/2023 02:00,5.92
13/05/2023 03:00,6
13/05/2023 04:00,6.05
13/05/2023 05:00,5.93
13/05/2023 06:00,5.64
13/05/2023 07:00,4.58
13/05/2023 08:00,2.06
13/05/2023 09:00,0.83
13/05/2023 10:00,0
13/05/2023 11:00,0.02
13/05/2023 12:00,0
13/05/2023 13:00,0
13/05/2023 14:00,0
13/05/2023 15:00,0
13/05/2023 16:00,0
13/05/2023 17:00,0.51
13/05/2023 18:00,4.89
13/05/2023 19:00,7.02
13/05/2023 20:00,7.06
13/05/2023 21:00,6.92
13/05/2023 22:00,6.3
13/05/2023 23:00,6.49
14/05/2023 00:00,
14/05/2023 01:00,5.72
14/05/2023 02:00,5.61
14/05/2023 03:00,5.69
14/05/2023 04:00,5.61
14/05/2023 05:00,5.67
14/05/2023 06:00,5.72
14/05/2023 07:00,4.53
14/05/2023 08:00,0.66
14/05/2023 09:00,0.01
14/05/2023 10:00,0.18
14/05/2023 11:00,0
14/05/2023 12:00,0.01
14/05/2023 13:00,0
14/05/2023 14:00,0
14/05/2023 15:00,0.03
14/05/2023 16:00,0.11
14/05/2023 17:00,4.83
14/05/2023 18:00,7.98
14/05/2023 19:00,7.97
14/05/2023 20:00,7.61
14/05/2023 21:00,7.49
14/05/2023 22:00,7
14/05/2023 23:00,7.22
15/05/2023 00:00,
15/05/2023 01:00,7.17
15/05/2023 02:00,5.57
15/05/2023 03:00,5.54
15/05/2023 04:00,5.55
15/05/2023 05:00,5.56
15/05/2023 06:00,5.69
15/05/2023 07:00,4.09
15/05/2023 08:00,1.71
15/05/2023 09:00,11.95
15/05/2023 10:00,12.23
15/05/2023 11:00,12.69
15/05/2023 12:00,14.41
15/05/2023 13:00,16.01
15/05/2023 14:00,14.14
15/05/2023 15:00,19.96
15/05/2023 16:00,26.26
15/05/2023 17:00,
15/05/2023 18:00,13.83
15/05/2023 19:00,8.19
15/05/2023 20:00,7.45
15/05/2023 21:00,7.41
15/05/2023 22:00,6.91
15/05/2023 23:00,7.18
16/05/2023 00:00,
16/05/2023 01:00,6
16/05/2023 02:00,5.68
16/05/2023 03:00,5.53
16/05/2023 04:00,5.58
16/05/2023 05:00,5.71
16/05/2023 06:00,5.73
16/05/2023 07:00,3.83
16/05/2023 08:00,0.48
16/05/2023 09:00,9.6
16/05/2023 10:00,16.26
16/05/2023 11:00,19
16/05/2023 12:00,17.74
16/05/2023 13:00,17.46
16/05/2023 14:00,18.79
16/05/2023 15:00,24.78
16/05/2023 16:00,24.45
16/05/2023 17:00,26.66
16/05/2023 18:00,11.04
16/05/2023 19:00,8.03
16/05/2023 20:00,8.3
16/05/2023 21:00,7.95
16/05/2023 22:00,7.27
16/05/2023 23:00,7.66
17/05/2023 00:00,
17/05/2023 01:00,6.41
17/05/2023 02:00,5.95
17/05/2023 03:00,5.77
17/05/2023 04:00,5.79
17/05/2023 05:00,5.58
17/05/2023 06:00,5.53
17/05/2023 07:00,3.54
17/05/2023 08:00,0.18
17/05/2023 09:00,0
17/05/2023 10:00,0
17/05/2023 11:00,0
17/05/2023 12:00,0
17/05/2023 13:00,0
17/05/2023 14:00,0
17/05/2023 15:00,0.36
17/05/2023 16:00,1.72
17/05/2023 17:00,7.56
17/05/2023 18:00,9.5
17/05/2023 19:00,9.22
17/05/2023 20:00,9.46
17/05/2023 21:00,9.04
17/05/2023 22:00,8.28
17/05/2023 23:00,8.49
18/05/2023 00:00,
18/05/2023 01:00,6.83
18/05/2023 02:00,5.67
18/05/2023 03:00,5.71
18/05/2023 04:00,5.73
18/05/2023 05:00,6
18/05/2023 06:00,5.86
18/05/2023 07:00,3.34
18/05/2023 08:00,1.97
18/05/2023 09:00,12.92
18/05/2023 10:00,16.05
18/05/2023 11:00,15.2
18/05/2023 12:00,16.52
18/05/2023 13:00,17.23
18/05/2023 14:00,20.75
18/05/2023 15:00,26.65
18/05/2023 16:00,32.23
18/05/2023 17:00,26.08
18/05/2023 18:00,18.26
18/05/2023 19:00,18.21
18/05/2023 20:00,17.37
18/05/2023 21:00,9.49
18/05/2023 22:00,8.56
18/05/2023 23:00,7.83
19/05/2023 00:00,
19/05/2023 01:00,6.41
19/05/2023 02:00,5.64
19/05/2023 03:00,5.78
19/05/2023 04:00,5.61
19/05/2023 05:00,5.98
19/05/2023 06:00,5.89
19/05/2023 07:00,4.3
19/05/2023 08:00,1.36
19/05/2023 09:00,10.3
19/05/2023 10:00,26.61
19/05/2023 11:00,24.2
19/05/2023 12:00,24.02
19/05/2023 13:00,24.71
19/05/2023 14:00,28.29
19/05/2023 15:00,27.06
19/05/2023 16:00,29.61
19/05/2023 17:00,28.4
19/05/2023 18:00,16.27
19/05/2023 19:00,17.58
19/05/2023 20:00,15.26
19/05/2023 21:00,10.77
19/05/2023 22:00,9.2
19/05/2023 23:00,9.28
20/05/2023 00:00,
20/05/2023 01:00,6.23
20/05/2023 02:00,5.79
20/05/2023 03:00,5.79
20/05/2023 04:00,5.69
20/05/2023 05:00,6
20/05/2023 06:00,5.91
20/05/2023 07:00,4.18
20/05/2023 08:00,3.22
20/05/2023 09:00,0.71
20/05/2023 10:00,0
20/05/2023 11:00,0
20/05/2023 12:00,0
20/05/2023 13:00,0
20/05/2023 14:00,0
20/05/2023 15:00,0.03
20/05/2023 16:00,4.18
20/05/2023 17:00,7.38
20/05/2023 18:00,10.41
20/05/2023 19:00,12.5
20/05/2023 20:00,10.53
20/05/2023 21:00,10.14
20/05/2023 22:00,8.25
20/05/2023 23:00,7.29
21/05/2023 00:00,
21/05/2023 01:00,6.41
21/05/2023 02:00,6.16
21/05/2023 03:00,6.04
21/05/2023 04:00,6.11
21/05/2023 05:00,6.39
21/05/2023 06:00,
21/05/2023 07:00,4.26
21/05/2023 08:00,0.63
21/05/2023 09:00,0
21/05/2023 10:00,0
21/05/2023 11:00,0
21/05/2023 12:00,0
21/05/2023 13:00,0
21/05/2023 14:00,0
21/05/2023 15:00,0
21/05/2023 16:00,0.19
21/05/2023 17:00,3.68
21/05/2023 18:00,9.47
21/05/2023 19:00,10.8
21/05/2023 20:00,10.75
21/05/2023 21:00,10.38
21/05/2023 22:00,9.56
21/05/2023 23:00,10
22/05/2023 00:00,
22/05/2023 01:00,7.93
22/05/2023 02:00,6.4
22/05/2023 03:00,6.24
22/05/2023 04:00,6.17
22/05/2023 05:00,6.67
22/05/2023 06:00,6.97
22/05/2023 07:00,5.69
22/05/2023 08:00,1.79
22/05/2023 09:00,11.68
22/05/2023 10:00,24.71
22/05/2023 11:00,21.4
22/05/2023 12:00,23.71
22/05/2023 13:00,26.27
22/05/2023 14:00,26.45
22/05/2023 15:00,32.64
22/05/2023 16:00,32.43
22/05/2023 17:00,28.28
22/05/2023 18:00,18.82
22/05/2023 19:00,17.04
22/05/2023 20:00,12
22/05/2023 21:00,11.56
22/05/2023 22:00,10.9
22/05/2023 23:00,10.9
23/05/2023 00:00,
23/05/2023 01:00,7.97
23/05/2023 02:00,7.61
23/05/2023 03:00,7.3
23/05/2023 04:00,7.04
23/05/2023 05:00,7.32
23/05/2023 06:00,7.17
23/05/2023 07:00,6.26
23/05/2023 08:00,3.61
23/05/2023 09:00,7.44
23/05/2023 10:00,10.97
23/05/2023 11:00,7.44
23/05/2023 12:00,5.37
23/05/2023 13:00,7.81
23/05/2023 14:00,9.08
23/05/2023 15:00,13.39
23/05/2023 16:00,19.8
23/05/2023 17:00,20.16
23/05/2023 18:00,15.4
23/05/2023 19:00,15.13
23/05/2023 20:00,10.58
23/05/2023 21:00,9.54
23/05/2023 22:00,8.88
23/05/2023 23:00,9.06
24/05/2023 00:00,
24/05/2023 01:00,6.37
24/05/2023 02:00,6.03
24/05/2023 03:00,6
24/05/2023 04:00,6.08
24/05/2023 05:00,6.14
24/05/2023 06:00,
24/05/2023 07:00,3.73
24/05/2023 08:00,0.66
24/05/2023 09:00,18.68
24/05/2023 10:00,23.18
24/05/2023 11:00,22.57
24/05/2023 12:00,19.99
24/05/2023 13:00,22.25
24/05/2023 14:00,23.83
24/05/2023 15:00,23.7
24/05/2023 16:00,29.5
24/05/2023 17:00,25.44
24/05/2023 18:00,15.61
24/05/2023 19:00,14.61
24/05/2023 20:00,12.68
24/05/2023 21:00,9.63
24/05/2023 22:00,9.23
24/05/2023 23:00,9.28
25/05/2023 00:00,
25/05/2023 01:00,6.58
25/05/2023 02:00,6.68
25/05/2023 03:00,6.5
25/05/2023 04:00,6.39
25/05/2023 05:00,6.3
25/05/2023 06:00,6.41
25/05/2023 07:00,4.61
25/05/2023 08:00,3.12
25/05/2023 09:00,4.95
25/05/2023 10:00,18.32
25/05/2023 11:00,20.31
25/05/2023 12:00,23.86
25/05/2023 13:00,20.87
25/05/2023 14:00,21.86
25/05/2023 15:00,27.72
25/05/2023 16:00,31.91
25/05/2023 17:00,28.78
25/05/2023 18:00,16.22
25/05/2023 19:00,11.51
25/05/2023 20:00,9.82
25/05/2023 21:00,9.37
25/05/2023 22:00,8.61
25/05/2023 23:00,8.7
26/05/2023 00:00,
26/05/2023 01:00,6.77
26/05/2023 02:00,6.23
26/05/2023 03:00,5.78
26/05/2023 04:00,6.05
26/05/2023 05:00,6.15
26/05/2023 06:00,6.47
26/05/2023 07:00,4.74
26/05/2023 08:00,0.9
26/05/2023 09:00,5.55
26/05/2023 10:00,16.67
26/05/2023 11:00,13.75
26/05/2023 12:00,12.47
26/05/2023 13:00,13.02
26/05/2023 14:00,18.18
26/05/2023 15:00,19.8
26/05/2023 16:00,21.64
26/05/2023 17:00,18.25
26/05/2023 18:00,7.66
26/05/2023 19:00,9.69
26/05/2023 20:00,10.26
26/05/2023 21:00,9.88
26/05/2023 22:00,8.59
26/05/2023 23:00,8.47
27/05/2023 00:00,
27/05/2023 01:00,7.37
27/05/2023 02:00,6.25
27/05/2023 03:00,6.35
27/05/2023 04:00,6.3
27/05/2023 05:00,6.64
27/05/2023 06:00,6.57
27/05/2023 07:00,4.49
27/05/2023 08:00,0.7
27/05/2023 09:00,0
27/05/2023 10:00,0
27/05/2023 11:00,0.02
27/05/2023 12:00,0.25
27/05/2023 13:00,0.36
27/05/2023 14:00,0.95
27/05/2023 15:00,2.87
27/05/2023 16:00,8.04
27/05/2023 17:00,12.61
27/05/2023 18:00,17.35
27/05/2023 19:00,19.46
27/05/2023 20:00,19.22
27/05/2023 21:00,17.36
27/05/2023 22:00,16.32
27/05/2023 23:00,16.83
28/05/2023 00:00,
28/05/2023 01:00,6.76
28/05/2023 02:00,6.39
28/05/2023 03:00,6.44
28/05/2023 04:00,6.3
28/05/2023 05:00,6.17
28/05/2023 06:00,6.48
28/05/2023 07:00,5.5
28/05/2023 08:00,1.35
28/05/2023 09:00,1.32
28/05/2023 10:00,4.47
28/05/2023 11:00,0.08
28/05/2023 12:00,0.11
28/05/2023 13:00,0.02
28/05/2023 14:00,2.25
28/05/2023 15:00,7.81
28/05/2023 16:00,9.42
28/05/2023 17:00,15.14
28/05/2023 18:00,16.6
28/05/2023 19:00,16.17
28/05/2023 20:00,16.43
28/05/2023 21:00,14.36
28/05/2023 22:00,12.16
28/05/2023 23:00,16.3
29/05/2023 00:00,
29/05/2023 01:00,9.8
29/05/2023 02:00,9.31
29/05/2023 03:00,9.25
29/05/2023 04:00,9.51
29/05/2023 05:00,9.68
29/05/2023 06:00,
29/05/2023 07:00,8.36
29/05/2023 08:00,18.84
29/05/2023 09:00,26.58
29/05/2023 10:00,28.44
29/05/2023 11:00,21.97
29/05/2023 12:00,20.05
29/05/2023 13:00,19.04
29/05/2023 14:00,23.55
29/05/2023 15:00,30.73
29/05/2023 16:00,29.55
29/05/2023 17:00,23.36
29/05/2023 18:00,14.89
29/05/2023 19:00,13.27
29/05/2023 20:00,9.39
29/05/2023 21:00,9.48
29/05/2023 22:00,8.83
29/05/2023 23:00,8.56
30/05/2023 00:00,
30/05/2023 01:00,6.12
30/05/2023 02:00,5.67
30/05/2023 03:00,5.72
30/05/2023 04:00,5.72
30/05/2023 05:00,5.8
30/05/2023 06:00,5.75
30/05/2023 07:00,3.86
30/05/2023 08:00,0.79
30/05/2023 09:00,7
30/05/2023 10:00,11.44
30/05/2023 11:00,8.53
30/05/2023 12:00,9.6
30/05/2023 13:00,11.56
30/05/2023 14:00,12.09
30/05/2023 15:00,12.85
30/05/2023 16:00,18.01
30/05/2023 17:00,19.92
30/05/2023 18:00,13.61
30/05/2023 19:00,14.78
30/05/2023 20:00,13.74
30/05/2023 21:00,11.5
30/05/2023 22:00,8.87
30/05/2023 23:00,6.83
31/05/2023 00:00,
31/05/2023 01:00,6.36
31/05/2023 02:00,5.87
31/05/2023 03:00,5.64
31/05/2023 04:00,5.78
31/05/2023 05:00,5.96
31/05/2023 06:00,6.09
31/05/2023 07:00,4.53
31/05/2023 08:00,1.58
31/05/2023 09:00,10.16
31/05/2023 10:00,16.04
31/05/2023 11:00,14.31
31/05/2023 12:00,11.55
31/05/2023 13:00,15.25
31/05/2023 14:00,22.81
31/05/2023 15:00,24.83
31/05/2023 16:00,28.81
31/05/2023 17:00,26.82
31/05/2023 18:00,17.48
31/05/2023 19:00,14.74
31/05/2023 20:00,12.48
31/05/2023 21:00,12
31/05/2023 22:00,9.53
31/05/2023 23:00,9.61
01/06/2023 00:00,
01/06/2023 01:00,6.45
01/06/2023 02:00,5.75
01/06/2023 03:00,5.88
01/06/2023 04:00,5.61
01/06/2023 05:00,6.03
01/06/2023 06:00,6.15
01/06/2023 07:00,4.3
01/06/2023 08:00,0.81
01/06/2023 09:00,8.86
01/06/2023 10:00,16.24
01/06/2023 11:00,15.4
01/06/2023 12:00,21.58
01/06/2023 13:00,17.44
01/06/2023 14:00,20
01/06/2023 15:00,24
01/06/2023 16:00,31.34
01/06/2023 17:00,24.88
01/06/2023 18:00,16.93
01/06/2023 19:00,17.9
01/06/2023 20:00,17.17
01/06/2023 21:00,15.4
01/06/2023 22:00,14.18
01/06/2023 23:00,14.53
02/06/2023 00:00,
02/06/2023 01:00,10.2
02/06/2023 02:00,6.22
02/06/2023 03:00,6.24
02/06/2023 04:00,6.23
02/06/2023 05:00,6.75
02/06/2023 06:00,6.3
02/06/2023 07:00,4.58
02/06/2023 08:00,1.76
02/06/2023 09:00,22.05
02/06/2023 10:00,25
02/06/2023 11:00,23.06
02/06/2023 12:00,23.74
02/06/2023 13:00,21.29
02/06/2023 14:00,24.69
02/06/2023 15:00,25.52
02/06/2023 16:00,32.14
02/06/2023 17:00,27.14
02/06/2023 18:00,15.37
02/06/2023 19:00,11.63
02/06/2023 20:00,10.08
02/06/2023 21:00,9.87
02/06/2023 22:00,9.2
02/06/2023 23:00,8.75
03/06/2023 00:00,
03/06/2023 01:00,6.42
03/06/2023 02:00,5.81
03/06/2023 03:00,5.97
03/06/2023 04:00,5.89
03/06/2023 05:00,6.31
03/06/2023 06:00,6.24
03/06/2023 07:00,4.7
03/06/2023 08:00,1.37
03/06/2023 09:00,0
03/06/2023 10:00,0
03/06/2023 11:00,0
03/06/2023 12:00,0
03/06/2023 13:00,0
03/06/2023 14:00,0.5
03/06/2023 15:00,0.6
03/06/2023 16:00,5.3
03/06/2023 17:00,12.57
03/06/2023 18:00,17.36
03/06/2023 19:00,19.61
03/06/2023 20:00,18.78
03/06/2023 21:00,18.58
03/06/2023 22:00,17.05
03/06/2023 23:00,16.25
04/06/2023 00:00,
04/06/2023 01:00,12.77
04/06/2023 02:00,6.22
04/06/2023 03:00,5.97
04/06/2023 04:00,5.93
04/06/2023 05:00,6.3
04/06/2023 06:00,6.06
04/06/2023 07:00,5
04/06/2023 08:00,1.07
04/06/2023 09:00,0
04/06/2023 10:00,0
04/06/2023 11:00,0
04/06/2023 12:00,0
04/06/2023 13:00,0
04/06/2023 14:00,0
04/06/2023 15:00,0
04/06/2023 16:00,1.17
04/06/2023 17:00,1.17
04/06/2023 18:00,5.69
04/06/2023 19:00,7.61
04/06/2023 20:00,7.56
04/06/2023 21:00,7.53
04/06/2023 22:00,6.66
04/06/2023 23:00,6.87
05/06/2023 00:00,
05/06/2023 01:00,6.22
05/06/2023 02:00,5.98
05/06/2023 03:00,6.03
05/06/2023 04:00,6
05/06/2023 05:00,6.36
05/06/2023 06:00,6.33
05/06/2023 07:00,4.26
05/06/2023 08:00,0.57
05/06/2023 09:00,0.04
05/06/2023 10:00,0
05/06/2023 11:00,0
05/06/2023 12:00,0
05/06/2023 13:00,0
05/06/2023 14:00,0
05/06/2023 15:00,0
05/06/2023 16:00,0
05/06/2023 17:00,3.47
05/06/2023 18:00,4.6
05/06/2023 19:00,7.15
05/06/2023 20:00,7.74
05/06/2023 21:00,7.18
05/06/2023 22:00,6.46
05/06/2023 23:00,6.67
06/06/2023 00:00,
06/06/2023 01:00,6.47
06/06/2023 02:00,6.14
06/06/2023 03:00,6.26
06/06/2023 04:00,6.22
06/06/2023 05:00,6.5
06/06/2023 06:00,6.46
06/06/2023 07:00,5.43
06/06/2023 08:00,2.55
06/06/2023 09:00,8.99
06/06/2023 10:00,26.93
06/06/2023 11:00,22.47
06/06/2023 12:00,25.88
06/06/2023 13:00,24.84
06/06/2023 14:00,33.27
06/06/2023 15:00,35.87
06/06/2023 16:00,35.44
06/06/2023 17:00,25.12
06/06/2023 18:00,14.78
06/06/2023 19:00,16.18
06/06/2023 20:00,11.11
06/06/2023 21:00,8.59
06/06/2023 22:00,7.67
06/06/2023 23:00,7.2
07/06/2023 00:00,
07/06/2023 01:00,6.15
07/06/2023 02:00,5.94
07/06/2023 03:00,6.05
07/06/2023 04:00,5.89
07/06/2023 05:00,6.18
07/06/2023 06:00,6
07/06/2023 07:00,4.44
07/06/2023 08:00,1.31
07/06/2023 09:00,19.29
07/06/2023 10:00,28.2
07/06/2023 11:00,24.15
07/06/2023 12:00,24.93
07/06/2023 13:00,23.04
07/06/2023 14:00,20.32
07/06/2023 15:00,26.57
07/06/2023 16:00,35.47
07/06/2023 17:00,24.97
07/06/2023 18:00,12.52
07/06/2023 19:00,15.79
07/06/2023 20:00,14.57
07/06/2023 21:00,14.17
07/06/2023 22:00,11.19
07/06/2023 23:00,7.09
08/06/2023 00:00,
08/06/2023 01:00,5.87
08/06/2023 02:00,5.58
08/06/2023 03:00,5.58
08/06/2023 04:00,5.59
08/06/2023 05:00,5.75
08/06/2023 06:00,5.53
08/06/2023 07:00,4.32
08/06/2023 08:00,0.9
08/06/2023 09:00,14.57
08/06/2023 10:00,21.9
08/06/2023 11:00,16.39
08/06/2023 12:00,20.55
08/06/2023 13:00,22.31
08/06/2023 14:00,17.06
08/06/2023 15:00,17.16
08/06/2023 16:00,30.14
08/06/2023 17:00,25.74
08/06/2023 18:00,11.21
08/06/2023 19:00,9.11
08/06/2023 20:00,8.75
08/06/2023 21:00,8.55
08/06/2023 22:00,6.89
08/06/2023 23:00,6
09/06/2023 00:00,
09/06/2023 01:00,6.14
09/06/2023 02:00,6.05
09/06/2023 03:00,5.98
09/06/2023 04:00,6.09
09/06/2023 05:00,6.22
09/06/2023 06:00,
09/06/2023 07:00,4.15
09/06/2023 08:00,3.24
09/06/2023 09:00,16.59
09/06/2023 10:00,20.2
09/06/2023 11:00,15.96
09/06/2023 12:00,18.01
09/06/2023 13:00,13.69
09/06/2023 14:00,19.56
09/06/2023 15:00,23.72
09/06/2023 16:00,22.16
09/06/2023 17:00,20.42
09/06/2023 18:00,9.72
09/06/2023 19:00,9.28
09/06/2023 20:00,9.15
09/06/2023 21:00,8.68
09/06/2023 22:00,7.68
09/06/2023 23:00,6.39
10/06/2023 00:00,
10/06/2023 01:00,6.41
10/06/2023 02:00,6.28
10/06/2023 03:00,6.28
10/06/2023 04:00,6.22
10/06/2023 05:00,6.21
10/06/2023 06:00,6.06
10/06/2023 07:00,5.2
10/06/2023 08:00,1.61
10/06/2023 09:00,0.5
10/06/2023 10:00,0.77
10/06/2023 11:00,0.11
10/06/2023 12:00,0
10/06/2023 13:00,0
10/06/2023 14:00,
10/06/2023 15:00,
10/06/2023 16:00,
10/06/2023 17:00,
10/06/2023 18:00,
10/06/2023 19:00,
10/06/2023 20:00,
10/06/2023 21:00,
10/06/2023 22:00,
10/06/2023 23:00,
11/06/2023 00:00,
11/06/2023 01:00,
11/06/2023 02:00,
11/06/2023 03:00,
11/06/2023 04:00,
11/06/2023 05:00,
11/06/2023 06:00,
11/06/2023 07:00,
11/06/2023 08:00,
11/06/2023 09:00,
11/06/2023 10:00,
11/06/2023 11:00,
11/06/2023 12:00,
11/06/2023 13:00,
11/06/2023 14:00,
11/06/2023 15:00,
11/06/2023 16:00,
11/06/2023 17:00,
11/06/2023 18:00,
11/06/2023 19:00,
11/06/2023 20:00,
11/06/2023 21:00,
11/06/2023 22:00,
11/06/2023 23:00,
12/06/2023 00:00,
12/06/2023 01:00,
12/06/2023 02:00,
12/06/2023 03:00,
12/06/2023 04:00,
12/06/2023 05:00,
12/06/2023 06:00,
12/06/2023 07:00,
12/06/2023 08:00,
12/06/2023 09:00,
12/06/2023 10:00,
12/06/2023 11:00,
12/06/2023 12:00,
12/06/2023 13:00,
12/06/2023 14:00,
12/06/2023 15:00,14.02
12/06/2023 16:00,30.34
12/06/2023 17:00,28.61
12/06/2023 18:00,17.33
12/06/2023 19:00,17.06
12/06/2023 20:00,16.75
12/06/2023 21:00,14.13
12/06/2023 22:00,10.01
12/06/2023 23:00,6.86
13/06/2023 00:00,
13/06/2023 01:00,6.39
13/06/2023 02:00,6.03
13/06/2023 03:00,6.13
13/06/2023 04:00,6.23
13/06/2023 05:00,6.1
13/06/2023 06:00,
13/06/2023 07:00,4.67
13/06/2023 08:00,2.72
13/06/2023 09:00,12.75
13/06/2023 10:00,22.05
13/06/2023 11:00,20.29
13/06/2023 12:00,19.66
13/06/2023 13:00,17.81
13/06/2023 14:00,29.55
13/06/2023 15:00,28.56
13/06/2023 16:00,29.55
13/06/2023 17:00,25.26
13/06/2023 18:00,14.79
13/06/2023 19:00,11.45
13/06/2023 20:00,11.5
13/06/2023 21:00,9.55
13/06/2023 22:00,8.03
13/06/2023 23:00,8.42
14/06/2023 00:00,
14/06/2023 01:00,7.49
14/06/2023 02:00,7.73
14/06/2023 03:00,7.27
14/06/2023 04:00,7.01
14/06/2023 05:00,6.92
14/06/2023 06:00,6.79
14/06/2023 07:00,4.84
14/06/2023 08:00,2.48
14/06/2023 09:00,9.61
14/06/2023 10:00,23.63
14/06/2023 11:00,22.76
14/06/2023 12:00,23.16
14/06/2023 13:00,18.36
14/06/2023 14:00,15.05
14/06/2023 15:00,21.23
14/06/2023 16:00,25.03
14/06/2023 17:00,21.11
14/06/2023 18:00,19.52
14/06/2023 19:00,14.86
14/06/2023 20:00,10.81
14/06/2023 21:00,9.26
14/06/2023 22:00,6.75
14/06/2023 23:00,6.22
15/06/2023 00:00,
15/06/2023 01:00,6.08
15/06/2023 02:00,6.14
15/06/2023 03:00,6.1
15/06/2023 04:00,6.11
15/06/2023 05:00,6
15/06/2023 06:00,5.93
15/06/2023 07:00,5.16
15/06/2023 08:00,3.58
15/06/2023 09:00,16.08
15/06/2023 10:00,18.53
15/06/2023 11:00,17.47
15/06/2023 12:00,18.31
15/06/2023 13:00,19.33
15/06/2023 14:00,23.17
15/06/2023 15:00,29.33
15/06/2023 16:00,30.75
15/06/2023 17:00,24.48
15/06/2023 18:00,13.98
15/06/2023 19:00,12.88
15/06/2023 20:00,11.7
15/06/2023 21:00,11.89
15/06/2023 22:00,10.89
15/06/2023 23:00,7.5
16/06/2023 00:00,
16/06/2023 01:00,6.08
16/06/2023 02:00,5.99
16/06/2023 03:00,5.81
16/06/2023 04:00,6.06
16/06/2023 05:00,5.94
16/06/2023 06:00,6.06
16/06/2023 07:00,4.95
16/06/2023 08:00,2.08
16/06/2023 09:00,16.28
16/06/2023 10:00,27.64
16/06/2023 11:00,24.14
16/06/2023 12:00,25.93
16/06/2023 13:00,27.09
16/06/2023 14:00,24.91
16/06/2023 15:00,29.12
16/06/2023 16:00,20.75
16/06/2023 17:00,12.69
16/06/2023 18:00,13.39
16/06/2023 19:00,12.47
16/06/2023 20:00,11.98
16/06/2023 21:00,9.89
16/06/2023 22:00,9.83
16/06/2023 23:00,9.41
17/06/2023 00:00,
17/06/2023 01:00,6.65
17/06/2023 02:00,6.72
17/06/2023 03:00,6.97
17/06/2023 04:00,6.62
17/06/2023 05:00,6.88
17/06/2023 06:00,6.56
17/06/2023 07:00,5.56
17/06/2023 08:00,3
17/06/2023 09:00,0.02
17/06/2023 10:00,0.11
17/06/2023 11:00,0.12
17/06/2023 12:00,0
17/06/2023 13:00,0
17/06/2023 14:00,0.85
17/06/2023 15:00,0.08
17/06/2023 16:00,1.62
17/06/2023 17:00,7.44
17/06/2023 18:00,10.03
17/06/2023 19:00,11.53
17/06/2023 20:00,14.44
17/06/2023 21:00,13.78
17/06/2023 22:00,13.08
17/06/2023 23:00,12.84
18/06/2023 00:00,
18/06/2023 01:00,12.6
18/06/2023 02:00,10.92
18/06/2023 03:00,7.15
18/06/2023 04:00,7.16
18/06/2023 05:00,7.16
18/06/2023 06:00,6.93
18/06/2023 07:00,5.5
18/06/2023 08:00,1.96
18/06/2023 09:00,0.01
18/06/2023 10:00,0
18/06/2023 11:00,0.97
18/06/2023 12:00,0
18/06/2023 13:00,0.49
18/06/2023 14:00,1.57
18/06/2023 15:00,0
18/06/2023 16:00,2.6
18/06/2023 17:00,6.72
18/06/2023 18:00,7.7
18/06/2023 19:00,10.62
18/06/2023 20:00,11.86
18/06/2023 21:00,12.1
18/06/2023 22:00,10.14
18/06/2023 23:00,9.75
19/06/2023 00:00,
19/06/2023 01:00,9.55
19/06/2023 02:00,8
19/06/2023 03:00,6.12
19/06/2023 04:00,6.14
19/06/2023 05:00,6.11
19/06/2023 06:00,6.33
19/06/2023 07:00,5.23
19/06/2023 08:00,2.8
19/06/2023 09:00,15.22
19/06/2023 10:00,21.19
19/06/2023 11:00,16.14
19/06/2023 12:00,14.08
19/06/2023 13:00,14.14
19/06/2023 14:00,16
19/06/2023 15:00,18.39
19/06/2023 16:00,22.67
19/06/2023 17:00,22.22
19/06/2023 18:00,14.04
19/06/2023 19:00,11.83
19/06/2023 20:00,8.61
19/06/2023 21:00,9.25
19/06/2023 22:00,8.8
19/06/2023 23:00,8.53
20/06/2023 00:00,
20/06/2023 01:00,6.18
20/06/2023 02:00,6.13
20/06/2023 03:00,6.01
20/06/2023 04:00,6.02
20/06/2023 05:00,6.05
20/06/2023 06:00,5.95
20/06/2023 07:00,4.76
20/06/2023 08:00,2.68
20/06/2023 09:00,11.4
20/06/2023 10:00,11.44
20/06/2023 11:00,19.72
20/06/2023 12:00,15.81
20/06/2023 13:00,14.95
20/06/2023 14:00,19.41
20/06/2023 15:00,18.77
20/06/2023 16:00,24.31
20/06/2023 17:00,26.37
20/06/2023 18:00,17.99
20/06/2023 19:00,
20/06/2023 20:00,11.59
20/06/2023 21:00,11.61
20/06/2023 22:00,11.42
20/06/2023 23:00,12.93
21/06/2023 00:00,
21/06/2023 01:00,11.17
21/06/2023 02:00,11.64
21/06/2023 03:00,9.7
21/06/2023 04:00,9.28
21/06/2023 05:00,9.19
21/06/2023 06:00,9.13
21/06/2023 07:00,7.26
21/06/2023 08:00,5.27
21/06/2023 09:00,8.45
21/06/2023 10:00,14.61
21/06/2023 11:00,14.06
21/06/2023 12:00,7.46
21/06/2023 13:00,1.26
21/06/2023 14:00,8.47
21/06/2023 15:00,10.31
21/06/2023 16:00,15.33
21/06/2023 17:00,18.66
21/06/2023 18:00,12.39
21/06/2023 19:00,10.34
21/06/2023 20:00,9.8
21/06/2023 21:00,10.75
21/06/2023 22:00,9.62
21/06/2023 23:00,8.28
22/06/2023 00:00,
22/06/2023 01:00,7.91
22/06/2023 02:00,7.81
22/06/2023 03:00,7.67
22/06/2023 04:00,7.57
22/06/2023 05:00,6.93
22/06/2023 06:00,7.36
22/06/2023 07:00,7.89
22/06/2023 08:00,4.5
22/06/2023 09:00,9.49
22/06/2023 10:00,11.75
22/06/2023 11:00,20.76
22/06/2023 12:00,17.69
22/06/2023 13:00,15.06
22/06/2023 14:00,13.52
22/06/2023 15:00,15.95
22/06/2023 16:00,19.72
22/06/2023 17:00,17.25
22/06/2023 18:00,13.11
22/06/2023 19:00,12.42
22/06/2023 20:00,7.45
22/06/2023 21:00,7.13
22/06/2023 22:00,6.89
22/06/2023 23:00,6.86
23/06/2023 00:00,
23/06/2023 01:00,6.48
23/06/2023 02:00,6.31
23/06/2023 03:00,6.18
23/06/2023 04:00,6.23
23/06/2023 05:00,6.3
23/06/2023 06:00,6.15
23/06/2023 07:00,5.14
23/06/2023 08:00,3.6
23/06/2023 09:00,10.04
23/06/2023 10:00,13.13
23/06/2023 11:00,11.01
23/06/2023 12:00,10.46
23/06/2023 13:00,10.79
23/06/2023 14:00,11.74
23/06/2023 15:00,14.97
23/06/2023 16:00,20.48
23/06/2023 17:00,16.41
23/06/2023 18:00,13.64
23/06/2023 19:00,12.3
23/06/2023 20:00,9.51
23/06/2023 21:00,9.78
23/06/2023 22:00,9.24
23/06/2023 23:00,8.79
24/06/2023 00:00,
24/06/2023 01:00,7.18
24/06/2023 02:00,6.77
24/06/2023 03:00,6.51
24/06/2023 04:00,6.64
24/06/2023 05:00,6.82
24/06/2023 06:00,
24/06/2023 07:00,4.56
24/06/2023 08:00,0.66
24/06/2023 09:00,0
24/06/2023 10:00,0
24/06/2023 11:00,0
24/06/2023 12:00,0.03
24/06/2023 13:00,0.26
24/06/2023 14:00,0.96
24/06/2023 15:00,4.76
24/06/2023 16:00,1.08
24/06/2023 17:00,6.48
24/06/2023 18:00,10.71
24/06/2023 19:00,
24/06/2023 20:00,12.75
24/06/2023 21:00,13.08
24/06/2023 22:00,12.36
24/06/2023 23:00,10.93
25/06/2023 00:00,
25/06/2023 01:00,10.44
25/06/2023 02:00,10.22
25/06/2023 03:00,8.69
25/06/2023 04:00,8.89
25/06/2023 05:00,8.9
25/06/2023 06:00,9.11
25/06/2023 07:00,7.92
25/06/2023 08:00,5.19
25/06/2023 09:00,0.8
25/06/2023 10:00,0.59
25/06/2023 11:00,0.07
25/06/2023 12:00,0.73
25/06/2023 13:00,0.47
25/06/2023 14:00,0.05
25/06/2023 15:00,5.57
25/06/2023 16:00,6.75
25/06/2023 17:00,5.14
25/06/2023 18:00,11.47
25/06/2023 19:00,12.44
25/06/2023 20:00,13.06
25/06/2023 21:00,11.94
25/06/2023 22:00,10.95
25/06/2023 23:00,10.82
26/06/2023 00:00,
26/06/2023 01:00,6.39
26/06/2023 02:00,6.26
26/06/2023 03:00,6.05
26/06/2023 04:00,6.16
26/06/2023 05:00,6.29
26/06/2023 06:00,6.39
26/06/2023 07:00,5.46
26/06/2023 08:00,3.7
26/06/2023 09:00,10.34
26/06/2023 10:00,19.65
26/06/2023 11:00,18.76
26/06/2023 12:00,24.17
26/06/2023 13:00,20.24
26/06/2023 14:00,13.58
26/06/2023 15:00,16.09
26/06/2023 16:00,16.25
26/06/2023 17:00,19.36
26/06/2023 18:00,14.11
26/06/2023 19:00,10.09
26/06/2023 20:00,10.41
26/06/2023 21:00,10.44
26/06/2023 22:00,9.71
26/06/2023 23:00,9.8
27/06/2023 00:00,
27/06/2023 01:00,5.95
27/06/2023 02:00,6.02
27/06/2023 03:00,5.87
27/06/2023 04:00,5.94
27/06/2023 05:00,5.83
27/06/2023 06:00,5.81
27/06/2023 07:00,5.19
27/06/2023 08:00,3.64
27/06/2023 09:00,9.86
27/06/2023 10:00,9.12
27/06/2023 11:00,10.96
27/06/2023 12:00,6.54
27/06/2023 13:00,3.5
27/06/2023 14:00,8.07
27/06/2023 15:00,11.17
27/06/2023 16:00,8.97
27/06/2023 17:00,13.81
27/06/2023 18:00,10.87
27/06/2023 19:00,10.93
27/06/2023 20:00,10.57
27/06/2023 21:00,8.77
27/06/2023 22:00,8.31
27/06/2023 23:00,8.39
28/06/2023 00:00,
28/06/2023 01:00,6.81
28/06/2023 02:00,6.05
28/06/2023 03:00,5.95
28/06/2023 04:00,6.03
28/06/2023 05:00,6
28/06/2023 06:00,5.91
28/06/2023 07:00,5.34
28/06/2023 08:00,3.52
28/06/2023 09:00,6.18
28/06/2023 10:00,11.32
28/06/2023 11:00,10.08
28/06/2023 12:00,9.85
28/06/2023 13:00,6.9
28/06/2023 14:00,12.96
28/06/2023 15:00,16.82
28/06/2023 16:00,20.15
28/06/2023 17:00,19.52
28/06/2023 18:00,13.55
28/06/2023 19:00,15
28/06/2023 20:00,10.07
28/06/2023 21:00,7.46
28/06/2023 22:00,6.9
28/06/2023 23:00,6.53
29/06/2023 00:00,
29/06/2023 01:00,6.49
29/06/2023 02:00,6.05
29/06/2023 03:00,5.9
29/06/2023 04:00,5.99
29/06/2023 05:00,6.06
29/06/2023 06:00,5.83
29/06/2023 07:00,3.48
29/06/2023 08:00,0.36
29/06/2023 09:00,7
29/06/2023 10:00,11.91
29/06/2023 11:00,7.47
29/06/2023 12:00,5.78
29/06/2023 13:00,7.92
29/06/2023 14:00,11.81
29/06/2023 15:00,11
29/06/2023 16:00,15.72
29/06/2023 17:00,14.44
29/06/2023 18:00,11.09
29/06/2023 19:00,9.75
29/06/2023 20:00,8.69
29/06/2023 21:00,9.84
29/06/2023 22:00,9.41
29/06/2023 23:00,7.97
30/06/2023 00:00,
30/06/2023 01:00,6.56
30/06/2023 02:00,6.25
30/06/2023 03:00,6.16
30/06/2023 04:00,6.06
30/06/2023 05:00,6.25
30/06/2023 06:00,
30/06/2023 07:00,4.69
30/06/2023 08:00,2.88
30/06/2023 09:00,11.96
30/06/2023 10:00,13.22
30/06/2023 11:00,15
30/06/2023 12:00,14.44
30/06/2023 13:00,10.22
30/06/2023 14:00,18.41
30/06/2023 15:00,18.21
30/06/2023 16:00,21.38
30/06/2023 17:00,17.97
30/06/2023 18:00,14.19
30/06/2023 19:00,11.25
30/06/2023 20:00,9.87
30/06/2023 21:00,9.56
30/06/2023 22:00,8.72
30/06/2023 23:00,7.63
01/07/2023 00:00,
01/07/2023 01:00,6.43
01/07/2023 02:00,6.16
01/07/2023 03:00,5.94
01/07/2023 04:00,6.12
01/07/2023 05:00,6.28
01/07/2023 06:00,6.41
01/07/2023 07:00,4.91
01/07/2023 08:00,1.12
01/07/2023 09:00,0
01/07/2023 10:00,0
01/07/2023 11:00,0.06
01/07/2023 12:00,0.19
01/07/2023 13:00,0
01/07/2023 14:00,0
01/07/2023 15:00,0
01/07/2023 16:00,0.03
01/07/2023 17:00,1.1
01/07/2023 18:00,3.65
01/07/2023 19:00,7.32
01/07/2023 20:00,7.68
01/07/2023 21:00,7.44
01/07/2023 22:00,6.97
01/07/2023 23:00,6.94
02/07/2023 00:00,
02/07/2023 01:00,6.31
02/07/2023 02:00,6.1
02/07/2023 03:00,5.97
02/07/2023 04:00,6.03
02/07/2023 05:00,6.06
02/07/2023 06:00,
02/07/2023 07:00,4.75
02/07/2023 08:00,1.03
02/07/2023 09:00,0.13
02/07/2023 10:00,0.03
02/07/2023 11:00,0
02/07/2023 12:00,0
02/07/2023 13:00,0
02/07/2023 14:00,0
02/07/2023 15:00,0.03
02/07/2023 16:00,1.31
02/07/2023 17:00,2.75
02/07/2023 18:00,4.69
02/07/2023 19:00,7.03
02/07/2023 20:00,7.37
02/07/2023 21:00,6.72
02/07/2023 22:00,6.35
02/07/2023 23:00,6.15
03/07/2023 00:00,
03/07/2023 01:00,5.97
03/07/2023 02:00,5.78
03/07/2023 03:00,5.75
03/07/2023 04:00,5.78
03/07/2023 05:00,5.84
03/07/2023 06:00,5.91
03/07/2023 07:00,4.94
03/07/2023 08:00,6.18
03/07/2023 09:00,21.75
03/07/2023 10:00,30.07
03/07/2023 11:00,31.65
03/07/2023 12:00,27.44
03/07/2023 13:00,21.81
03/07/2023 14:00,31.16
03/07/2023 15:00,31.28
03/07/2023 16:00,28.25
03/07/2023 17:00,24.03
03/07/2023 18:00,13.63
03/07/2023 19:00,11.06
03/07/2023 20:00,7.34
03/07/2023 21:00,6.38
03/07/2023 22:00,6.03
03/07/2023 23:00,6.12
04/07/2023 00:00,
04/07/2023 01:00,6.04
04/07/2023 02:00,5.87
04/07/2023 03:00,5.88
04/07/2023 04:00,6.03
04/07/2023 05:00,5.93
04/07/2023 06:00,5.94
04/07/2023 07:00,5.47
04/07/2023 08:00,5.03
04/07/2023 09:00,14.6
04/07/2023 10:00,22.68
04/07/2023 11:00,18.22
04/07/2023 12:00,12.41
04/07/2023 13:00,13.65
04/07/2023 14:00,15.04
04/07/2023 15:00,23.18
04/07/2023 16:00,29.88
04/07/2023 17:00,25.59
04/07/2023 18:00,13.66
04/07/2023 19:00,11.03
04/07/2023 20:00,8
04/07/2023 21:00,7.5
04/07/2023 22:00,6.41
04/07/2023 23:00,6.21
05/07/2023 00:00,
05/07/2023 01:00,5.84
05/07/2023 02:00,5.91
05/07/2023 03:00,5.84
05/07/2023 04:00,5.78
05/07/2023 05:00,5.91
05/07/2023 06:00,
05/07/2023 07:00,4.1
05/07/2023 08:00,2.84
05/07/2023 09:00,8.84
05/07/2023 10:00,15.54
05/07/2023 11:00,20.75
05/07/2023 12:00,20.96
05/07/2023 13:00,20.94
05/07/2023 14:00,24.06
05/07/2023 15:00,25.07
05/07/2023 16:00,26.97
05/07/2023 17:00,20.4
05/07/2023 18:00,15.69
05/07/2023 19:00,9.06
05/07/2023 20:00,8.35
05/07/2023 21:00,7.9
05/07/2023 22:00,7.16
05/07/2023 23:00,6.37
06/07/2023 00:00,
06/07/2023 01:00,6.06
06/07/2023 02:00,6
06/07/2023 03:00,6.03
06/07/2023 04:00,6.1
06/07/2023 05:00,6.03
06/07/2023 06:00,
06/07/2023 07:00,4.1
06/07/2023 08:00,1.03
06/07/2023 09:00,12.81
06/07/2023 10:00,11.75
06/07/2023 11:00,14.06
06/07/2023 12:00,9.16
06/07/2023 13:00,7.5
06/07/2023 14:00,18.16
06/07/2023 15:00,21.62
06/07/2023 16:00,33.75
06/07/2023 17:00,22.78
06/07/2023 18:00,13.63
06/07/2023 19:00,13.25
06/07/2023 20:00,8.93
06/07/2023 21:00,7.94
06/07/2023 22:00,6.75
06/07/2023 23:00,6.66
07/07/2023 00:00,
07/07/2023 01:00,6.63
07/07/2023 02:00,6.4
07/07/2023 03:00,6.44
07/07/2023 04:00,6.28
07/07/2023 05:00,6.38
07/07/2023 06:00,6.31
07/07/2023 07:00,4.97
07/07/2023 08:00,1.81
07/07/2023 09:00,13.88
07/07/2023 10:00,15.59
07/07/2023 11:00,12.94
07/07/2023 12:00,12.75
07/07/2023 13:00,
07/07/2023 14:00,
07/07/2023 15:00,
07/07/2023 16:00,19.16
07/07/2023 17:00,20.62
07/07/2023 18:00,13.85
07/07/2023 19:00,13
07/07/2023 20:00,9.25
07/07/2023 21:00,7.53
07/07/2023 22:00,7.22
07/07/2023 23:00,7.15
08/07/2023 00:00,
08/07/2023 01:00,6.85
08/07/2023 02:00,6.34
08/07/2023 03:00,6.44
08/07/2023 04:00,6.28
08/07/2023 05:00,6.59
08/07/2023 06:00,
08/07/2023 07:00,5.12
08/07/2023 08:00,2.82
08/07/2023 09:00,0.12
08/07/2023 10:00,0
08/07/2023 11:00,0
08/07/2023 12:00,0
08/07/2023 13:00,0
08/07/2023 14:00,1.63
08/07/2023 15:00,0.68
08/07/2023 16:00,0
08/07/2023 17:00,0.47
08/07/2023 18:00,5.53
08/07/2023 19:00,7.19
08/07/2023 20:00,8.25
08/07/2023 21:00,7.53
08/07/2023 22:00,6.6
08/07/2023 23:00,6.34
09/07/2023 00:00,
09/07/2023 01:00,6.19
09/07/2023 02:00,6.22
09/07/2023 03:00,6.06
09/07/2023 04:00,6.06
09/07/2023 05:00,6.22
09/07/2023 06:00,6.16
09/07/2023 07:00,4.78
09/07/2023 08:00,3
09/07/2023 09:00,0.56
09/07/2023 10:00,0.16
09/07/2023 11:00,0.09
09/07/2023 12:00,0
09/07/2023 13:00,0
09/07/2023 14:00,0
09/07/2023 15:00,0.91
09/07/2023 16:00,0
09/07/2023 17:00,0.34
09/07/2023 18:00,3.78
09/07/2023 19:00,6.97
09/07/2023 20:00,7.63
09/07/2023 21:00,7.28
09/07/2023 22:00,6.75
09/07/2023 23:00,6.31
10/07/2023 00:00,
10/07/2023 01:00,6.31
10/07/2023 02:00,6.16
10/07/2023 03:00,5.97
10/07/2023 04:00,6.03
10/07/2023 05:00,6
10/07/2023 06:00,6.03
10/07/2023 07:00,5.25
10/07/2023 08:00,4.5
10/07/2023 09:00,8.69
10/07/2023 10:00,20.31
10/07/2023 11:00,18.69
10/07/2023 12:00,12.41
10/07/2023 13:00,9.28
10/07/2023 14:00,15.37
10/07/2023 15:00,18
10/07/2023 16:00,25.91
10/07/2023 17:00,16.4
10/07/2023 18:00,12.6
10/07/2023 19:00,12.37
10/07/2023 20:00,7.66
10/07/2023 21:00,6.69
10/07/2023 22:00,6.28
10/07/2023 23:00,6.4
11/07/2023 00:00,
11/07/2023 01:00,6.03
11/07/2023 02:00,6.09
11/07/2023 03:00,5.97
11/07/2023 04:00,6.03
11/07/2023 05:00,5.94
11/07/2023 06:00,
11/07/2023 07:00,4.81
11/07/2023 08:00,2.88
11/07/2023 09:00,7.18
11/07/2023 10:00,15.85
11/07/2023 11:00,13.97
11/07/2023 12:00,10.03
11/07/2023 13:00,10.37
11/07/2023 14:00,12.35
11/07/2023 15:00,15.87
11/07/2023 16:00,19.19
11/07/2023 17:00,20
11/07/2023 18:00,11.47
11/07/2023 19:00,12.12
11/07/2023 20:00,10.44
11/07/2023 21:00,7.56
11/07/2023 22:00,6.97
11/07/2023 23:00,6.72
12/07/2023 00:00,
12/07/2023 01:00,6.44
12/07/2023 02:00,6.28
12/07/2023 03:00,6.1
12/07/2023 04:00,6.09
12/07/2023 05:00,6.22
12/07/2023 06:00,5.81
12/07/2023 07:00,5.13
12/07/2023 08:00,3.4
12/07/2023 09:00,11.35
12/07/2023 10:00,17.4
12/07/2023 11:00,10.16
12/07/2023 12:00,11.25
12/07/2023 13:00,13.75
12/07/2023 14:00,16.09
12/07/2023 15:00,15.69
12/07/2023 16:00,22.66
12/07/2023 17:00,25.81
12/07/2023 18:00,15.84
12/07/2023 19:00,10.57
12/07/2023 20:00,7.65
12/07/2023 21:00,7.66
12/07/2023 22:00,7.31
12/07/2023 23:00,7.22
13/07/2023 00:00,
13/07/2023 01:00,6.44
13/07/2023 02:00,6.16
13/07/2023 03:00,6.06
13/07/2023 04:00,6.06
13/07/2023 05:00,6.13
13/07/2023 06:00,5.9
13/07/2023 07:00,5.63
13/07/2023 08:00,3.81
13/07/2023 09:00,29.35
13/07/2023 10:00,27.59
13/07/2023 11:00,10.91
13/07/2023 12:00,8.56
13/07/2023 13:00,7.06
13/07/2023 14:00,14.63
13/07/2023 15:00,17.75
13/07/2023 16:00,29.75
13/07/2023 17:00,26.21
13/07/2023 18:00,22.13
13/07/2023 19:00,11.31
13/07/2023 20:00,7.5
13/07/2023 21:00,7.38
13/07/2023 22:00,6.75
13/07/2023 23:00,6.81
14/07/2023 00:00,
14/07/2023 01:00,6.41
14/07/2023 02:00,6.16
14/07/2023 03:00,5.96
14/07/2023 04:00,6.1
14/07/2023 05:00,6.03
14/07/2023 06:00,5.97
14/07/2023 07:00,5
14/07/2023 08:00,3.44
14/07/2023 09:00,10.84
14/07/2023 10:00,16.75
14/07/2023 11:00,16.94
14/07/2023 12:00,16.68
14/07/2023 13:00,19.1
14/07/2023 14:00,17.31
14/07/2023 15:00,25.78
14/07/2023 16:00,19.5
14/07/2023 17:00,20.5
14/07/2023 18:00,15.44
14/07/2023 19:00,13.94
14/07/2023 20:00,9.43
14/07/2023 21:00,7.41
14/07/2023 22:00,6.72
14/07/2023 23:00,6.84
15/07/2023 00:00,
15/07/2023 01:00,6.38
15/07/2023 02:00,6.22
15/07/2023 03:00,6
15/07/2023 04:00,6.06
15/07/2023 05:00,6.25
15/07/2023 06:00,6.22
15/07/2023 07:00,4.59
15/07/2023 08:00,0.81
15/07/2023 09:00,0
15/07/2023 10:00,0.35
15/07/2023 11:00,0.06
15/07/2023 12:00,0
15/07/2023 13:00,0.03
15/07/2023 14:00,0.1
15/07/2023 15:00,1.65
15/07/2023 16:00,4.56
15/07/2023 17:00,1.57
15/07/2023 18:00,4.4
15/07/2023 19:00,7.44
15/07/2023 20:00,7.94
15/07/2023 21:00,7.56
15/07/2023 22:00,7.19
15/07/2023 23:00,6.84
16/07/2023 00:00,
16/07/2023 01:00,6.56
16/07/2023 02:00,6.19
16/07/2023 03:00,6.03
16/07/2023 04:00,6
16/07/2023 05:00,6.47
16/07/2023 06:00,6.44
16/07/2023 07:00,5
16/07/2023 08:00,2.06
16/07/2023 09:00,0.94
16/07/2023 10:00,0.4
16/07/2023 11:00,0.03
16/07/2023 12:00,0
16/07/2023 13:00,0
16/07/2023 14:00,0
16/07/2023 15:00,0.25
16/07/2023 16:00,0.88
16/07/2023 17:00,4.9
16/07/2023 18:00,7.38
16/07/2023 19:00,7.59
16/07/2023 20:00,7.16
16/07/2023 21:00,7.09
16/07/2023 22:00,6.82
16/07/2023 23:00,6.68
17/07/2023 00:00,
17/07/2023 01:00,6.59
17/07/2023 02:00,6.31
17/07/2023 03:00,6.19
17/07/2023 04:00,6.25
17/07/2023 05:00,6.41
17/07/2023 06:00,6.71
17/07/2023 07:00,6.04
17/07/2023 08:00,3.81
17/07/2023 09:00,12.34
17/07/2023 10:00,17.91
17/07/2023 11:00,19.72
17/07/2023 12:00,20.25
17/07/2023 13:00,22
17/07/2023 14:00,25.9
17/07/2023 15:00,22.57
17/07/2023 16:00,24.96
17/07/2023 17:00,22.5
17/07/2023 18:00,17
17/07/2023 19:00,15.29
17/07/2023 20:00,12.21
17/07/2023 21:00,9.29
17/07/2023 22:00,7.15
17/07/2023 23:00,6.88
18/07/2023 00:00,
18/07/2023 01:00,6.69
18/07/2023 02:00,6.5
18/07/2023 03:00,6.15
18/07/2023 04:00,6.19
18/07/2023 05:00,6.5
18/07/2023 06:00,6.59
18/07/2023 07:00,5.07
18/07/2023 08:00,4
18/07/2023 09:00,16.46
18/07/2023 10:00,23.66
18/07/2023 11:00,21.97
18/07/2023 12:00,17.59
18/07/2023 13:00,16.03
18/07/2023 14:00,20.5
18/07/2023 15:00,24.13
18/07/2023 16:00,21.84
18/07/2023 17:00,26.44
18/07/2023 18:00,16.94
18/07/2023 19:00,10.56
18/07/2023 20:00,7.28
18/07/2023 21:00,7.19
18/07/2023 22:00,6.56
18/07/2023 23:00,6.63
19/07/2023 00:00,
19/07/2023 01:00,6.6
19/07/2023 02:00,6.4
19/07/2023 03:00,6.38
19/07/2023 04:00,6.31
19/07/2023 05:00,6.53
19/07/2023 06:00,6.57
19/07/2023 07:00,5.71
19/07/2023 08:00,5.32
19/07/2023 09:00,14.09
19/07/2023 10:00,19.53
19/07/2023 11:00,16.69
19/07/2023 12:00,15.09
19/07/2023 13:00,17.44
19/07/2023 14:00,21
19/07/2023 15:00,15.69
19/07/2023 16:00,19.94
19/07/2023 17:00,23.62
19/07/2023 18:00,20.94
19/07/2023 19:00,10.03
19/07/2023 20:00,7.06
19/07/2023 21:00,7.25
19/07/2023 22:00,6.53
19/07/2023 23:00,6.75
20/07/2023 00:00,
20/07/2023 01:00,6.72
20/07/2023 02:00,6.44
20/07/2023 03:00,6.31
20/07/2023 04:00,6.41
20/07/2023 05:00,6.5
20/07/2023 06:00,6.5
20/07/2023 07:00,6.19
20/07/2023 08:00,10.22
20/07/2023 09:00,17.34
20/07/2023 10:00,22.41
20/07/2023 11:00,25.09
20/07/2023 12:00,23.47
20/07/2023 13:00,26.75
20/07/2023 14:00,
20/07/2023 15:00,28.97
20/07/2023 16:00,30.94
20/07/2023 17:00,28.75
20/07/2023 18:00,12.12
20/07/2023 19:00,11.5
20/07/2023 20:00,11.25
20/07/2023 21:00,7.72
20/07/2023 22:00,6.91
20/07/2023 23:00,6.81
21/07/2023 00:00,
21/07/2023 01:00,6.78
21/07/2023 02:00,6.44
21/07/2023 03:00,6.47
21/07/2023 04:00,6.34
21/07/2023 05:00,6.69
21/07/2023 06:00,6.47
21/07/2023 07:00,5.9
21/07/2023 08:00,4.16
21/07/2023 09:00,8.44
21/07/2023 10:00,22.4
21/07/2023 11:00,17.25
21/07/2023 12:00,16.6
21/07/2023 13:00,16.68
21/07/2023 14:00,22.63
21/07/2023 15:00,40.34
21/07/2023 16:00,41.82
21/07/2023 17:00,36.4
21/07/2023 18:00,21.44
21/07/2023 19:00,16.28
21/07/2023 20:00,11.78
21/07/2023 21:00,15
21/07/2023 22:00,14.41
21/07/2023 23:00,14.28
22/07/2023 00:00,
22/07/2023 01:00,14.06
22/07/2023 02:00,13.94
22/07/2023 03:00,13.75
22/07/2023 04:00,12.9
22/07/2023 05:00,
22/07/2023 06:00,10.47
22/07/2023 07:00,9.81
22/07/2023 08:00,7
22/07/2023 09:00,5.25
22/07/2023 10:00,2.34
22/07/2023 11:00,1.41
22/07/2023 12:00,0.31
22/07/2023 13:00,0.38
22/07/2023 14:00,1.81
22/07/2023 15:00,5.06
22/07/2023 16:00,23.44
22/07/2023 17:00,13.03
22/07/2023 18:00,21.81
22/07/2023 19:00,13.78
22/07/2023 20:00,7.47
22/07/2023 21:00,7.32
22/07/2023 22:00,6.59
22/07/2023 23:00,6.69
23/07/2023 00:00,
23/07/2023 01:00,6.37
23/07/2023 02:00,6.19
23/07/2023 03:00,5.97
23/07/2023 04:00,6.12
23/07/2023 05:00,6.25
23/07/2023 06:00,6.1
23/07/2023 07:00,5.87
23/07/2023 08:00,7.5
23/07/2023 09:00,14
23/07/2023 10:00,15.63
23/07/2023 11:00,14.87
23/07/2023 12:00,15.28
23/07/2023 13:00,18.25
23/07/2023 14:00,12.81
23/07/2023 15:00,14.97
23/07/2023 16:00,16.72
23/07/2023 17:00,8.41
23/07/2023 18:00,5.25
23/07/2023 19:00,7.09
23/07/2023 20:00,7.56
23/07/2023 21:00,7.07
23/07/2023 22:00,6.68
23/07/2023 23:00,6.54
24/07/2023 00:00,
24/07/2023 01:00,6.12
24/07/2023 02:00,6.07
24/07/2023 03:00,5.93
24/07/2023 04:00,5.97
24/07/2023 05:00,6.06
24/07/2023 06:00,5.94
24/07/2023 07:00,5.5
24/07/2023 08:00,3.81
24/07/2023 09:00,14.1
24/07/2023 10:00,14.62
24/07/2023 11:00,18.72
24/07/2023 12:00,15.69
24/07/2023 13:00,15.41
24/07/2023 14:00,21.5
24/07/2023 15:00,24.37
24/07/2023 16:00,19.94
24/07/2023 17:00,20.97
24/07/2023 18:00,14.37
24/07/2023 19:00,12.6
24/07/2023 20:00,8.28
24/07/2023 21:00,7.47
24/07/2023 22:00,6.65
24/07/2023 23:00,6.28
25/07/2023 00:00,
25/07/2023 01:00,6.19
25/07/2023 02:00,5.94
25/07/2023 03:00,6.03
25/07/2023 04:00,5.87
25/07/2023 05:00,6.13
25/07/2023 06:00,5.97
25/07/2023 07:00,5.15
25/07/2023 08:00,4
25/07/2023 09:00,13.97
25/07/2023 10:00,21.94
25/07/2023 11:00,18.91
25/07/2023 12:00,18.59
25/07/2023 13:00,20.87
25/07/2023 14:00,24.04
25/07/2023 15:00,31.78
25/07/2023 16:00,30.43
25/07/2023 17:00,21.19
25/07/2023 18:00,9.66
25/07/2023 19:00,6.5
25/07/2023 20:00,6.34
25/07/2023 21:00,6.13
25/07/2023 22:00,5.68
25/07/2023 23:00,5.91
26/07/2023 00:00,
26/07/2023 01:00,5.6
26/07/2023 02:00,5.75
26/07/2023 03:00,5.62
26/07/2023 04:00,5.69
26/07/2023 05:00,5.75
26/07/2023 06:00,5.62
26/07/2023 07:00,5.1
26/07/2023 08:00,1.72
26/07/2023 09:00,12.03
26/07/2023 10:00,19
26/07/2023 11:00,19.34
26/07/2023 12:00,17.59
26/07/2023 13:00,19.38
26/07/2023 14:00,26.53
26/07/2023 15:00,28.69
26/07/2023 16:00,33.47
26/07/2023 17:00,38.03
26/07/2023 18:00,26.03
26/07/2023 19:00,21.81
26/07/2023 20:00,17.53
26/07/2023 21:00,16.63
26/07/2023 22:00,14.9
26/07/2023 23:00,14.04
27/07/2023 00:00,
27/07/2023 01:00,12.31
27/07/2023 02:00,11.19
27/07/2023 03:00,11.31
27/07/2023 04:00,10.62
27/07/2023 05:00,10.88
27/07/2023 06:00,10.84
27/07/2023 07:00,10.16
27/07/2023 08:00,8.28
27/07/2023 09:00,16.03
27/07/2023 10:00,21.47
27/07/2023 11:00,17.72
27/07/2023 12:00,17.47
27/07/2023 13:00,13.03
27/07/2023 14:00,20
27/07/2023 15:00,24.59
27/07/2023 16:00,23.5
27/07/2023 17:00,26.88
27/07/2023 18:00,14.75
27/07/2023 19:00,13.06
27/07/2023 20:00,12.72
27/07/2023 21:00,10.19
27/07/2023 22:00,9.93
27/07/2023 23:00,7.85
28/07/2023 00:00,
28/07/2023 01:00,6.31
28/07/2023 02:00,5.91
28/07/2023 03:00,5.84
28/07/2023 04:00,5.69
28/07/2023 05:00,5.97
28/07/2023 06:00,6.15
28/07/2023 07:00,5.16
28/07/2023 08:00,3.15
28/07/2023 09:00,7.44
28/07/2023 10:00,17.16
28/07/2023 11:00,15.53
28/07/2023 12:00,4.19
28/07/2023 13:00,6.93
28/07/2023 14:00,8.91
28/07/2023 15:00,5.69
28/07/2023 16:00,3.62
28/07/2023 17:00,6.66
28/07/2023 18:00,7.56
28/07/2023 19:00,8.1
28/07/2023 20:00,7.87
28/07/2023 21:00,7.38
28/07/2023 22:00,6.65
28/07/2023 23:00,6.63
29/07/2023 00:00,
29/07/2023 01:00,6.22
29/07/2023 02:00,6.22
29/07/2023 03:00,6.03
29/07/2023 04:00,6.1
29/07/2023 05:00,6.12
29/07/2023 06:00,7.13
29/07/2023 07:00,5.81
29/07/2023 08:00,3.72
29/07/2023 09:00,1.31
29/07/2023 10:00,1.31
29/07/2023 11:00,0.07
29/07/2023 12:00,0
29/07/2023 13:00,0
29/07/2023 14:00,1.06
29/07/2023 15:00,0
29/07/2023 16:00,1.31
29/07/2023 17:00,4.66
29/07/2023 18:00,6.09
29/07/2023 19:00,7
29/07/2023 20:00,7
29/07/2023 21:00,6.91
29/07/2023 22:00,6.31
29/07/2023 23:00,6.62
30/07/2023 00:00,
30/07/2023 01:00,6.32
30/07/2023 02:00,6.12
30/07/2023 03:00,6.03
30/07/2023 04:00,6.03
30/07/2023 05:00,6.16
30/07/2023 06:00,6.03
30/07/2023 07:00,4.81
30/07/2023 08:00,2.85
30/07/2023 09:00,0
30/07/2023 10:00,0
30/07/2023 11:00,0
30/07/2023 12:00,0
30/07/2023 13:00,0.94
30/07/2023 14:00,0.43
30/07/2023 15:00,0
30/07/2023 16:00,0.1
30/07/2023 17:00,1.53
30/07/2023 18:00,5.53
30/07/2023 19:00,6.59
30/07/2023 20:00,7.19
30/07/2023 21:00,7
30/07/2023 22:00,6.44
30/07/2023 23:00,6.28
31/07/2023 00:00,
31/07/2023 01:00,6.12
31/07/2023 02:00,5.94
31/07/2023 03:00,5.81
31/07/2023 04:00,5.88
31/07/2023 05:00,6.03
31/07/2023 06:00,6.03
31/07/2023 07:00,4.88
31/07/2023 08:00,2.71
31/07/2023 09:00,1.35
31/07/2023 10:00,1.72
31/07/2023 11:00,0.56
31/07/2023 12:00,0.16
31/07/2023 13:00,0.03
31/07/2023 14:00,1.03
31/07/2023 15:00,0.28
31/07/2023 16:00,2.28
31/07/2023 17:00,2
31/07/2023 18:00,4.88
31/07/2023 19:00,6.37
31/07/2023 20:00,6.94
31/07/2023 21:00,7.12
31/07/2023 22:00,6.53
31/07/2023 23:00,6.66
01/08/2023 00:00,
01/08/2023 01:00,6.56
01/08/2023 02:00,6.41
01/08/2023 03:00,6.31
01/08/2023 04:00,6.31
01/08/2023 05:00,6.41
01/08/2023 06:00,6.44
01/08/2023 07:00,5.4
01/08/2023 08:00,3.25
01/08/2023 09:00,2
01/08/2023 10:00,0.13
01/08/2023 11:00,0
01/08/2023 12:00,0
01/08/2023 13:00,0.06
01/08/2023 14:00,0.19
01/08/2023 15:00,2.28
01/08/2023 16:00,5.66
01/08/2023 17:00,5.87
01/08/2023 18:00,5.44
01/08/2023 19:00,6.78
01/08/2023 20:00,6.47
01/08/2023 21:00,6.47
01/08/2023 22:00,5.94
01/08/2023 23:00,6
02/08/2023 00:00,
02/08/2023 01:00,6.16
02/08/2023 02:00,6.12
02/08/2023 03:00,6.16
02/08/2023 04:00,6.12
02/08/2023 05:00,6.16
02/08/2023 06:00,6.28
02/08/2023 07:00,5.47
02/08/2023 08:00,3.69
02/08/2023 09:00,2.69
02/08/2023 10:00,0.31
02/08/2023 11:00,0
02/08/2023 12:00,0
02/08/2023 13:00,1.47
02/08/2023 14:00,0.97
02/08/2023 15:00,0.03
02/08/2023 16:00,0.37
02/08/2023 17:00,3.25
02/08/2023 18:00,6.28
02/08/2023 19:00,6.72
02/08/2023 20:00,6.91
02/08/2023 21:00,6.84
02/08/2023 22:00,6.5
02/08/2023 23:00,6.41
03/08/2023 00:00,
03/08/2023 01:00,6.35
03/08/2023 02:00,6.22
03/08/2023 03:00,6.31
03/08/2023 04:00,6.19
03/08/2023 05:00,6.25
03/08/2023 06:00,6.21
03/08/2023 07:00,6.22
03/08/2023 08:00,7.25
03/08/2023 09:00,14.94
03/08/2023 10:00,26.69
03/08/2023 11:00,23.5
03/08/2023 12:00,25.44
03/08/2023 13:00,20.59
03/08/2023 14:00,26.53
03/08/2023 15:00,26.59
03/08/2023 16:00,29.22
03/08/2023 17:00,26.1
03/08/2023 18:00,13
03/08/2023 19:00,11.18
03/08/2023 20:00,10
03/08/2023 21:00,8.25
03/08/2023 22:00,6.25
03/08/2023 23:00,6.19
04/08/2023 00:00,
04/08/2023 01:00,6.28
04/08/2023 02:00,6
04/08/2023 03:00,6.15
04/08/2023 04:00,6
04/08/2023 05:00,6
04/08/2023 06:00,6.03
04/08/2023 07:00,5.88
04/08/2023 08:00,7.5
04/08/2023 09:00,16.66
04/08/2023 10:00,23.62
04/08/2023 11:00,23.63
04/08/2023 12:00,19.25
04/08/2023 13:00,21.4
04/08/2023 14:00,25.97
04/08/2023 15:00,26.81
04/08/2023 16:00,24.82
04/08/2023 17:00,19.78
04/08/2023 18:00,9.78
04/08/2023 19:00,8.78
04/08/2023 20:00,7.72
04/08/2023 21:00,6.72
04/08/2023 22:00,6.47
04/08/2023 23:00,6.31
05/08/2023 00:00,
05/08/2023 01:00,6.31
05/08/2023 02:00,6.25
05/08/2023 03:00,6.31
05/08/2023 04:00,6.28
05/08/2023 05:00,6.35
05/08/2023 06:00,6.06
05/08/2023 07:00,5.72
05/08/2023 08:00,3.69
05/08/2023 09:00,2.34
05/08/2023 10:00,0.84
05/08/2023 11:00,0.13
05/08/2023 12:00,0.03
05/08/2023 13:00,0
05/08/2023 14:00,0
05/08/2023 15:00,1.47
05/08/2023 16:00,3.15
05/08/2023 17:00,2.91
05/08/2023 18:00,5.91
05/08/2023 19:00,8.4
05/08/2023 20:00,7.44
05/08/2023 21:00,6.34
05/08/2023 22:00,5.69
05/08/2023 23:00,6.35
06/08/2023 00:00,
06/08/2023 01:00,6.31
06/08/2023 02:00,6.25
06/08/2023 03:00,6.19
06/08/2023 04:00,6.22
06/08/2023 05:00,6.25
06/08/2023 06:00,6.15
06/08/2023 07:00,5.44
06/08/2023 08:00,3.85
06/08/2023 09:00,1.28
06/08/2023 10:00,0.28
06/08/2023 11:00,1.94
06/08/2023 12:00,0.75
06/08/2023 13:00,2.25
06/08/2023 14:00,3.68
06/08/2023 15:00,1.6
06/08/2023 16:00,2.25
06/08/2023 17:00,4.25
06/08/2023 18:00,5.59
06/08/2023 19:00,6.31
06/08/2023 20:00,6.38
06/08/2023 21:00,6.34
06/08/2023 22:00,6.03
06/08/2023 23:00,5.82
07/08/2023 00:00,
07/08/2023 01:00,5.75
07/08/2023 02:00,5.85
07/08/2023 03:00,5.78
07/08/2023 04:00,5.69
07/08/2023 05:00,5.87
07/08/2023 06:00,5.72
07/08/2023 07:00,5.75
07/08/2023 08:00,6.06
07/08/2023 09:00,17.35
07/08/2023 10:00,21.15
07/08/2023 11:00,19.31
07/08/2023 12:00,18.1
07/08/2023 13:00,11.03
07/08/2023 14:00,14.03
07/08/2023 15:00,17.66
07/08/2023 16:00,19.72
07/08/2023 17:00,17.4
07/08/2023 18:00,9.03
07/08/2023 19:00,8.41
07/08/2023 20:00,7.69
07/08/2023 21:00,6.43
07/08/2023 22:00,6.1
07/08/2023 23:00,6.15
08/08/2023 00:00,
08/08/2023 01:00,6.31
08/08/2023 02:00,6.31
08/08/2023 03:00,6.25
08/08/2023 04:00,6.25
08/08/2023 05:00,6.38
08/08/2023 06:00,6.15
08/08/2023 07:00,4.94
08/08/2023 08:00,5.53
08/08/2023 09:00,10.97
08/08/2023 10:00,17
08/08/2023 11:00,15.03
08/08/2023 12:00,15.88
08/08/2023 13:00,14.9
08/08/2023 14:00,17.66
08/08/2023 15:00,21.5
08/08/2023 16:00,17.75
08/08/2023 17:00,14.31
08/08/2023 18:00,9.44
08/08/2023 19:00,7.25
08/08/2023 20:00,7.03
08/08/2023 21:00,6.91
08/08/2023 22:00,6.4
08/08/2023 23:00,6.38
09/08/2023 00:00,
09/08/2023 01:00,6.16
09/08/2023 02:00,6.31
09/08/2023 03:00,6.25
09/08/2023 04:00,6.19
09/08/2023 05:00,6.15
09/08/2023 06:00,6.1
09/08/2023 07:00,5.34
09/08/2023 08:00,6.34
09/08/2023 09:00,7.97
09/08/2023 10:00,9.94
09/08/2023 11:00,15
09/08/2023 12:00,14.47
09/08/2023 13:00,8.06
09/08/2023 14:00,11.84
09/08/2023 15:00,15.44
09/08/2023 16:00,19.19
09/08/2023 17:00,12.59
09/08/2023 18:00,8.63
09/08/2023 19:00,10.12
09/08/2023 20:00,9.13
09/08/2023 21:00,7.47
09/08/2023 22:00,6.65
09/08/2023 23:00,6.78
10/08/2023 00:00,
10/08/2023 01:00,6.35
10/08/2023 02:00,6.28
10/08/2023 03:00,6.25
10/08/2023 04:00,6.19
10/08/2023 05:00,6.25
10/08/2023 06:00,6.28
10/08/2023 07:00,5.5
10/08/2023 08:00,1.78
10/08/2023 09:00,7.25
10/08/2023 10:00,14.84
10/08/2023 11:00,15.6
10/08/2023 12:00,11.37
10/08/2023 13:00,13.72
10/08/2023 14:00,24.59
10/08/2023 15:00,29.75
10/08/2023 16:00,30.32
10/08/2023 17:00,25.46
10/08/2023 18:00,14.63
10/08/2023 19:00,13.34
10/08/2023 20:00,9.5
10/08/2023 21:00,9.13
10/08/2023 22:00,8.44
10/08/2023 23:00,8.53
11/08/2023 00:00,
11/08/2023 01:00,7.18
11/08/2023 02:00,6.97
11/08/2023 03:00,6.88
11/08/2023 04:00,6.84
11/08/2023 05:00,6.84
11/08/2023 06:00,6.97
11/08/2023 07:00,6.63
11/08/2023 08:00,3.56
11/08/2023 09:00,8.66
11/08/2023 10:00,14.09
11/08/2023 11:00,16.19
11/08/2023 12:00,15.97
11/08/2023 13:00,15.4
11/08/2023 14:00,20.82
11/08/2023 15:00,25.03
11/08/2023 16:00,24.97
11/08/2023 17:00,18.06
11/08/2023 18:00,13.53
11/08/2023 19:00,14.22
11/08/2023 20:00,15.4
11/08/2023 21:00,12.25
11/08/2023 22:00,7.35
11/08/2023 23:00,7.4
12/08/2023 00:00,
12/08/2023 01:00,6.91
12/08/2023 02:00,6.44
12/08/2023 03:00,6.59
12/08/2023 04:00,6.44
12/08/2023 05:00,6.65
12/08/2023 06:00,6.69
12/08/2023 07:00,6.16
12/08/2023 08:00,5.87
12/08/2023 09:00,5.66
12/08/2023 10:00,6.22
12/08/2023 11:00,6.53
12/08/2023 12:00,6.66
12/08/2023 13:00,7.28
12/08/2023 14:00,8.62
12/08/2023 15:00,10.28
12/08/2023 16:00,9.5
12/08/2023 17:00,9.13
12/08/2023 18:00,9.78
12/08/2023 19:00,11.06
12/08/2023 20:00,8.69
12/08/2023 21:00,8.16
12/08/2023 22:00,7.68
12/08/2023 23:00,7.44
13/08/2023 00:00,
13/08/2023 01:00,6.97
13/08/2023 02:00,6.62
13/08/2023 03:00,6.56
13/08/2023 04:00,6.6
13/08/2023 05:00,6.5
13/08/2023 06:00,6.59
13/08/2023 07:00,6.22
13/08/2023 08:00,5.94
13/08/2023 09:00,5.65
13/08/2023 10:00,6
13/08/2023 11:00,6.35
13/08/2023 12:00,6.37
13/08/2023 13:00,7.41
13/08/2023 14:00,9.06
13/08/2023 15:00,10.03
13/08/2023 16:00,9.41
13/08/2023 17:00,9.03
13/08/2023 18:00,9.16
13/08/2023 19:00,8.9
13/08/2023 20:00,8.6
13/08/2023 21:00,8.22
13/08/2023 22:00,7.37
13/08/2023 23:00,7.41
14/08/2023 00:00,
14/08/2023 01:00,6.91
14/08/2023 02:00,6.84
14/08/2023 03:00,6.82
14/08/2023 04:00,6.93
14/08/2023 05:00,6.91
14/08/2023 06:00,7.25
14/08/2023 07:00,6.56
14/08/2023 08:00,6.06
14/08/2023 09:00,5.75
14/08/2023 10:00,6.35
14/08/2023 11:00,6.47
14/08/2023 12:00,6.59
14/08/2023 13:00,9.06
14/08/2023 14:00,9.82
14/08/2023 15:00,10.06
14/08/2023 16:00,9.97
14/08/2023 17:00,10.15
14/08/2023 18:00,9.1
14/08/2023 19:00,8.09
14/08/2023 20:00,8.06
14/08/2023 21:00,7.82
14/08/2023 22:00,7.18
14/08/2023 23:00,7.1
15/08/2023 00:00,
15/08/2023 01:00,6.81
15/08/2023 02:00,6.63
15/08/2023 03:00,6.72
15/08/2023 04:00,6.72
15/08/2023 05:00,6.87
15/08/2023 06:00,6.72
15/08/2023 07:00,6.72
15/08/2023 08:00,7.19
15/08/2023 09:00,22.03
15/08/2023 10:00,24.65
15/08/2023 11:00,24.63
15/08/2023 12:00,26.87
15/08/2023 13:00,17.54
15/08/2023 14:00,15.93
15/08/2023 15:00,23.47
15/08/2023 16:00,36.69
15/08/2023 17:00,32.59
15/08/2023 18:00,15.25
15/08/2023 19:00,13.16
15/08/2023 20:00,12.25
15/08/2023 21:00,10.53
15/08/2023 22:00,7.31
15/08/2023 23:00,7.44
16/08/2023 00:00,
16/08/2023 01:00,6.97
16/08/2023 02:00,6.84
16/08/2023 03:00,6.88
16/08/2023 04:00,6.84
16/08/2023 05:00,7.06
16/08/2023 06:00,7.31
16/08/2023 07:00,6.97
16/08/2023 08:00,7.75
16/08/2023 09:00,25.66
16/08/2023 10:00,29.91
16/08/2023 11:00,18.65
16/08/2023 12:00,17.85
16/08/2023 13:00,16.65
16/08/2023 14:00,16.31
16/08/2023 15:00,23.91
16/08/2023 16:00,23.63
16/08/2023 17:00,20.34
16/08/2023 18:00,12.5
16/08/2023 19:00,9.28
16/08/2023 20:00,7.69
16/08/2023 21:00,7.37
16/08/2023 22:00,7.22
16/08/2023 23:00,7.38
17/08/2023 00:00,
17/08/2023 01:00,7.06
17/08/2023 02:00,6.81
17/08/2023 03:00,6.82
17/08/2023 04:00,6.84
17/08/2023 05:00,7
17/08/2023 06:00,7
17/08/2023 07:00,6.16
17/08/2023 08:00,3.21
17/08/2023 09:00,14.22
17/08/2023 10:00,21.94
17/08/2023 11:00,21.28
17/08/2023 12:00,23.97
17/08/2023 13:00,22.22
17/08/2023 14:00,18.78
17/08/2023 15:00,21.59
17/08/2023 16:00,24.04
17/08/2023 17:00,24.5
17/08/2023 18:00,15.31
17/08/2023 19:00,15.25
17/08/2023 20:00,12.59
17/08/2023 21:00,11.69
17/08/2023 22:00,9.78
17/08/2023 23:00,8.78
18/08/2023 00:00,
18/08/2023 01:00,7.47
18/08/2023 02:00,6.87
18/08/2023 03:00,6.91
18/08/2023 04:00,6.72
18/08/2023 05:00,6.97
18/08/2023 06:00,6.87
18/08/2023 07:00,6.06
18/08/2023 08:00,2.19
18/08/2023 09:00,3.19
18/08/2023 10:00,17.28
18/08/2023 11:00,12.44
18/08/2023 12:00,12.09
18/08/2023 13:00,17.6
18/08/2023 14:00,18.03
18/08/2023 15:00,19.15
18/08/2023 16:00,21.44
18/08/2023 17:00,19.78
18/08/2023 18:00,15.41
18/08/2023 19:00,12.56
18/08/2023 20:00,11.5
18/08/2023 21:00,11.28
18/08/2023 22:00,7.66
18/08/2023 23:00,7.56
19/08/2023 00:00,
19/08/2023 01:00,7.35
19/08/2023 02:00,6.97
19/08/2023 03:00,6.81
19/08/2023 04:00,7
19/08/2023 05:00,6.97
19/08/2023 06:00,7.15
19/08/2023 07:00,5.75
19/08/2023 08:00,1.38
19/08/2023 09:00,0.09
19/08/2023 10:00,0
19/08/2023 11:00,0
19/08/2023 12:00,0
19/08/2023 13:00,0
19/08/2023 14:00,0
19/08/2023 15:00,0
19/08/2023 16:00,0.07
19/08/2023 17:00,2.59
19/08/2023 18:00,7.69
19/08/2023 19:00,10.4
19/08/2023 20:00,8.25
19/08/2023 21:00,8.35
19/08/2023 22:00,7.59
19/08/2023 23:00,7.63
20/08/2023 00:00,
20/08/2023 01:00,7
20/08/2023 02:00,6.84
20/08/2023 03:00,6.88
20/08/2023 04:00,6.68
20/08/2023 05:00,6.82
20/08/2023 06:00,7
20/08/2023 07:00,5.9
20/08/2023 08:00,2.1
20/08/2023 09:00,0
20/08/2023 10:00,0
20/08/2023 11:00,0
20/08/2023 12:00,0
20/08/2023 13:00,0
20/08/2023 14:00,0
20/08/2023 15:00,1.12
20/08/2023 16:00,2.85
20/08/2023 17:00,7.65
20/08/2023 18:00,12
20/08/2023 19:00,11.97
20/08/2023 20:00,10.16
20/08/2023 21:00,9.06
20/08/2023 22:00,7.69
20/08/2023 23:00,7.78
21/08/2023 00:00,
21/08/2023 01:00,7.28
21/08/2023 02:00,6.97
21/08/2023 03:00,6.63
21/08/2023 04:00,6.56
21/08/2023 05:00,6.66
21/08/2023 06:00,6.47
21/08/2023 07:00,5.9
21/08/2023 08:00,4.72
21/08/2023 09:00,20.28
21/08/2023 10:00,16.41
21/08/2023 11:00,13.06
21/08/2023 12:00,6.78
21/08/2023 13:00,10.03
21/08/2023 14:00,27.5
21/08/2023 15:00,34.19
21/08/2023 16:00,25.63
21/08/2023 17:00,20.9
21/08/2023 18:00,15.25
21/08/2023 19:00,10.1
21/08/2023 20:00,7.62
21/08/2023 21:00,7.72
21/08/2023 22:00,6.53
21/08/2023 23:00,6.44
22/08/2023 00:00,
22/08/2023 01:00,6.22
22/08/2023 02:00,6.25
22/08/2023 03:00,5.94
22/08/2023 04:00,6.09
22/08/2023 05:00,5.94
22/08/2023 06:00,6.06
22/08/2023 07:00,5.07
22/08/2023 08:00,3.65
22/08/2023 09:00,21.6
22/08/2023 10:00,22.62
22/08/2023 11:00,19.22
22/08/2023 12:00,17.81
22/08/2023 13:00,15.53
22/08/2023 14:00,17.13
22/08/2023 15:00,14.44
22/08/2023 16:00,14.43
22/08/2023 17:00,19.13
22/08/2023 18:00,11.34
22/08/2023 19:00,10.78
22/08/2023 20:00,7.38
22/08/2023 21:00,7.28
22/08/2023 22:00,6.66
22/08/2023 23:00,6.5
23/08/2023 00:00,
23/08/2023 01:00,6.22
23/08/2023 02:00,6.19
23/08/2023 03:00,6.15
23/08/2023 04:00,6.13
23/08/2023 05:00,6.16
23/08/2023 06:00,6.15
23/08/2023 07:00,5.91
23/08/2023 08:00,4.69
23/08/2023 09:00,0.03
23/08/2023 10:00,10.12
23/08/2023 11:00,5.22
23/08/2023 12:00,4.63
23/08/2023 13:00,13.9
23/08/2023 14:00,19.03
23/08/2023 15:00,14.97
23/08/2023 16:00,12.25
23/08/2023 17:00,12.38
23/08/2023 18:00,6.59
23/08/2023 19:00,7.16
23/08/2023 20:00,7.37
23/08/2023 21:00,7.25
23/08/2023 22:00,6.75
23/08/2023 23:00,6.69
24/08/2023 00:00,
24/08/2023 01:00,6.5
24/08/2023 02:00,6.31
24/08/2023 03:00,6.07
24/08/2023 04:00,6.12
24/08/2023 05:00,6.13
24/08/2023 06:00,6.12
24/08/2023 07:00,5.88
24/08/2023 08:00,4.03
24/08/2023 09:00,6.34
24/08/2023 10:00,13.47
24/08/2023 11:00,14.34
24/08/2023 12:00,8.47
24/08/2023 13:00,7.19
24/08/2023 14:00,8.25
24/08/2023 15:00,11.78
24/08/2023 16:00,16.78
24/08/2023 17:00,16.53
24/08/2023 18:00,6.91
24/08/2023 19:00,7
24/08/2023 20:00,7.12
24/08/2023 21:00,7
24/08/2023 22:00,6.57
24/08/2023 23:00,6.43
25/08/2023 00:00,
25/08/2023 01:00,6.32
25/08/2023 02:00,6.18
25/08/2023 03:00,6.19
25/08/2023 04:00,6.16
25/08/2023 05:00,6
25/08/2023 06:00,6.09
25/08/2023 07:00,5.41
25/08/2023 08:00,4.25
25/08/2023 09:00,8.56
25/08/2023 10:00,11.56
25/08/2023 11:00,8.97
25/08/2023 12:00,7.16
25/08/2023 13:00,10.12
25/08/2023 14:00,14.41
25/08/2023 15:00,19.41
25/08/2023 16:00,18.43
25/08/2023 17:00,16
25/08/2023 18:00,6.41
25/08/2023 19:00,6.69
25/08/2023 20:00,6.75
25/08/2023 21:00,6.93
25/08/2023 22:00,6.41
25/08/2023 23:00,6.41
26/08/2023 00:00,
26/08/2023 01:00,6.13
26/08/2023 02:00,6.22
26/08/2023 03:00,5.94
26/08/2023 04:00,6.03
26/08/2023 05:00,5.97
26/08/2023 06:00,5.96
26/08/2023 07:00,5.07
26/08/2023 08:00,1.22
26/08/2023 09:00,0.09
26/08/2023 10:00,0
26/08/2023 11:00,0.03
26/08/2023 12:00,0
26/08/2023 13:00,1.72
26/08/2023 14:00,1.53
26/08/2023 15:00,1.38
26/08/2023 16:00,3.68
26/08/2023 17:00,4.91
26/08/2023 18:00,6.78
26/08/2023 19:00,8.47
26/08/2023 20:00,7.12
26/08/2023 21:00,6.85
26/08/2023 22:00,6.4
26/08/2023 23:00,6.38
27/08/2023 00:00,
27/08/2023 01:00,6.16
27/08/2023 02:00,6.06
27/08/2023 03:00,6.09
27/08/2023 04:00,5.94
27/08/2023 05:00,6.06
27/08/2023 06:00,6
27/08/2023 07:00,5.72
27/08/2023 08:00,3.91
27/08/2023 09:00,0.53
27/08/2023 10:00,0.06
27/08/2023 11:00,0.25
27/08/2023 12:00,0.13
27/08/2023 13:00,0.68
27/08/2023 14:00,0.22
27/08/2023 15:00,4.16
27/08/2023 16:00,4.75
27/08/2023 17:00,5.69
27/08/2023 18:00,5.84
27/08/2023 19:00,7.44
27/08/2023 20:00,7.47
27/08/2023 21:00,7.31
27/08/2023 22:00,6.72
27/08/2023 23:00,6.75
28/08/2023 00:00,
28/08/2023 01:00,6.69
28/08/2023 02:00,6.59
28/08/2023 03:00,6.38
28/08/2023 04:00,6.56
28/08/2023 05:00,6.53
28/08/2023 06:00,6.66
28/08/2023 07:00,6.06
28/08/2023 08:00,1.75
28/08/2023 09:00,10.28
28/08/2023 10:00,16.47
28/08/2023 11:00,17.22
28/08/2023 12:00,16.44
28/08/2023 13:00,24.5
28/08/2023 14:00,23.81
28/08/2023 15:00,28.09
28/08/2023 16:00,29.16
28/08/2023 17:00,23.87
28/08/2023 18:00,12.25
28/08/2023 19:00,8.85
28/08/2023 20:00,9.03
28/08/2023 21:00,8.78
28/08/2023 22:00,7.22
28/08/2023 23:00,6.9
29/08/2023 00:00,
29/08/2023 01:00,6.81
29/08/2023 02:00,6.66
29/08/2023 03:00,6.4
29/08/2023 04:00,6.38
29/08/2023 05:00,6.4
29/08/2023 06:00,6.6
29/08/2023 07:00,5.75
29/08/2023 08:00,4.59
29/08/2023 09:00,20.19
29/08/2023 10:00,29.72
29/08/2023 11:00,28.47
29/08/2023 12:00,21.53
29/08/2023 13:00,20.34
29/08/2023 14:00,15.34
29/08/2023 15:00,16.97
29/08/2023 16:00,21.57
29/08/2023 17:00,20.68
29/08/2023 18:00,15.19
29/08/2023 19:00,11
29/08/2023 20:00,9.63
29/08/2023 21:00,8.06
29/08/2023 22:00,6.81
29/08/2023 23:00,6.78
30/08/2023 00:00,
30/08/2023 01:00,6.59
30/08/2023 02:00,6.5
30/08/2023 03:00,6.41
30/08/2023 04:00,6.47
30/08/2023 05:00,6.47
30/08/2023 06:00,6.56
30/08/2023 07:00,5.81
30/08/2023 08:00,5.06
30/08/2023 09:00,11.44
30/08/2023 10:00,20.44
30/08/2023 11:00,18.03
30/08/2023 12:00,15.09
30/08/2023 13:00,17.32
30/08/2023 14:00,17.47
30/08/2023 15:00,18.5
30/08/2023 16:00,21.03
30/08/2023 17:00,19.47
30/08/2023 18:00,15.71
30/08/2023 19:00,14.07
30/08/2023 20:00,12.62
30/08/2023 21:00,10.63
30/08/2023 22:00,8.87
30/08/2023 23:00,8.44
31/08/2023 00:00,
31/08/2023 01:00,8.09
31/08/2023 02:00,7.88
31/08/2023 03:00,7.34
31/08/2023 04:00,6.75
31/08/2023 05:00,6.72
31/08/2023 06:00,6.5
31/08/2023 07:00,6.19
31/08/2023 08:00,5.15
31/08/2023 09:00,13.13
31/08/2023 10:00,21.68
31/08/2023 11:00,15.1
31/08/2023 12:00,18.56
31/08/2023 13:00,19.38
31/08/2023 14:00,27.21
31/08/2023 15:00,23.63
31/08/2023 16:00,24.34
31/08/2023 17:00,23.44
31/08/2023 18:00,14.28
31/08/2023 19:00,9.22
31/08/2023 20:00,8.19
31/08/2023 21:00,7.34
31/08/2023 22:00,6.25
31/08/2023 23:00,6.44
01/09/2023 00:00,
01/09/2023 01:00,6.37
01/09/2023 02:00,6.44
01/09/2023 03:00,6.41
01/09/2023 04:00,6.43
01/09/2023 05:00,6.32
01/09/2023 06:00,6.28
01/09/2023 07:00,6.09
01/09/2023 08:00,4.6
01/09/2023 09:00,16.56
01/09/2023 10:00,14.06
01/09/2023 11:00,13.22
01/09/2023 12:00,18
01/09/2023 13:00,19.59
01/09/2023 14:00,17.91
01/09/2023 15:00,19.66
01/09/2023 16:00,22.53
01/09/2023 17:00,29.34
01/09/2023 18:00,27.38
01/09/2023 19:00,13.62
01/09/2023 20:00,12.44
01/09/2023 21:00,9.34
01/09/2023 22:00,6.91
01/09/2023 23:00,6.94
02/09/2023 00:00,
02/09/2023 01:00,6.75
02/09/2023 02:00,6.68
02/09/2023 03:00,6.78
02/09/2023 04:00,6.72
02/09/2023 05:00,6.66
02/09/2023 06:00,6.47
02/09/2023 07:00,6.06
02/09/2023 08:00,3.25
02/09/2023 09:00,2.09
02/09/2023 10:00,1.5
02/09/2023 11:00,0
02/09/2023 12:00,0
02/09/2023 13:00,0.1
02/09/2023 14:00,0.4
02/09/2023 15:00,0.22
02/09/2023 16:00,3.88
02/09/2023 17:00,9.19
02/09/2023 18:00,12.43
02/09/2023 19:00,11.91
02/09/2023 20:00,9.31
02/09/2023 21:00,8.35
02/09/2023 22:00,7.75
02/09/2023 23:00,7.06
03/09/2023 00:00,
03/09/2023 01:00,6.82
03/09/2023 02:00,6.46
03/09/2023 03:00,6.38
03/09/2023 04:00,6.44
03/09/2023 05:00,6.5
03/09/2023 06:00,6.5
03/09/2023 07:00,5.34
03/09/2023 08:00,1.63
03/09/2023 09:00,0.5
03/09/2023 10:00,0.18
03/09/2023 11:00,0.66
03/09/2023 12:00,1.53
03/09/2023 13:00,0
03/09/2023 14:00,0
03/09/2023 15:00,0
03/09/2023 16:00,0.25
03/09/2023 17:00,4.03
03/09/2023 18:00,6.72
03/09/2023 19:00,8
03/09/2023 20:00,8.13
03/09/2023 21:00,7.65
03/09/2023 22:00,7.16
03/09/2023 23:00,7.22
04/09/2023 00:00,
04/09/2023 01:00,6.53
04/09/2023 02:00,6.31
04/09/2023 03:00,6.16
04/09/2023 04:00,6.09
04/09/2023 05:00,6.22
04/09/2023 06:00,6.34
04/09/2023 07:00,5.25
04/09/2023 08:00,2.03
04/09/2023 09:00,26.78
04/09/2023 10:00,34.35
04/09/2023 11:00,31.9
04/09/2023 12:00,31.75
04/09/2023 13:00,33.25
04/09/2023 14:00,37
04/09/2023 15:00,37.66
04/09/2023 16:00,44.22
04/09/2023 17:00,39.47
04/09/2023 18:00,20.75
04/09/2023 19:00,13.72
04/09/2023 20:00,11.31
04/09/2023 21:00,8.91
04/09/2023 22:00,7.28
04/09/2023 23:00,7.15
05/09/2023 00:00,
05/09/2023 01:00,7.07
05/09/2023 02:00,6.43
05/09/2023 03:00,6.47
05/09/2023 04:00,6.5
05/09/2023 05:00,6.56
05/09/2023 06:00,6.6
05/09/2023 07:00,6.15
05/09/2023 08:00,13.63
05/09/2023 09:00,31.94
05/09/2023 10:00,31.97
05/09/2023 11:00,32.46
05/09/2023 12:00,37.85
05/09/2023 13:00,37.87
05/09/2023 14:00,36.07
05/09/2023 15:00,40.4
05/09/2023 16:00,39.03
05/09/2023 17:00,30.07
05/09/2023 18:00,19.65
05/09/2023 19:00,12.31
05/09/2023 20:00,8.94
05/09/2023 21:00,6.44
05/09/2023 22:00,6.06
05/09/2023 23:00,6.25
06/09/2023 00:00,
06/09/2023 01:00,6.4
06/09/2023 02:00,6.16
06/09/2023 03:00,6.06
06/09/2023 04:00,6
06/09/2023 05:00,6.03
06/09/2023 06:00,6.07
06/09/2023 07:00,5.71
06/09/2023 08:00,5.85
06/09/2023 09:00,15.4
06/09/2023 10:00,22.79
06/09/2023 11:00,22.28
06/09/2023 12:00,18.5
06/09/2023 13:00,16.72
06/09/2023 14:00,22.75
06/09/2023 15:00,26.62
06/09/2023 16:00,24.88
06/09/2023 17:00,23.37
06/09/2023 18:00,14.84
06/09/2023 19:00,11.82
06/09/2023 20:00,8.53
06/09/2023 21:00,6.72
06/09/2023 22:00,6.06
06/09/2023 23:00,6.19
07/09/2023 00:00,
07/09/2023 01:00,5.87
07/09/2023 02:00,6.03
07/09/2023 03:00,5.88
07/09/2023 04:00,6.06
07/09/2023 05:00,6.06
07/09/2023 06:00,6.1
07/09/2023 07:00,5.75
07/09/2023 08:00,4.12
07/09/2023 09:00,16.03
07/09/2023 10:00,20.22
07/09/2023 11:00,16.1
07/09/2023 12:00,18.84
07/09/2023 13:00,19.41
07/09/2023 14:00,26.75
07/09/2023 15:00,22.84
07/09/2023 16:00,23.62
07/09/2023 17:00,18.85
07/09/2023 18:00,12.4
07/09/2023 19:00,10.97
07/09/2023 20:00,7.63
07/09/2023 21:00,6.97
07/09/2023 22:00,6.37
07/09/2023 23:00,6.35
08/09/2023 00:00,
08/09/2023 01:00,6.31
08/09/2023 02:00,6.16
08/09/2023 03:00,6.12
08/09/2023 04:00,6.13
08/09/2023 05:00,6.03
08/09/2023 06:00,6.16
08/09/2023 07:00,5.93
08/09/2023 08:00,5.72
08/09/2023 09:00,15.35
08/09/2023 10:00,20.62
08/09/2023 11:00,19.41
08/09/2023 12:00,24.72
08/09/2023 13:00,24.87
08/09/2023 14:00,23.5
08/09/2023 15:00,24.69
08/09/2023 16:00,24.75
08/09/2023 17:00,17.28
08/09/2023 18:00,13.78
08/09/2023 19:00,10.22
08/09/2023 20:00,8.56
08/09/2023 21:00,6.53
08/09/2023 22:00,5.97
08/09/2023 23:00,6.16
09/09/2023 00:00,
09/09/2023 01:00,5.97
09/09/2023 02:00,5.87
09/09/2023 03:00,5.97
09/09/2023 04:00,6.06
09/09/2023 05:00,5.94
09/09/2023 06:00,6.16
09/09/2023 07:00,5.18
09/09/2023 08:00,3.6
09/09/2023 09:00,0.4
09/09/2023 10:00,0.03
09/09/2023 11:00,0
09/09/2023 12:00,0.07
09/09/2023 13:00,0.18
09/09/2023 14:00,0.32
09/09/2023 15:00,0.84
09/09/2023 16:00,0.91
09/09/2023 17:00,3.47
09/09/2023 18:00,5.65
09/09/2023 19:00,7.25
09/09/2023 20:00,7.22
09/09/2023 21:00,7.19
09/09/2023 22:00,6.59
09/09/2023 23:00,6.56
10/09/2023 00:00,
10/09/2023 01:00,6.53
10/09/2023 02:00,6.19
10/09/2023 03:00,6.19
10/09/2023 04:00,6.22
10/09/2023 05:00,6.09
10/09/2023 06:00,5.97
10/09/2023 07:00,5.72
10/09/2023 08:00,3.09
10/09/2023 09:00,0.85
10/09/2023 10:00,0.53
10/09/2023 11:00,0.4
10/09/2023 12:00,0.03
10/09/2023 13:00,0
10/09/2023 14:00,0
10/09/2023 15:00,0.07
10/09/2023 16:00,1.28
10/09/2023 17:00,3.03
10/09/2023 18:00,5.41
10/09/2023 19:00,6.96
10/09/2023 20:00,7.6
10/09/2023 21:00,6.75
10/09/2023 22:00,6.25
10/09/2023 23:00,6.31
11/09/2023 00:00,
11/09/2023 01:00,6.21
11/09/2023 02:00,6.04
11/09/2023 03:00,6.15
11/09/2023 04:00,6.16
11/09/2023 05:00,6.09
11/09/2023 06:00,6.13
11/09/2023 07:00,6.09
11/09/2023 08:00,9.22
11/09/2023 09:00,17.44
11/09/2023 10:00,20.9
11/09/2023 11:00,18.88
11/09/2023 12:00,25
11/09/2023 13:00,24.28
11/09/2023 14:00,27.25
11/09/2023 15:00,27.09
11/09/2023 16:00,22.82
11/09/2023 17:00,19.28
11/09/2023 18:00,10.53
11/09/2023 19:00,7.97
11/09/2023 20:00,7.56
11/09/2023 21:00,7.06
11/09/2023 22:00,6.38
11/09/2023 23:00,6.43
12/09/2023 00:00,
12/09/2023 01:00,6.22
12/09/2023 02:00,6.25
12/09/2023 03:00,6.15
12/09/2023 04:00,6.16
12/09/2023 05:00,5.66
12/09/2023 06:00,5.68
12/09/2023 07:00,5.32
12/09/2023 08:00,9.37
12/09/2023 09:00,11.94
12/09/2023 10:00,16.5
12/09/2023 11:00,18.15
12/09/2023 12:00,26.38
12/09/2023 13:00,25.53
12/09/2023 14:00,24.56
12/09/2023 15:00,19.82
12/09/2023 16:00,23.62
12/09/2023 17:00,19.81
12/09/2023 18:00,12.03
12/09/2023 19:00,13.16
12/09/2023 20:00,10.16
12/09/2023 21:00,6.47
12/09/2023 22:00,6.46
12/09/2023 23:00,6.38
13/09/2023 00:00,
13/09/2023 01:00,6.47
13/09/2023 02:00,6.28
13/09/2023 03:00,6.31
13/09/2023 04:00,6.28
13/09/2023 05:00,5.53
13/09/2023 06:00,5.6
13/09/2023 07:00,5.81
13/09/2023 08:00,4.09
13/09/2023 09:00,7.75
13/09/2023 10:00,14.5
13/09/2023 11:00,16.13
13/09/2023 12:00,11.93
13/09/2023 13:00,15
13/09/2023 14:00,21.13
13/09/2023 15:00,23.37
13/09/2023 16:00,28.85
13/09/2023 17:00,20.9
13/09/2023 18:00,12.5
13/09/2023 19:00,11.79
13/09/2023 20:00,7.68
13/09/2023 21:00,6.5
13/09/2023 22:00,6.32
13/09/2023 23:00,6.18
14/09/2023 00:00,
14/09/2023 01:00,6.12
14/09/2023 02:00,6.19
14/09/2023 03:00,6.16
14/09/2023 04:00,6.15
14/09/2023 05:00,5.5
14/09/2023 06:00,5.57
14/09/2023 07:00,5.47
14/09/2023 08:00,5.62
14/09/2023 09:00,14.34
14/09/2023 10:00,17.66
14/09/2023 11:00,15.44
14/09/2023 12:00,13.37
14/09/2023 13:00,11.6
14/09/2023 14:00,12.25
14/09/2023 15:00,21.25
14/09/2023 16:00,34.56
14/09/2023 17:00,26.47
14/09/2023 18:00,12.09
14/09/2023 19:00,8.22
14/09/2023 20:00,6.81
14/09/2023 21:00,6.35
14/09/2023 22:00,6.43
14/09/2023 23:00,6.22
15/09/2023 00:00,
15/09/2023 01:00,6.34
15/09/2023 02:00,6.44
15/09/2023 03:00,6.25
15/09/2023 04:00,6.37
15/09/2023 05:00,5.57
15/09/2023 06:00,5.65
15/09/2023 07:00,5.44
15/09/2023 08:00,15.87
15/09/2023 09:00,23.97
15/09/2023 10:00,25
15/09/2023 11:00,36.47
15/09/2023 12:00,40.78
15/09/2023 13:00,35.69
15/09/2023 14:00,38.31
15/09/2023 15:00,50.44
15/09/2023 16:00,48.06
15/09/2023 17:00,35.13
15/09/2023 18:00,15.65
15/09/2023 19:00,11.88
15/09/2023 20:00,10.25
15/09/2023 21:00,9.22
15/09/2023 22:00,6.47
15/09/2023 23:00,6.34
16/09/2023 00:00,
16/09/2023 01:00,6.32
16/09/2023 02:00,6.34
16/09/2023 03:00,6.28
16/09/2023 04:00,6.35
16/09/2023 05:00,5.56
16/09/2023 06:00,5.56
16/09/2023 07:00,5.16
16/09/2023 08:00,2.75
16/09/2023 09:00,1.09
16/09/2023 10:00,1.28
16/09/2023 11:00,0.1
16/09/2023 12:00,0.28
16/09/2023 13:00,0.31
16/09/2023 14:00,6.09
16/09/2023 15:00,7.72
16/09/2023 16:00,7.31
16/09/2023 17:00,6.29
16/09/2023 18:00,7.18
16/09/2023 19:00,8.97
16/09/2023 20:00,9.16
16/09/2023 21:00,8.94
16/09/2023 22:00,8.81
16/09/2023 23:00,8.81
17/09/2023 00:00,
17/09/2023 01:00,6.78
17/09/2023 02:00,6.65
17/09/2023 03:00,6.32
17/09/2023 04:00,6.31
17/09/2023 05:00,5.47
17/09/2023 06:00,5.5
17/09/2023 07:00,5.03
17/09/2023 08:00,3.03
17/09/2023 09:00,0.38
17/09/2023 10:00,0
17/09/2023 11:00,0
17/09/2023 12:00,0.21
17/09/2023 13:00,0.16
17/09/2023 14:00,0.19
17/09/2023 15:00,0.47
17/09/2023 16:00,0.4
17/09/2023 17:00,2.35
17/09/2023 18:00,5.93
17/09/2023 19:00,8.6
17/09/2023 20:00,8.72
17/09/2023 21:00,8.09
17/09/2023 22:00,6.44
17/09/2023 23:00,6.4
18/09/2023 00:00,
18/09/2023 01:00,6
18/09/2023 02:00,6.13
18/09/2023 03:00,6.06
18/09/2023 04:00,6.03
18/09/2023 05:00,5.44
18/09/2023 06:00,5.4
18/09/2023 07:00,4.94
18/09/2023 08:00,4.38
18/09/2023 09:00,13.25
18/09/2023 10:00,19.18
18/09/2023 11:00,18.63
18/09/2023 12:00,9.59
18/09/2023 13:00,8.38
18/09/2023 14:00,8.06
18/09/2023 15:00,9.87
18/09/2023 16:00,14.97
18/09/2023 17:00,15.5
18/09/2023 18:00,10.91
18/09/2023 19:00,10.81
18/09/2023 20:00,9.06
18/09/2023 21:00,8.22
18/09/2023 22:00,6.38
18/09/2023 23:00,6.37
19/09/2023 00:00,
19/09/2023 01:00,6
19/09/2023 02:00,6.06
19/09/2023 03:00,5.91
19/09/2023 04:00,5.9
19/09/2023 05:00,5.22
19/09/2023 06:00,5.13
19/09/2023 07:00,4.93
19/09/2023 08:00,4.25
19/09/2023 09:00,7.25
19/09/2023 10:00,10.78
19/09/2023 11:00,7.38
19/09/2023 12:00,4.5
19/09/2023 13:00,8.12
19/09/2023 14:00,10.19
19/09/2023 15:00,11.56
19/09/2023 16:00,13.1
19/09/2023 17:00,12.44
19/09/2023 18:00,10.62
19/09/2023 19:00,11.56
19/09/2023 20:00,9.07
19/09/2023 21:00,9.09
19/09/2023 22:00,9
19/09/2023 23:00,9.03
20/09/2023 00:00,
20/09/2023 01:00,7.94
20/09/2023 02:00,7.56
20/09/2023 03:00,7.47
20/09/2023 04:00,7.56
20/09/2023 05:00,6.81
20/09/2023 06:00,6.6
20/09/2023 07:00,6.37
20/09/2023 08:00,5.19
20/09/2023 09:00,12.13
20/09/2023 10:00,10.25
20/09/2023 11:00,9.31
20/09/2023 12:00,11.28
20/09/2023 13:00,9.25
20/09/2023 14:00,20.62
20/09/2023 15:00,18.07
20/09/2023 16:00,24.78
20/09/2023 17:00,23.22
20/09/2023 18:00,15.65
20/09/2023 19:00,12.35
20/09/2023 20:00,10.31
20/09/2023 21:00,6.87
20/09/2023 22:00,6.63
20/09/2023 23:00,6.41
21/09/2023 00:00,
21/09/2023 01:00,6.31
21/09/2023 02:00,6.13
21/09/2023 03:00,6.22
21/09/2023 04:00,6.06
21/09/2023 05:00,5.63
21/09/2023 06:00,5.68
21/09/2023 07:00,5.1
21/09/2023 08:00,3.59
21/09/2023 09:00,9.34
21/09/2023 10:00,26.54
21/09/2023 11:00,25.31
21/09/2023 12:00,12.31
21/09/2023 13:00,14.84
21/09/2023 14:00,22.32
21/09/2023 15:00,24.65
21/09/2023 16:00,32.41
21/09/2023 17:00,26.75
21/09/2023 18:00,10.69
21/09/2023 19:00,9.75
21/09/2023 20:00,9.31
21/09/2023 21:00,7.44
21/09/2023 22:00,6.53
21/09/2023 23:00,6.65
22/09/2023 00:00,
22/09/2023 01:00,6.43
22/09/2023 02:00,6.38
22/09/2023 03:00,6.19
22/09/2023 04:00,6.28
22/09/2023 05:00,5.62
22/09/2023 06:00,5.75
22/09/2023 07:00,5.78
22/09/2023 08:00,23.03
22/09/2023 09:00,28.44
22/09/2023 10:00,26.6
22/09/2023 11:00,16.15
22/09/2023 12:00,27.56
22/09/2023 13:00,28.79
22/09/2023 14:00,32.25
22/09/2023 15:00,34.43
22/09/2023 16:00,33.35
22/09/2023 17:00,22.03
22/09/2023 18:00,14.75
22/09/2023 19:00,11.4
22/09/2023 20:00,8.88
22/09/2023 21:00,6.97
22/09/2023 22:00,6.59
22/09/2023 23:00,6.31
23/09/2023 00:00,
23/09/2023 01:00,6.31
23/09/2023 02:00,6.41
23/09/2023 03:00,6.25
23/09/2023 04:00,6.38
23/09/2023 05:00,5.68
23/09/2023 06:00,5.85
23/09/2023 07:00,4.9
23/09/2023 08:00,1.19
23/09/2023 09:00,0
23/09/2023 10:00,0
23/09/2023 11:00,0
23/09/2023 12:00,0
23/09/2023 13:00,0
23/09/2023 14:00,0.16
23/09/2023 15:00,0
23/09/2023 16:00,2.09
23/09/2023 17:00,3.75
23/09/2023 18:00,6.09
23/09/2023 19:00,7.69
23/09/2023 20:00,7.72
23/09/2023 21:00,7.19
23/09/2023 22:00,6.84
23/09/2023 23:00,6.78
24/09/2023 00:00,
24/09/2023 01:00,6.78
24/09/2023 02:00,6.78
24/09/2023 03:00,6.65
24/09/2023 04:00,6.54
24/09/2023 05:00,5.93
24/09/2023 06:00,6.03
24/09/2023 07:00,5
24/09/2023 08:00,1.19
24/09/2023 09:00,0
24/09/2023 10:00,0.03
24/09/2023 11:00,0.03
24/09/2023 12:00,0.25
24/09/2023 13:00,1.32
24/09/2023 14:00,0.65
24/09/2023 15:00,0
24/09/2023 16:00,0.66
24/09/2023 17:00,5.41
24/09/2023 18:00,8.15
24/09/2023 19:00,8.28
24/09/2023 20:00,7.41
24/09/2023 21:00,7.19
24/09/2023 22:00,6.68
24/09/2023 23:00,6.63
25/09/2023 00:00,
25/09/2023 01:00,6.72
25/09/2023 02:00,7.03
25/09/2023 03:00,6.85
25/09/2023 04:00,6.75
25/09/2023 05:00,6.15
25/09/2023 06:00,6.25
25/09/2023 07:00,5.47
25/09/2023 08:00,2.41
25/09/2023 09:00,15.22
25/09/2023 10:00,22.25
25/09/2023 11:00,25.75
25/09/2023 12:00,24.94
25/09/2023 13:00,25.18
25/09/2023 14:00,30.07
25/09/2023 15:00,33.75
25/09/2023 16:00,
25/09/2023 17:00,
25/09/2023 18:00,
25/09/2023 19:00,
25/09/2023 20:00,
25/09/2023 21:00,
25/09/2023 22:00,
25/09/2023 23:00,
26/09/2023 00:00,
26/09/2023 01:00,
26/09/2023 02:00,
26/09/2023 03:00,
26/09/2023 04:00,
26/09/2023 05:00,
26/09/2023 06:00,
26/09/2023 07:00,
26/09/2023 08:00,
26/09/2023 09:00,
26/09/2023 10:00,
26/09/2023 11:00,
26/09/2023 12:00,
26/09/2023 13:00,
26/09/2023 14:00,
26/09/2023 15:00,
26/09/2023 16:00,
26/09/2023 17:00,
26/09/2023 18:00,
26/09/2023 19:00,
26/09/2023 20:00,
26/09/2023 21:00,
26/09/2023 22:00,
26/09/2023 23:00,
27/09/2023 00:00,
27/09/2023 01:00,
27/09/2023 02:00,
27/09/2023 03:00,
27/09/2023 04:00,
27/09/2023 05:00,
27/09/2023 06:00,
27/09/2023 07:00,
27/09/2023 08:00,
27/09/2023 09:00,
27/09/2023 10:00,
27/09/2023 11:00,
27/09/2023 12:00,
27/09/2023 13:00,
27/09/2023 14:00,
27/09/2023 15:00,
27/09/2023 16:00,
27/09/2023 17:00,
27/09/2023 18:00,
27/09/2023 19:00,
27/09/2023 20:00,
27/09/2023 21:00,
27/09/2023 22:00,
27/09/2023 23:00,
28/09/2023 00:00,
28/09/2023 01:00,
28/09/2023 02:00,
28/09/2023 03:00,
28/09/2023 04:00,
28/09/2023 05:00,
28/09/2023 06:00,
28/09/2023 07:00,
28/09/2023 08:00,
28/09/2023 09:00,
28/09/2023 10:00,
28/09/2023 11:00,
28/09/2023 12:00,
28/09/2023 13:00,
28/09/2023 14:00,
28/09/2023 15:00,
28/09/2023 16:00,
28/09/2023 17:00,
28/09/2023 18:00,
28/09/2023 19:00,
28/09/2023 20:00,
28/09/2023 21:00,
28/09/2023 22:00,
28/09/2023 23:00,
29/09/2023 00:00,
29/09/2023 01:00,
29/09/2023 02:00,
29/09/2023 03:00,
29/09/2023 04:00,
29/09/2023 05:00,
29/09/2023 06:00,
29/09/2023 07:00,
29/09/2023 08:00,
29/09/2023 09:00,
29/09/2023 10:00,
29/09/2023 11:00,
29/09/2023 12:00,
29/09/2023 13:00,
29/09/2023 14:00,
29/09/2023 15:00,
29/09/2023 16:00,
29/09/2023 17:00,
29/09/2023 18:00,
29/09/2023 19:00,
29/09/2023 20:00,
29/09/2023 21:00,
29/09/2023 22:00,
29/09/2023 23:00,
30/09/2023 00:00,
30/09/2023 01:00,
30/09/2023 02:00,
30/09/2023 03:00,
30/09/2023 04:00,
30/09/2023 05:00,
30/09/2023 06:00,
30/09/2023 07:00,
30/09/2023 08:00,
30/09/2023 09:00,
30/09/2023 10:00,
30/09/2023 11:00,
30/09/2023 12:00,
30/09/2023 13:00,
30/09/2023 14:00,
30/09/2023 15:00,
30/09/2023 16:00,
30/09/2023 17:00,
30/09/2023 18:00,
30/09/2023 19:00,
30/09/2023 20:00,
30/09/2023 21:00,
30/09/2023 22:00,
30/09/2023 23:00,
01/10/2023 00:00,
01/10/2023 01:00,
01/10/2023 02:00,
01/10/2023 03:00,
01/10/2023 04:00,
01/10/2023 05:00,
01/10/2023 06:00,
01/10/2023 07:00,
01/10/2023 08:00,
01/10/2023 09:00,
01/10/2023 10:00,
01/10/2023 11:00,
01/10/2023 12:00,
01/10/2023 13:00,
01/10/2023 14:00,
01/10/2023 15:00,
01/10/2023 16:00,
01/10/2023 17:00,
01/10/2023 18:00,
01/10/2023 19:00,
01/10/2023 20:00,
01/10/2023 21:00,
01/10/2023 22:00,
01/10/2023 23:00,
02/10/2023 00:00,
02/10/2023 01:00,
02/10/2023 02:00,
02/10/2023 03:00,
02/10/2023 04:00,
02/10/2023 05:00,
02/10/2023 06:00,
02/10/2023 07:00,
02/10/2023 08:00,
02/10/2023 09:00,
02/10/2023 10:00,
02/10/2023 11:00,
02/10/2023 12:00,
02/10/2023 13:00,
02/10/2023 14:00,
02/10/2023 15:00,
02/10/2023 16:00,
02/10/2023 17:00,
02/10/2023 18:00,
02/10/2023 19:00,
02/10/2023 20:00,
02/10/2023 21:00,
02/10/2023 22:00,
02/10/2023 23:00,
03/10/2023 00:00,
03/10/2023 01:00,
03/10/2023 02:00,
03/10/2023 03:00,
03/10/2023 04:00,
03/10/2023 05:00,
03/10/2023 06:00,
03/10/2023 07:00,
03/10/2023 08:00,
03/10/2023 09:00,
03/10/2023 10:00,
03/10/2023 11:00,
03/10/2023 12:00,
03/10/2023 13:00,
03/10/2023 14:00,
03/10/2023 15:00,
03/10/2023 16:00,
03/10/2023 17:00,
03/10/2023 18:00,
03/10/2023 19:00,
03/10/2023 20:00,
03/10/2023 21:00,
03/10/2023 22:00,
03/10/2023 23:00,
04/10/2023 00:00,
04/10/2023 01:00,
04/10/2023 02:00,
04/10/2023 03:00,
04/10/2023 04:00,
04/10/2023 05:00,
04/10/2023 06:00,
04/10/2023 07:00,
04/10/2023 08:00,
04/10/2023 09:00,
04/10/2023 10:00,
04/10/2023 11:00,
04/10/2023 12:00,
04/10/2023 13:00,
04/10/2023 14:00,
04/10/2023 15:00,
04/10/2023 16:00,
04/10/2023 17:00,
04/10/2023 18:00,
04/10/2023 19:00,
04/10/2023 20:00,
04/10/2023 21:00,
04/10/2023 22:00,
04/10/2023 23:00,
05/10/2023 00:00,
05/10/2023 01:00,
05/10/2023 02:00,
05/10/2023 03:00,
05/10/2023 04:00,
05/10/2023 05:00,
05/10/2023 06:00,
05/10/2023 07:00,
05/10/2023 08:00,
05/10/2023 09:00,
05/10/2023 10:00,
05/10/2023 11:00,
05/10/2023 12:00,
05/10/2023 13:00,13.21
05/10/2023 14:00,32.97
05/10/2023 15:00,29.75
05/10/2023 16:00,29.82
05/10/2023 17:00,23.75
05/10/2023 18:00,14.18
05/10/2023 19:00,10.66
05/10/2023 20:00,9.25
05/10/2023 21:00,7.59
05/10/2023 22:00,6.57
05/10/2023 23:00,6.56
06/10/2023 00:00,
06/10/2023 01:00,6.25
06/10/2023 02:00,6.22
06/10/2023 03:00,6.12
06/10/2023 04:00,6
06/10/2023 05:00,5.56
06/10/2023 06:00,5.54
06/10/2023 07:00,4.84
06/10/2023 08:00,5.19
06/10/2023 09:00,19.43
06/10/2023 10:00,31.38
06/10/2023 11:00,26.87
06/10/2023 12:00,26.29
06/10/2023 13:00,19.71
06/10/2023 14:00,27.22
06/10/2023 15:00,28.03
06/10/2023 16:00,23.94
06/10/2023 17:00,21.63
06/10/2023 18:00,
06/10/2023 19:00,11.47
06/10/2023 20:00,8.56
06/10/2023 21:00,6.44
06/10/2023 22:00,6.4
06/10/2023 23:00,6.19
07/10/2023 00:00,
07/10/2023 01:00,6.15
07/10/2023 02:00,6.16
07/10/2023 03:00,6.09
07/10/2023 04:00,6.19
07/10/2023 05:00,5.41
07/10/2023 06:00,5.37
07/10/2023 07:00,4.85
07/10/2023 08:00,3.68
07/10/2023 09:00,2.32
07/10/2023 10:00,0.53
07/10/2023 11:00,0.28
07/10/2023 12:00,0.16
07/10/2023 13:00,0.53
07/10/2023 14:00,1.87
07/10/2023 15:00,5.6
07/10/2023 16:00,8.15
07/10/2023 17:00,8.97
07/10/2023 18:00,7.75
07/10/2023 19:00,8.09
07/10/2023 20:00,6.63
07/10/2023 21:00,6.25
07/10/2023 22:00,6.16
07/10/2023 23:00,6.03
08/10/2023 00:00,
08/10/2023 01:00,6.09
08/10/2023 02:00,6.03
08/10/2023 03:00,5.91
08/10/2023 04:00,5.93
08/10/2023 05:00,5.29
08/10/2023 06:00,5.34
08/10/2023 07:00,4.87
08/10/2023 08:00,3.66
08/10/2023 09:00,2.78
08/10/2023 10:00,0.56
08/10/2023 11:00,1.25
08/10/2023 12:00,0
08/10/2023 13:00,0
08/10/2023 14:00,0.04
08/10/2023 15:00,0.68
08/10/2023 16:00,4.19
08/10/2023 17:00,7.22
08/10/2023 18:00,6.56
08/10/2023 19:00,7.1
08/10/2023 20:00,6.59
08/10/2023 21:00,6.5
08/10/2023 22:00,6.31
08/10/2023 23:00,6.35
09/10/2023 00:00,
09/10/2023 01:00,6.28
09/10/2023 02:00,6.25
09/10/2023 03:00,6.38
09/10/2023 04:00,6.25
09/10/2023 05:00,5.47
09/10/2023 06:00,5.53
09/10/2023 07:00,5.56
09/10/2023 08:00,4.53
09/10/2023 09:00,7.47
09/10/2023 10:00,16.22
09/10/2023 11:00,12.84
09/10/2023 12:00,15.47
09/10/2023 13:00,16.85
09/10/2023 14:00,16.93
09/10/2023 15:00,24.94
09/10/2023 16:00,21.88
09/10/2023 17:00,18.59
09/10/2023 18:00,9.06
09/10/2023 19:00,8.38
09/10/2023 20:00,8
09/10/2023 21:00,7.06
09/10/2023 22:00,6.59
09/10/2023 23:00,6.54
10/10/2023 00:00,
10/10/2023 01:00,6.41
10/10/2023 02:00,6.25
10/10/2023 03:00,6.28
10/10/2023 04:00,6.31
10/10/2023 05:00,5.5
10/10/2023 06:00,5.41
10/10/2023 07:00,5.31
10/10/2023 08:00,5.38
10/10/2023 09:00,13.34
10/10/2023 10:00,17.84
10/10/2023 11:00,15.5
10/10/2023 12:00,11.53
10/10/2023 13:00,13.1
10/10/2023 14:00,18.03
10/10/2023 15:00,17.41
10/10/2023 16:00,21.46
10/10/2023 17:00,21.19
10/10/2023 18:00,12.31
10/10/2023 19:00,7.88
10/10/2023 20:00,6.41
10/10/2023 21:00,6.34
10/10/2023 22:00,6.41
10/10/2023 23:00,6.28
11/10/2023 00:00,
11/10/2023 01:00,6.28
11/10/2023 02:00,6.31
11/10/2023 03:00,6.25
11/10/2023 04:00,6.25
11/10/2023 05:00,5.57
11/10/2023 06:00,5.5
11/10/2023 07:00,5.43
11/10/2023 08:00,2.1
11/10/2023 09:00,11.31
11/10/2023 10:00,18.78
11/10/2023 11:00,17.22
11/10/2023 12:00,15.03
11/10/2023 13:00,14.41
11/10/2023 14:00,16.4
11/10/2023 15:00,14.13
11/10/2023 16:00,16.28
11/10/2023 17:00,19.63
11/10/2023 18:00,9.84
11/10/2023 19:00,6.34
11/10/2023 20:00,6.53
11/10/2023 21:00,6.47
11/10/2023 22:00,6.44
11/10/2023 23:00,6.44
12/10/2023 00:00,
12/10/2023 01:00,6.32
12/10/2023 02:00,6.37
12/10/2023 03:00,6.47
12/10/2023 04:00,6.28
12/10/2023 05:00,5.6
12/10/2023 06:00,5.59
12/10/2023 07:00,5.19
12/10/2023 08:00,1.06
12/10/2023 09:00,11.5
12/10/2023 10:00,11.69
12/10/2023 11:00,15.5
12/10/2023 12:00,9.97
12/10/2023 13:00,16.65
12/10/2023 14:00,10.6
12/10/2023 15:00,13.87
12/10/2023 16:00,24.97
12/10/2023 17:00,23.12
12/10/2023 18:00,13.91
12/10/2023 19:00,12.44
12/10/2023 20:00,10
12/10/2023 21:00,8.09
12/10/2023 22:00,6.22
12/10/2023 23:00,6.09
13/10/2023 00:00,
13/10/2023 01:00,6.06
13/10/2023 02:00,5.94
13/10/2023 03:00,6.09
13/10/2023 04:00,5.94
13/10/2023 05:00,5.37
13/10/2023 06:00,5.28
13/10/2023 07:00,4.44
13/10/2023 08:00,0.91
13/10/2023 09:00,0
13/10/2023 10:00,0
13/10/2023 11:00,0.06
13/10/2023 12:00,0.06
13/10/2023 13:00,1.82
13/10/2023 14:00,0
13/10/2023 15:00,0.03
13/10/2023 16:00,1
13/10/2023 17:00,4.93
13/10/2023 18:00,8.16
13/10/2023 19:00,8.19
13/10/2023 20:00,7.22
13/10/2023 21:00,6.59
13/10/2023 22:00,6.09
13/10/2023 23:00,5.94
14/10/2023 00:00,
14/10/2023 01:00,5.88
14/10/2023 02:00,5.91
14/10/2023 03:00,5.81
14/10/2023 04:00,5.87
14/10/2023 05:00,5.25
14/10/2023 06:00,5.35
14/10/2023 07:00,4.68
14/10/2023 08:00,4.41
14/10/2023 09:00,1.78
14/10/2023 10:00,0.13
14/10/2023 11:00,0.15
14/10/2023 12:00,3.82
14/10/2023 13:00,0.31
14/10/2023 14:00,0
14/10/2023 15:00,0.25
14/10/2023 16:00,2.78
14/10/2023 17:00,5.72
14/10/2023 18:00,5.59
14/10/2023 19:00,6.35
14/10/2023 20:00,6.37
14/10/2023 21:00,6.25
14/10/2023 22:00,6.22
14/10/2023 23:00,5.97
15/10/2023 00:00,
15/10/2023 01:00,6
15/10/2023 02:00,6
15/10/2023 03:00,6.03
15/10/2023 04:00,5.97
15/10/2023 05:00,5.56
15/10/2023 06:00,5.35
15/10/2023 07:00,4.59
15/10/2023 08:00,1.34
15/10/2023 09:00,0
15/10/2023 10:00,0
15/10/2023 11:00,0.04
15/10/2023 12:00,0.06
15/10/2023 13:00,0.09
15/10/2023 14:00,0.78
15/10/2023 15:00,1.78
15/10/2023 16:00,2.72
15/10/2023 17:00,4.41
15/10/2023 18:00,6.72
15/10/2023 19:00,7.5
15/10/2023 20:00,7.4
15/10/2023 21:00,6.35
15/10/2023 22:00,5.9
15/10/2023 23:00,5.97
16/10/2023 00:00,
16/10/2023 01:00,5.69
16/10/2023 02:00,5.81
16/10/2023 03:00,5.72
16/10/2023 04:00,5.75
16/10/2023 05:00,5.13
16/10/2023 06:00,5.09
16/10/2023 07:00,5.16
16/10/2023 08:00,3.56
16/10/2023 09:00,19.22
16/10/2023 10:00,22.65
16/10/2023 11:00,19.44
16/10/2023 12:00,17.91
16/10/2023 13:00,19.9
16/10/2023 14:00,24.91
16/10/2023 15:00,31.06
16/10/2023 16:00,25.57
16/10/2023 17:00,21.09
16/10/2023 18:00,13.87
16/10/2023 19:00,11.75
16/10/2023 20:00,9.16
16/10/2023 21:00,7.19
16/10/2023 22:00,6.62
16/10/2023 23:00,6.32
17/10/2023 00:00,
17/10/2023 01:00,6.06
17/10/2023 02:00,6.13
17/10/2023 03:00,6.09
17/10/2023 04:00,6.13
17/10/2023 05:00,5.47
17/10/2023 06:00,5.43
17/10/2023 07:00,4.72
17/10/2023 08:00,1.57
17/10/2023 09:00,9.21
17/10/2023 10:00,16.88
17/10/2023 11:00,11.66
17/10/2023 12:00,10.62
17/10/2023 13:00,15.47
17/10/2023 14:00,14.53
17/10/2023 15:00,15.09
17/10/2023 16:00,18.94
17/10/2023 17:00,19.03
17/10/2023 18:00,11.19
17/10/2023 19:00,9.06
17/10/2023 20:00,7.69
17/10/2023 21:00,6.69
17/10/2023 22:00,6.31
17/10/2023 23:00,6.06
18/10/2023 00:00,
18/10/2023 01:00,6
18/10/2023 02:00,6.06
18/10/2023 03:00,6.09
18/10/2023 04:00,6
18/10/2023 05:00,5.5
18/10/2023 06:00,5.38
18/10/2023 07:00,4.62
18/10/2023 08:00,1.41
18/10/2023 09:00,5.19
18/10/2023 10:00,12.94
18/10/2023 11:00,19.53
18/10/2023 12:00,19.18
18/10/2023 13:00,15.22
18/10/2023 14:00,17.25
18/10/2023 15:00,20.16
18/10/2023 16:00,23.62
18/10/2023 17:00,20.16
18/10/2023 18:00,
18/10/2023 19:00,9.46
18/10/2023 20:00,6.97
18/10/2023 21:00,6.75
18/10/2023 22:00,6.38
18/10/2023 23:00,6.15
19/10/2023 00:00,
19/10/2023 01:00,6.25
19/10/2023 02:00,6
19/10/2023 03:00,6.06
19/10/2023 04:00,6.03
19/10/2023 05:00,5.5
19/10/2023 06:00,5.41
19/10/2023 07:00,5.06
19/10/2023 08:00,2.97
19/10/2023 09:00,9.31
19/10/2023 10:00,16.56
19/10/2023 11:00,12.66
19/10/2023 12:00,15.59
19/10/2023 13:00,16.5
19/10/2023 14:00,18.85
19/10/2023 15:00,17.87
19/10/2023 16:00,20.22
19/10/2023 17:00,21.62
19/10/2023 18:00,12.13
19/10/2023 19:00,7.87
19/10/2023 20:00,8.6
19/10/2023 21:00,8.4
19/10/2023 22:00,6.35
19/10/2023 23:00,6.25
20/10/2023 00:00,
20/10/2023 01:00,6.28
20/10/2023 02:00,6.12
20/10/2023 03:00,6.13
20/10/2023 04:00,6.09
20/10/2023 05:00,5.5
20/10/2023 06:00,5.53
20/10/2023 07:00,4.69
20/10/2023 08:00,1.37
20/10/2023 09:00,6.88
20/10/2023 10:00,14.78
20/10/2023 11:00,17.56
20/10/2023 12:00,20.94
20/10/2023 13:00,17.22
20/10/2023 14:00,16.59
20/10/2023 15:00,30
20/10/2023 16:00,32.63
20/10/2023 17:00,24.62
20/10/2023 18:00,
20/10/2023 19:00,9.53
20/10/2023 20:00,7.47
20/10/2023 21:00,6.56
20/10/2023 22:00,6.22
20/10/2023 23:00,6.03
21/10/2023 00:00,
21/10/2023 01:00,6.03
21/10/2023 02:00,6.1
21/10/2023 03:00,5.9
21/10/2023 04:00,5.78
21/10/2023 05:00,5.16
21/10/2023 06:00,5.19
21/10/2023 07:00,4.34
21/10/2023 08:00,5.75
21/10/2023 09:00,14
21/10/2023 10:00,10.28
21/10/2023 11:00,9.28
21/10/2023 12:00,3.5
21/10/2023 13:00,5.75
21/10/2023 14:00,14.04
21/10/2023 15:00,18.37
21/10/2023 16:00,20.16
21/10/2023 17:00,17.87
21/10/2023 18:00,
21/10/2023 19:00,8.28
21/10/2023 20:00,7.97
21/10/2023 21:00,7.84
21/10/2023 22:00,6.35
21/10/2023 23:00,6.06
22/10/2023 00:00,
22/10/2023 01:00,5.94
22/10/2023 02:00,6.15
22/10/2023 03:00,6.1
22/10/2023 04:00,5.93
22/10/2023 05:00,5.44
22/10/2023 06:00,5.41
22/10/2023 07:00,5.12
22/10/2023 08:00,4.07
22/10/2023 09:00,2.5
22/10/2023 10:00,0
22/10/2023 11:00,0.06
22/10/2023 12:00,0.25
22/10/2023 13:00,0
22/10/2023 14:00,0.12
22/10/2023 15:00,1.16
22/10/2023 16:00,1.16
22/10/2023 17:00,4.59
22/10/2023 18:00,4.94
22/10/2023 19:00,5.87
22/10/2023 20:00,5.91
22/10/2023 21:00,6.09
22/10/2023 22:00,5.97
22/10/2023 23:00,5.94
23/10/2023 00:00,
23/10/2023 01:00,5.93
23/10/2023 02:00,6
23/10/2023 03:00,6
23/10/2023 04:00,5.97
23/10/2023 05:00,5.32
23/10/2023 06:00,5.21
23/10/2023 07:00,4.79
23/10/2023 08:00,1.15
23/10/2023 09:00,0
23/10/2023 10:00,0
23/10/2023 11:00,0.13
23/10/2023 12:00,4.56
23/10/2023 13:00,1.19
23/10/2023 14:00,2.47
23/10/2023 15:00,4.28
23/10/2023 16:00,5.53
23/10/2023 17:00,3.81
23/10/2023 18:00,6.06
23/10/2023 19:00,6.97
23/10/2023 20:00,6.88
23/10/2023 21:00,6.4
23/10/2023 22:00,6.28
23/10/2023 23:00,6.22
24/10/2023 00:00,
24/10/2023 01:00,6.32
24/10/2023 02:00,6.21
24/10/2023 03:00,6.35
24/10/2023 04:00,6.19
24/10/2023 05:00,5.78
24/10/2023 06:00,5.78
24/10/2023 07:00,5.12
24/10/2023 08:00,2.32
24/10/2023 09:00,10.25
24/10/2023 10:00,15.43
24/10/2023 11:00,13.16
24/10/2023 12:00,14.56
24/10/2023 13:00,18.41
24/10/2023 14:00,21.34
24/10/2023 15:00,23.25
24/10/2023 16:00,28.1
24/10/2023 17:00,25.68
24/10/2023 18:00,12.91
24/10/2023 19:00,8.81
24/10/2023 20:00,6.81
24/10/2023 21:00,6.57
24/10/2023 22:00,6.34
24/10/2023 23:00,6.38
25/10/2023 00:00,
25/10/2023 01:00,6.43
25/10/2023 02:00,6.38
25/10/2023 03:00,6.22
25/10/2023 04:00,6.34
25/10/2023 05:00,5.69
25/10/2023 06:00,5.75
25/10/2023 07:00,5.12
25/10/2023 08:00,2.54
25/10/2023 09:00,11.68
25/10/2023 10:00,16.69
25/10/2023 11:00,14.25
25/10/2023 12:00,16.81
25/10/2023 13:00,16.66
25/10/2023 14:00,16.06
25/10/2023 15:00,16.13
25/10/2023 16:00,25.22
25/10/2023 17:00,19.78
25/10/2023 18:00,13.09
25/10/2023 19:00,10.34
25/10/2023 20:00,9.04
25/10/2023 21:00,6.62
25/10/2023 22:00,6.41
25/10/2023 23:00,6.03
26/10/2023 00:00,
26/10/2023 01:00,6.12
26/10/2023 02:00,5.91
26/10/2023 03:00,6.03
26/10/2023 04:00,6
26/10/2023 05:00,5.47
26/10/2023 06:00,5.37
26/10/2023 07:00,5.16
26/10/2023 08:00,2.25
26/10/2023 09:00,6.75
26/10/2023 10:00,13.53
26/10/2023 11:00,12.16
26/10/2023 12:00,13.31
26/10/2023 13:00,24.28
26/10/2023 14:00,18.66
26/10/2023 15:00,22.65
26/10/2023 16:00,25.56
26/10/2023 17:00,21.94
26/10/2023 18:00,12.6
26/10/2023 19:00,11.03
26/10/2023 20:00,8.37
26/10/2023 21:00,7.38
26/10/2023 22:00,7.28
26/10/2023 23:00,7.09
27/10/2023 00:00,
27/10/2023 01:00,7.28
27/10/2023 02:00,7.22
27/10/2023 03:00,
27/10/2023 04:00,7.19
27/10/2023 05:00,6.72
27/10/2023 06:00,6.56
27/10/2023 07:00,6.03
27/10/2023 08:00,3.44
27/10/2023 09:00,6.85
27/10/2023 10:00,13.15
27/10/2023 11:00,8.19
27/10/2023 12:00,10.47
27/10/2023 13:00,11.81
27/10/2023 14:00,13.75
27/10/2023 15:00,18.19
27/10/2023 16:00,19.09
27/10/2023 17:00,22.85
27/10/2023 18:00,13.84
27/10/2023 19:00,10.5
27/10/2023 20:00,9.97
27/10/2023 21:00,9.72
27/10/2023 22:00,8.28
27/10/2023 23:00,7.4
28/10/2023 00:00,
28/10/2023 01:00,7.69
28/10/2023 02:00,7.87
28/10/2023 03:00,7.75
28/10/2023 04:00,7.47
28/10/2023 05:00,7
28/10/2023 06:00,7.28
28/10/2023 07:00,6.5
28/10/2023 08:00,3.78
28/10/2023 09:00,4.94
28/10/2023 10:00,1.56
28/10/2023 11:00,1.19
28/10/2023 12:00,0.72
28/10/2023 13:00,0.22
28/10/2023 14:00,1.25
28/10/2023 15:00,0.81
28/10/2023 16:00,2.78
28/10/2023 17:00,9.35
28/10/2023 18:00,10.68
28/10/2023 19:00,10.13
28/10/2023 20:00,10.47
28/10/2023 21:00,7.56
28/10/2023 22:00,7.28
28/10/2023 23:00,7.34
29/10/2023 00:00,
29/10/2023 01:00,7.79
29/10/2023 02:00,7.93
29/10/2023 03:00,7.69
29/10/2023 04:00,7.22
29/10/2023 05:00,6.66
29/10/2023 06:00,6.84
29/10/2023 07:00,6.06
29/10/2023 08:00,3.1
29/10/2023 09:00,4.25
29/10/2023 10:00,1.9
29/10/2023 11:00,0.78
29/10/2023 12:00,0.03
29/10/2023 13:00,0
29/10/2023 14:00,1.6
29/10/2023 15:00,0.53
29/10/2023 16:00,0.78
29/10/2023 17:00,4.13
29/10/2023 18:00,6.87
29/10/2023 19:00,7.97
29/10/2023 20:00,8.59
29/10/2023 21:00,7.5
29/10/2023 22:00,7.16
29/10/2023 23:00,7.09
30/10/2023 00:00,
30/10/2023 01:00,7.06
30/10/2023 02:00,7.32
30/10/2023 03:00,7.12
30/10/2023 04:00,6.94
30/10/2023 05:00,6.44
30/10/2023 06:00,6.53
30/10/2023 07:00,6.15
30/10/2023 08:00,2.53
30/10/2023 09:00,9.22
30/10/2023 10:00,14.16
30/10/2023 11:00,14.09
30/10/2023 12:00,15.41
30/10/2023 13:00,16.47
30/10/2023 14:00,21.81
30/10/2023 15:00,20.69
30/10/2023 16:00,25.03
30/10/2023 17:00,15.72
30/10/2023 18:00,10.62
30/10/2023 19:00,7.75
30/10/2023 20:00,6.53
30/10/2023 21:00,6.13
30/10/2023 22:00,6.12
30/10/2023 23:00,6.19
31/10/2023 00:00,
31/10/2023 01:00,6.22
31/10/2023 02:00,6.06
31/10/2023 03:00,5.97
31/10/2023 04:00,5.87
31/10/2023 05:00,5.69
31/10/2023 06:00,5.94
31/10/2023 07:00,5.37
31/10/2023 08:00,3.69
31/10/2023 09:00,10.5
31/10/2023 10:00,12.09
31/10/2023 11:00,8.82
31/10/2023 12:00,13.53
31/10/2023 13:00,13.69
31/10/2023 14:00,25.03
31/10/2023 15:00,12.12
31/10/2023 16:00,15.28
31/10/2023 17:00,13.1
31/10/2023 18:00,9.06
31/10/2023 19:00,7.81
31/10/2023 20:00,6.94
31/10/2023 21:00,6.5
31/10/2023 22:00,6.22
31/10/2023 23:00,6.34
01/11/2023 00:00,
01/11/2023 01:00,6.15
01/11/2023 02:00,6.5
01/11/2023 03:00,6.19
01/11/2023 04:00,6
01/11/2023 05:00,5.85
01/11/2023 06:00,6.03
01/11/2023 07:00,5.59
01/11/2023 08:00,1.91
01/11/2023 09:00,0.68
01/11/2023 10:00,12.79
01/11/2023 11:00,14.09
01/11/2023 12:00,14.47
01/11/2023 13:00,20.56
01/11/2023 14:00,18.72
01/11/2023 15:00,19.53
01/11/2023 16:00,24.03
01/11/2023 17:00,22.44
01/11/2023 18:00,10.31
01/11/2023 19:00,8.78
01/11/2023 20:00,7.6
01/11/2023 21:00,6.53
01/11/2023 22:00,6.44
01/11/2023 23:00,6.34
02/11/2023 00:00,
02/11/2023 01:00,6.28
02/11/2023 02:00,6.54
02/11/2023 03:00,6.53
02/11/2023 04:00,6.03
02/11/2023 05:00,6.09
02/11/2023 06:00,6
02/11/2023 07:00,5.47
02/11/2023 08:00,1.88
02/11/2023 09:00,7.5
02/11/2023 10:00,10.53
02/11/2023 11:00,10.47
02/11/2023 12:00,11.62
02/11/2023 13:00,7.38
02/11/2023 14:00,15.15
02/11/2023 15:00,13.38
02/11/2023 16:00,18.87
02/11/2023 17:00,20.56
02/11/2023 18:00,13.75
02/11/2023 19:00,8.44
02/11/2023 20:00,6.94
02/11/2023 21:00,6.78
02/11/2023 22:00,6.5
02/11/2023 23:00,6.47
03/11/2023 00:00,
03/11/2023 01:00,6.25
03/11/2023 02:00,6.4
03/11/2023 03:00,6.41
03/11/2023 04:00,6.06
03/11/2023 05:00,6.03
03/11/2023 06:00,6.13
03/11/2023 07:00,5.59
03/11/2023 08:00,5.35
03/11/2023 09:00,5.75
03/11/2023 10:00,8.93
03/11/2023 11:00,6.47
03/11/2023 12:00,6.97
03/11/2023 13:00,13.35
03/11/2023 14:00,16.87
03/11/2023 15:00,18.94
03/11/2023 16:00,22.9
03/11/2023 17:00,23.22
03/11/2023 18:00,10.82
03/11/2023 19:00,9.5
03/11/2023 20:00,7.21
03/11/2023 21:00,6.72
03/11/2023 22:00,6.6
03/11/2023 23:00,6.53
04/11/2023 00:00,
04/11/2023 01:00,6.47
04/11/2023 02:00,6.72
04/11/2023 03:00,6.46
04/11/2023 04:00,6.35
04/11/2023 05:00,6.22
04/11/2023 06:00,6.34
04/11/2023 07:00,5.53
04/11/2023 08:00,1.44
04/11/2023 09:00,0
04/11/2023 10:00,0.12
04/11/2023 11:00,2.1
04/11/2023 12:00,0.56
04/11/2023 13:00,0.38
04/11/2023 14:00,0.25
04/11/2023 15:00,0.12
04/11/2023 16:00,1.94
04/11/2023 17:00,7
04/11/2023 18:00,8.84
04/11/2023 19:00,7.97
04/11/2023 20:00,7.09
04/11/2023 21:00,7.04
04/11/2023 22:00,6.75
04/11/2023 23:00,6.9
05/11/2023 00:00,
05/11/2023 01:00,6.56
05/11/2023 02:00,6.78
05/11/2023 03:00,6.47
05/11/2023 04:00,6.5
05/11/2023 05:00,6.28
05/11/2023 06:00,6.56
05/11/2023 07:00,5.63
05/11/2023 08:00,2.34
05/11/2023 09:00,0.07
05/11/2023 10:00,0
05/11/2023 11:00,0.71
05/11/2023 12:00,0.63
05/11/2023 13:00,3.31
05/11/2023 14:00,0
05/11/2023 15:00,0.28
05/11/2023 16:00,2.19
05/11/2023 17:00,7.16
05/11/2023 18:00,7.4
05/11/2023 19:00,7.72
05/11/2023 20:00,7.66
05/11/2023 21:00,7.25
05/11/2023 22:00,7.06
05/11/2023 23:00,7.16
06/11/2023 00:00,
06/11/2023 01:00,7.03
06/11/2023 02:00,7
06/11/2023 03:00,7
06/11/2023 04:00,6.93
06/11/2023 05:00,6.6
06/11/2023 06:00,6.75
06/11/2023 07:00,6.34
06/11/2023 08:00,4.85
06/11/2023 09:00,12.12
06/11/2023 10:00,22.59
06/11/2023 11:00,22.19
06/11/2023 12:00,
06/11/2023 13:00,
06/11/2023 14:00,
06/11/2023 15:00,
06/11/2023 16:00,
06/11/2023 17:00,28.35
06/11/2023 18:00,15.43
06/11/2023 19:00,9.88
06/11/2023 20:00,7.69
06/11/2023 21:00,6.93
06/11/2023 22:00,6.82
06/11/2023 23:00,6.75
07/11/2023 00:00,
07/11/2023 01:00,6.62
07/11/2023 02:00,6.78
07/11/2023 03:00,6.85
07/11/2023 04:00,6.69
07/11/2023 05:00,6.46
07/11/2023 06:00,6.63
07/11/2023 07:00,6.25
07/11/2023 08:00,4.12
07/11/2023 09:00,16.32
07/11/2023 10:00,19.65
07/11/2023 11:00,19.13
07/11/2023 12:00,19.22
07/11/2023 13:00,24.22
07/11/2023 14:00,28.65
07/11/2023 15:00,27.94
07/11/2023 16:00,32.34
07/11/2023 17:00,32.47
07/11/2023 18:00,17.47
07/11/2023 19:00,11.31
07/11/2023 20:00,7.38
07/11/2023 21:00,6.94
07/11/2023 22:00,6.81
07/11/2023 23:00,6.78
08/11/2023 00:00,
08/11/2023 01:00,6.41
08/11/2023 02:00,6.46
08/11/2023 03:00,6.44
08/11/2023 04:00,6.16
08/11/2023 05:00,6.12
08/11/2023 06:00,6.16
08/11/2023 07:00,6.16
08/11/2023 08:00,6.31
08/11/2023 09:00,13.22
08/11/2023 10:00,15.31
08/11/2023 11:00,18.69
08/11/2023 12:00,14.03
08/11/2023 13:00,16.78
08/11/2023 14:00,20.91
08/11/2023 15:00,21.9
08/11/2023 16:00,28.13
08/11/2023 17:00,26.68
08/11/2023 18:00,14.1
08/11/2023 19:00,9.78
08/11/2023 20:00,7.22
08/11/2023 21:00,7.15
08/11/2023 22:00,6.79
08/11/2023 23:00,6.75
09/11/2023 00:00,
09/11/2023 01:00,7.03
09/11/2023 02:00,6.9
09/11/2023 03:00,6.85
09/11/2023 04:00,6.78
09/11/2023 05:00,6.47
09/11/2023 06:00,6.87
09/11/2023 07:00,6.5
09/11/2023 08:00,4.88
09/11/2023 09:00,12.53
09/11/2023 10:00,14.53
09/11/2023 11:00,14.09
09/11/2023 12:00,13.1
09/11/2023 13:00,17.37
09/11/2023 14:00,16.72
09/11/2023 15:00,20.47
09/11/2023 16:00,25.12
09/11/2023 17:00,22.85
09/11/2023 18:00,12.37
09/11/2023 19:00,8.44
09/11/2023 20:00,7.03
09/11/2023 21:00,6.85
09/11/2023 22:00,6.68
09/11/2023 23:00,6.66
10/11/2023 00:00,
10/11/2023 01:00,6.97
10/11/2023 02:00,6.94
10/11/2023 03:00,6.78
10/11/2023 04:00,6.66
10/11/2023 05:00,6.56
10/11/2023 06:00,6.66
10/11/2023 07:00,6.28
10/11/2023 08:00,3.18
10/11/2023 09:00,12.57
10/11/2023 10:00,8.78
10/11/2023 11:00,16.97
10/11/2023 12:00,18.09
10/11/2023 13:00,17.94
10/11/2023 14:00,18.03
10/11/2023 15:00,20.28
10/11/2023 16:00,25.06
10/11/2023 17:00,20.13
10/11/2023 18:00,13.69
10/11/2023 19:00,9.31
10/11/2023 20:00,7.56
10/11/2023 21:00,7
10/11/2023 22:00,6.66
10/11/2023 23:00,6.68
11/11/2023 00:00,
11/11/2023 01:00,6.94
11/11/2023 02:00,6.97
11/11/2023 03:00,6.81
11/11/2023 04:00,6.69
11/11/2023 05:00,6.5
11/11/2023 06:00,6.78
11/11/2023 07:00,5.6
11/11/2023 08:00,3.25
11/11/2023 09:00,0.37
11/11/2023 10:00,0
11/11/2023 11:00,0
11/11/2023 12:00,0.38
11/11/2023 13:00,0.21
11/11/2023 14:00,0.32
11/11/2023 15:00,2.22
11/11/2023 16:00,4.87
11/11/2023 17:00,7.69
11/11/2023 18:00,9.62
11/11/2023 19:00,9.97
11/11/2023 20:00,8.16
11/11/2023 21:00,7.69
11/11/2023 22:00,7.62
11/11/2023 23:00,7.28
12/11/2023 00:00,
12/11/2023 01:00,7.57
12/11/2023 02:00,7.56
12/11/2023 03:00,7.25
12/11/2023 04:00,6.75
12/11/2023 05:00,6.81
12/11/2023 06:00,6.81
12/11/2023 07:00,6.57
12/11/2023 08:00,3.56
12/11/2023 09:00,0.19
12/11/2023 10:00,0
12/11/2023 11:00,0
12/11/2023 12:00,0
12/11/2023 13:00,0.28
12/11/2023 14:00,1.94
12/11/2023 15:00,2.31
12/11/2023 16:00,4.25
12/11/2023 17:00,7.4
12/11/2023 18:00,8.97
12/11/2023 19:00,8.1
12/11/2023 20:00,7.93
12/11/2023 21:00,7.04
12/11/2023 22:00,6.4
12/11/2023 23:00,6.66
13/11/2023 00:00,
13/11/2023 01:00,6.63
13/11/2023 02:00,6.34
13/11/2023 03:00,6.47
13/11/2023 04:00,6.19
13/11/2023 05:00,6.12
13/11/2023 06:00,6.35
13/11/2023 07:00,5.68
13/11/2023 08:00,1.78
13/11/2023 09:00,10.1
13/11/2023 10:00,15.09
13/11/2023 11:00,13.16
13/11/2023 12:00,20.65
13/11/2023 13:00,27.79
13/11/2023 14:00,26.06
13/11/2023 15:00,22.53
13/11/2023 16:00,27.75
13/11/2023 17:00,17.16
13/11/2023 18:00,11.5
13/11/2023 19:00,9.96
13/11/2023 20:00,7
13/11/2023 21:00,6.91
13/11/2023 22:00,6.59
13/11/2023 23:00,6.72
14/11/2023 00:00,
14/11/2023 01:00,6.79
14/11/2023 02:00,6.59
14/11/2023 03:00,6.47
14/11/2023 04:00,6.37
14/11/2023 05:00,6.1
14/11/2023 06:00,6.53
14/11/2023 07:00,5.87
14/11/2023 08:00,2.38
14/11/2023 09:00,11.65
14/11/2023 10:00,10.29
14/11/2023 11:00,18.75
14/11/2023 12:00,10.81
14/11/2023 13:00,10.87
14/11/2023 14:00,16.28
14/11/2023 15:00,18.35
14/11/2023 16:00,19.78
14/11/2023 17:00,16.66
14/11/2023 18:00,11.18
14/11/2023 19:00,8.16
14/11/2023 20:00,7.03
14/11/2023 21:00,6.84
14/11/2023 22:00,6.38
14/11/2023 23:00,6.44
15/11/2023 00:00,
15/11/2023 01:00,6.31
15/11/2023 02:00,6.53
15/11/2023 03:00,6.44
15/11/2023 04:00,6.19
15/11/2023 05:00,5.97
15/11/2023 06:00,6.09
15/11/2023 07:00,5.81
15/11/2023 08:00,2.03
15/11/2023 09:00,2.82
15/11/2023 10:00,7.87
15/11/2023 11:00,8.88
15/11/2023 12:00,10.81
15/11/2023 13:00,15.59
15/11/2023 14:00,23.1
15/11/2023 15:00,23.12
15/11/2023 16:00,23.88
15/11/2023 17:00,23
15/11/2023 18:00,16.09
15/11/2023 19:00,9.72
15/11/2023 20:00,6.75
15/11/2023 21:00,6.75
15/11/2023 22:00,6.5
15/11/2023 23:00,6.47
16/11/2023 00:00,
16/11/2023 01:00,6.53
16/11/2023 02:00,6.5
16/11/2023 03:00,6.5
16/11/2023 04:00,6.22
16/11/2023 05:00,6.03
16/11/2023 06:00,6.06
16/11/2023 07:00,5.88
16/11/2023 08:00,5.56
16/11/2023 09:00,5.16
16/11/2023 10:00,8.22
16/11/2023 11:00,7.56
16/11/2023 12:00,11.97
16/11/2023 13:00,9.28
16/11/2023 14:00,10.72
16/11/2023 15:00,13.72
16/11/2023 16:00,16.84
16/11/2023 17:00,21.31
16/11/2023 18:00,15.72
16/11/2023 19:00,10.31
16/11/2023 20:00,7.22
16/11/2023 21:00,7.1
16/11/2023 22:00,6.9
16/11/2023 23:00,6.69
17/11/2023 00:00,
17/11/2023 01:00,6.43
17/11/2023 02:00,6.5
17/11/2023 03:00,6.57
17/11/2023 04:00,6
17/11/2023 05:00,6
17/11/2023 06:00,6
17/11/2023 07:00,5.75
17/11/2023 08:00,2.84
17/11/2023 09:00,6.12
17/11/2023 10:00,2.6
17/11/2023 11:00,2.5
17/11/2023 12:00,2.78
17/11/2023 13:00,0.37
17/11/2023 14:00,8.75
17/11/2023 15:00,7.47
17/11/2023 16:00,13.16
17/11/2023 17:00,13
17/11/2023 18:00,10.09
17/11/2023 19:00,9.47
17/11/2023 20:00,7.03
17/11/2023 21:00,6.6
17/11/2023 22:00,6.15
17/11/2023 23:00,5.97
18/11/2023 00:00,
18/11/2023 01:00,6.06
18/11/2023 02:00,6.09
18/11/2023 03:00,5.97
18/11/2023 04:00,5.78
18/11/2023 05:00,5.57
18/11/2023 06:00,5.81
18/11/2023 07:00,5.44
18/11/2023 08:00,1.62
18/11/2023 09:00,0
18/11/2023 10:00,0
18/11/2023 11:00,0
18/11/2023 12:00,0
18/11/2023 13:00,0
18/11/2023 14:00,0
18/11/2023 15:00,0.03
18/11/2023 16:00,1.16
18/11/2023 17:00,6.03
18/11/2023 18:00,7.28
18/11/2023 19:00,7.13
18/11/2023 20:00,6.81
18/11/2023 21:00,6.19
18/11/2023 22:00,6.22
18/11/2023 23:00,5.84
19/11/2023 00:00,
19/11/2023 01:00,6.07
19/11/2023 02:00,5.93
19/11/2023 03:00,5.82
19/11/2023 04:00,5.78
19/11/2023 05:00,5.5
19/11/2023 06:00,5.72
19/11/2023 07:00,5
19/11/2023 08:00,1.15
19/11/2023 09:00,0
19/11/2023 10:00,0
19/11/2023 11:00,0
19/11/2023 12:00,0
19/11/2023 13:00,0
19/11/2023 14:00,0
19/11/2023 15:00,0
19/11/2023 16:00,0.5
19/11/2023 17:00,5.28
19/11/2023 18:00,7.1
19/11/2023 19:00,6.65
19/11/2023 20:00,6.97
19/11/2023 21:00,6.53
19/11/2023 22:00,6.32
19/11/2023 23:00,6.09
20/11/2023 00:00,
20/11/2023 01:00,6.54
20/11/2023 02:00,6.18
20/11/2023 03:00,6.16
20/11/2023 04:00,6.16
20/11/2023 05:00,5.59
20/11/2023 06:00,5.94
20/11/2023 07:00,5.53
20/11/2023 08:00,2.06
20/11/2023 09:00,0.63
20/11/2023 10:00,3.62
20/11/2023 11:00,2.69
20/11/2023 12:00,2.69
20/11/2023 13:00,6
20/11/2023 14:00,8.93
20/11/2023 15:00,10.13
20/11/2023 16:00,17.72
20/11/2023 17:00,17
20/11/2023 18:00,8.59
20/11/2023 19:00,7.66
20/11/2023 20:00,6.43
20/11/2023 21:00,6.29
20/11/2023 22:00,6.12
20/11/2023 23:00,6.03
21/11/2023 00:00,
21/11/2023 01:00,6.18
21/11/2023 02:00,6.1
21/11/2023 03:00,5.62
21/11/2023 04:00,5.44
21/11/2023 05:00,5.31
21/11/2023 06:00,5.63
21/11/2023 07:00,5.47
21/11/2023 08:00,2.15
21/11/2023 09:00,1.5
21/11/2023 10:00,0.6
21/11/2023 11:00,0.5
21/11/2023 12:00,3.37
21/11/2023 13:00,6.25
21/11/2023 14:00,8.31
21/11/2023 15:00,11.63
21/11/2023 16:00,16.75
21/11/2023 17:00,16.75
21/11/2023 18:00,9.72
21/11/2023 19:00,6.84
21/11/2023 20:00,6.81
21/11/2023 21:00,6.28
21/11/2023 22:00,6.04
21/11/2023 23:00,6.12
22/11/2023 00:00,
22/11/2023 01:00,6.31
22/11/2023 02:00,6.22
22/11/2023 03:00,6.06
22/11/2023 04:00,6
22/11/2023 05:00,5.72
22/11/2023 06:00,5.94
22/11/2023 07:00,5.65
22/11/2023 08:00,2.22
22/11/2023 09:00,3.19
22/11/2023 10:00,4.09
22/11/2023 11:00,3.03
22/11/2023 12:00,5.41
22/11/2023 13:00,5.03
22/11/2023 14:00,7.34
22/11/2023 15:00,10.79
22/11/2023 16:00,16.68
22/11/2023 17:00,17.6
22/11/2023 18:00,12.18
22/11/2023 19:00,7.44
22/11/2023 20:00,6.78
22/11/2023 21:00,6.57
22/11/2023 22:00,6.21
22/11/2023 23:00,6.35
23/11/2023 00:00,
23/11/2023 01:00,6.18
23/11/2023 02:00,6.41
23/11/2023 03:00,6.09
23/11/2023 04:00,6
23/11/2023 05:00,5.97
23/11/2023 06:00,5.97
23/11/2023 07:00,5.72
23/11/2023 08:00,3.19
23/11/2023 09:00,0.72
23/11/2023 10:00,0.28
23/11/2023 11:00,0.4
23/11/2023 12:00,3.07
23/11/2023 13:00,3.09
23/11/2023 14:00,9
23/11/2023 15:00,9.19
23/11/2023 16:00,15
23/11/2023 17:00,13.69
23/11/2023 18:00,8.87
23/11/2023 19:00,7.19
23/11/2023 20:00,6.62
23/11/2023 21:00,6.38
23/11/2023 22:00,6.15
23/11/2023 23:00,6.07
24/11/2023 00:00,
24/11/2023 01:00,6.13
24/11/2023 02:00,6.31
24/11/2023 03:00,6.19
24/11/2023 04:00,5.84
24/11/2023 05:00,5.91
24/11/2023 06:00,5.9
24/11/2023 07:00,5.38
24/11/2023 08:00,3.09
24/11/2023 09:00,4.91
24/11/2023 10:00,8.03
24/11/2023 11:00,6.66
24/11/2023 12:00,9.06
24/11/2023 13:00,10.09
24/11/2023 14:00,18.5
24/11/2023 15:00,20.75
24/11/2023 16:00,21.69
24/11/2023 17:00,16.59
24/11/2023 18:00,11.79
24/11/2023 19:00,8.18
24/11/2023 20:00,6.91
24/11/2023 21:00,6.53
24/11/2023 22:00,6.19
24/11/2023 23:00,6.22
25/11/2023 00:00,
25/11/2023 01:00,6.29
25/11/2023 02:00,6.46
25/11/2023 03:00,6.13
25/11/2023 04:00,5.94
25/11/2023 05:00,5.93
25/11/2023 06:00,5.69
25/11/2023 07:00,5.28
25/11/2023 08:00,1.88
25/11/2023 09:00,0.25
25/11/2023 10:00,0
25/11/2023 11:00,0
25/11/2023 12:00,0
25/11/2023 13:00,0.5
25/11/2023 14:00,0
25/11/2023 15:00,0.12
25/11/2023 16:00,3.19
25/11/2023 17:00,5.72
25/11/2023 18:00,7.25
25/11/2023 19:00,6.81
25/11/2023 20:00,6.78
25/11/2023 21:00,6.69
25/11/2023 22:00,6.19
25/11/2023 23:00,6.47
26/11/2023 00:00,
26/11/2023 01:00,6.53
26/11/2023 02:00,6.69
26/11/2023 03:00,6.56
26/11/2023 04:00,6.22
26/11/2023 05:00,5.9
26/11/2023 06:00,6.16
26/11/2023 07:00,5.81
26/11/2023 08:00,1.94
26/11/2023 09:00,0
26/11/2023 10:00,0
26/11/2023 11:00,0
26/11/2023 12:00,0
26/11/2023 13:00,0
26/11/2023 14:00,0
26/11/2023 15:00,0
26/11/2023 16:00,0.37
26/11/2023 17:00,4.5
26/11/2023 18:00,6.57
26/11/2023 19:00,6.9
26/11/2023 20:00,6.66
26/11/2023 21:00,6.5
26/11/2023 22:00,6.31
26/11/2023 23:00,6.25
27/11/2023 00:00,
27/11/2023 01:00,6.31
27/11/2023 02:00,6.59
27/11/2023 03:00,6.35
27/11/2023 04:00,6.03
27/11/2023 05:00,5.97
27/11/2023 06:00,5.97
27/11/2023 07:00,5.84
27/11/2023 08:00,5.44
27/11/2023 09:00,10.9
27/11/2023 10:00,20
27/11/2023 11:00,16.1
27/11/2023 12:00,10.31
27/11/2023 13:00,9.69
27/11/2023 14:00,11.15
27/11/2023 15:00,10.57
27/11/2023 16:00,16.5
27/11/2023 17:00,16.84
27/11/2023 18:00,9.66
27/11/2023 19:00,9.31
27/11/2023 20:00,10.4
27/11/2023 21:00,9.88
27/11/2023 22:00,9.78
27/11/2023 23:00,9.66
28/11/2023 00:00,
28/11/2023 01:00,6.25
28/11/2023 02:00,6.12
28/11/2023 03:00,6.03
28/11/2023 04:00,5.88
28/11/2023 05:00,5.75
28/11/2023 06:00,5.84
28/11/2023 07:00,5.78
28/11/2023 08:00,2.38
28/11/2023 09:00,3.84
28/11/2023 10:00,3.72
28/11/2023 11:00,4.72
28/11/2023 12:00,3.41
28/11/2023 13:00,4.15
28/11/2023 14:00,6.13
28/11/2023 15:00,9.75
28/11/2023 16:00,15.75
28/11/2023 17:00,14.09
28/11/2023 18:00,11.16
28/11/2023 19:00,10.25
28/11/2023 20:00,6.81
28/11/2023 21:00,6.5
28/11/2023 22:00,6.41
28/11/2023 23:00,6.25
29/11/2023 00:00,
29/11/2023 01:00,6.19
29/11/2023 02:00,6.06
29/11/2023 03:00,6.03
29/11/2023 04:00,5.63
29/11/2023 05:00,5.5
29/11/2023 06:00,5.62
29/11/2023 07:00,5.47
29/11/2023 08:00,2.81
29/11/2023 09:00,1.13
29/11/2023 10:00,2.75
29/11/2023 11:00,2.19
29/11/2023 12:00,2.34
29/11/2023 13:00,1.63
29/11/2023 14:00,3.71
29/11/2023 15:00,8.16
29/11/2023 16:00,12.97
29/11/2023 17:00,11.91
29/11/2023 18:00,7.21
29/11/2023 19:00,6.91
29/11/2023 20:00,6.72
29/11/2023 21:00,6.81
29/11/2023 22:00,9.88
29/11/2023 23:00,9.78
30/11/2023 00:00,
30/11/2023 01:00,6.15
30/11/2023 02:00,6.31
30/11/2023 03:00,6.07
30/11/2023 04:00,5.84
30/11/2023 05:00,5.78
30/11/2023 06:00,5.88
30/11/2023 07:00,5.53
30/11/2023 08:00,4.59
30/11/2023 09:00,9.13
30/11/2023 10:00,12.31
30/11/2023 11:00,8.69
30/11/2023 12:00,9.47
30/11/2023 13:00,6.5
30/11/2023 14:00,9.12
30/11/2023 15:00,15.31
30/11/2023 16:00,17.16
30/11/2023 17:00,11.12
30/11/2023 18:00,8.41
30/11/2023 19:00,7.53
30/11/2023 20:00,6.78
30/11/2023 21:00,6.57
30/11/2023 22:00,6.37
30/11/2023 23:00,6.16
01/12/2023 00:00,
01/12/2023 01:00,6.32
01/12/2023 02:00,6.34
01/12/2023 03:00,6.09
01/12/2023 04:00,5.94
01/12/2023 05:00,5.75
01/12/2023 06:00,5.84
01/12/2023 07:00,5.72
01/12/2023 08:00,2.72
01/12/2023 09:00,5.81
01/12/2023 10:00,13.22
01/12/2023 11:00,8.32
01/12/2023 12:00,3.18
01/12/2023 13:00,6.41
01/12/2023 14:00,8.72
01/12/2023 15:00,9.84
01/12/2023 16:00,11.75
01/12/2023 17:00,12.91
01/12/2023 18:00,10.37
01/12/2023 19:00,8.6
01/12/2023 20:00,6.78
01/12/2023 21:00,6.56
01/12/2023 22:00,6.28
01/12/2023 23:00,6.22
02/12/2023 00:00,
02/12/2023 01:00,6.35
02/12/2023 02:00,6.4
02/12/2023 03:00,6.44
02/12/2023 04:00,5.91
02/12/2023 05:00,5.93
02/12/2023 06:00,6.07
02/12/2023 07:00,5.78
02/12/2023 08:00,2.31
02/12/2023 09:00,0.06
02/12/2023 10:00,0
02/12/2023 11:00,0.16
02/12/2023 12:00,0.25
02/12/2023 13:00,0.03
02/12/2023 14:00,0.16
02/12/2023 15:00,1.65
02/12/2023 16:00,9.97
02/12/2023 17:00,9.19
02/12/2023 18:00,9.5
02/12/2023 19:00,8.25
02/12/2023 20:00,7.12
02/12/2023 21:00,6.66
02/12/2023 22:00,6.56
02/12/2023 23:00,6.75
03/12/2023 00:00,
03/12/2023 01:00,7.94
03/12/2023 02:00,6.47
03/12/2023 03:00,6.4
03/12/2023 04:00,6.13
03/12/2023 05:00,5.93
03/12/2023 06:00,6.22
03/12/2023 07:00,6.07
03/12/2023 08:00,4.21
03/12/2023 09:00,1.47
03/12/2023 10:00,0
03/12/2023 11:00,0
03/12/2023 12:00,0
03/12/2023 13:00,0
03/12/2023 14:00,0.19
03/12/2023 15:00,0.88
03/12/2023 16:00,3.62
03/12/2023 17:00,3.91
03/12/2023 18:00,6.37
03/12/2023 19:00,6.75
03/12/2023 20:00,6.75
03/12/2023 21:00,6.53
03/12/2023 22:00,6.25
03/12/2023 23:00,6.41
04/12/2023 00:00,
04/12/2023 01:00,6.44
04/12/2023 02:00,6.65
04/12/2023 03:00,6.35
04/12/2023 04:00,6.18
04/12/2023 05:00,6.1
04/12/2023 06:00,6.25
04/12/2023 07:00,5.81
04/12/2023 08:00,2.84
04/12/2023 09:00,6.6
04/12/2023 10:00,11.18
04/12/2023 11:00,12.38
04/12/2023 12:00,
04/12/2023 13:00,17.25
04/12/2023 14:00,16.37
04/12/2023 15:00,24.1
04/12/2023 16:00,24.87
04/12/2023 17:00,21.19
04/12/2023 18:00,11.03
04/12/2023 19:00,8.37
04/12/2023 20:00,7.16
04/12/2023 21:00,6.91
04/12/2023 22:00,6.62
04/12/2023 23:00,6.38
05/12/2023 00:00,
05/12/2023 01:00,6.62
05/12/2023 02:00,6.66
05/12/2023 03:00,6.5
05/12/2023 04:00,6.25
05/12/2023 05:00,6.12
05/12/2023 06:00,6.31
05/12/2023 07:00,6
05/12/2023 08:00,2.13
05/12/2023 09:00,0
05/12/2023 10:00,0
05/12/2023 11:00,0
05/12/2023 12:00,0
05/12/2023 13:00,2
05/12/2023 14:00,0
05/12/2023 15:00,0.41
05/12/2023 16:00,3.31
05/12/2023 17:00,7.09
05/12/2023 18:00,7.19
05/12/2023 19:00,7
05/12/2023 20:00,7.09
05/12/2023 21:00,6.78
05/12/2023 22:00,6.57
05/12/2023 23:00,6.47
06/12/2023 00:00,
06/12/2023 01:00,6.46
06/12/2023 02:00,6.57
06/12/2023 03:00,6.37
06/12/2023 04:00,6.22
06/12/2023 05:00,6.09
06/12/2023 06:00,6.19
06/12/2023 07:00,6.03
06/12/2023 08:00,4.44
06/12/2023 09:00,11.16
06/12/2023 10:00,19.12
06/12/2023 11:00,17.88
06/12/2023 12:00,11.34
06/12/2023 13:00,19
06/12/2023 14:00,26.06
06/12/2023 15:00,29.16
06/12/2023 16:00,24.59
06/12/2023 17:00,18.82
06/12/2023 18:00,11.31
06/12/2023 19:00,7.9
06/12/2023 20:00,6.88
06/12/2023 21:00,6.78
06/12/2023 22:00,6.66
06/12/2023 23:00,6.65
07/12/2023 00:00,
07/12/2023 01:00,6.72
07/12/2023 02:00,6.66
07/12/2023 03:00,6.59
07/12/2023 04:00,6.38
07/12/2023 05:00,6.15
07/12/2023 06:00,6.5
07/12/2023 07:00,6.25
07/12/2023 08:00,4.94
07/12/2023 09:00,5.22
07/12/2023 10:00,5.34
07/12/2023 11:00,9.72
07/12/2023 12:00,26.22
07/12/2023 13:00,30.12
07/12/2023 14:00,29.5
07/12/2023 15:00,33.82
07/12/2023 16:00,31.56
07/12/2023 17:00,26.69
07/12/2023 18:00,8.68
07/12/2023 19:00,7.19
07/12/2023 20:00,6.78
07/12/2023 21:00,6.78
07/12/2023 22:00,6.54
07/12/2023 23:00,6.34
08/12/2023 00:00,
08/12/2023 01:00,6.46
08/12/2023 02:00,6.57
08/12/2023 03:00,6.5
08/12/2023 04:00,6.12
08/12/2023 05:00,6.03
08/12/2023 06:00,6.19
08/12/2023 07:00,5.75
08/12/2023 08:00,3.59
08/12/2023 09:00,7.5
08/12/2023 10:00,10.25
08/12/2023 11:00,8.94
08/12/2023 12:00,8.85
08/12/2023 13:00,10.65
08/12/2023 14:00,15.44
08/12/2023 15:00,13.97
08/12/2023 16:00,18.53
08/12/2023 17:00,16.81
08/12/2023 18:00,10.28
08/12/2023 19:00,9.78
08/12/2023 20:00,7.6
08/12/2023 21:00,6.75
08/12/2023 22:00,6.59
08/12/2023 23:00,6.53
09/12/2023 00:00,
09/12/2023 01:00,6.66
09/12/2023 02:00,6.65
09/12/2023 03:00,6.56
09/12/2023 04:00,6.32
09/12/2023 05:00,6.28
09/12/2023 06:00,6.37
09/12/2023 07:00,5.75
09/12/2023 08:00,2.97
09/12/2023 09:00,
09/12/2023 10:00,
09/12/2023 11:00,
09/12/2023 12:00,
09/12/2023 13:00,0
09/12/2023 14:00,0.34
09/12/2023 15:00,0
09/12/2023 16:00,0.87
09/12/2023 17:00,6.6
09/12/2023 18:00,7.09
09/12/2023 19:00,6.78
09/12/2023 20:00,6.6
09/12/2023 21:00,6.65
09/12/2023 22:00,6.41
09/12/2023 23:00,6.22
10/12/2023 00:00,
10/12/2023 01:00,6.16
10/12/2023 02:00,6.41
10/12/2023 03:00,6.4
10/12/2023 04:00,6.41
10/12/2023 05:00,5.97
10/12/2023 06:00,5.87
10/12/2023 07:00,5.78
10/12/2023 08:00,2.97
10/12/2023 09:00,0.1
10/12/2023 10:00,0
10/12/2023 11:00,0
10/12/2023 12:00,0
10/12/2023 13:00,0
10/12/2023 14:00,0
10/12/2023 15:00,1.12
10/12/2023 16:00,4.91
10/12/2023 17:00,10.15
10/12/2023 18:00,8.6
10/12/2023 19:00,7.09
10/12/2023 20:00,6.81
10/12/2023 21:00,6.38
10/12/2023 22:00,6.56
10/12/2023 23:00,6.28
11/12/2023 00:00,
11/12/2023 01:00,6.18
11/12/2023 02:00,6.16
11/12/2023 03:00,6.38
11/12/2023 04:00,6.21
11/12/2023 05:00,5.91
11/12/2023 06:00,5.81
11/12/2023 07:00,5.94
11/12/2023 08:00,3.41
11/12/2023 09:00,0.18
11/12/2023 10:00,0
11/12/2023 11:00,0
11/12/2023 12:00,0.1
11/12/2023 13:00,0
11/12/2023 14:00,0
11/12/2023 15:00,0.28
11/12/2023 16:00,2.47
11/12/2023 17:00,5.78
11/12/2023 18:00,6.91
11/12/2023 19:00,7.12
11/12/2023 20:00,6.94
11/12/2023 21:00,6.72
11/12/2023 22:00,6.56
11/12/2023 23:00,6.34
12/12/2023 00:00,
12/12/2023 01:00,8.72
12/12/2023 02:00,9.84
12/12/2023 03:00,7.53
12/12/2023 04:00,6.28
12/12/2023 05:00,6
12/12/2023 06:00,6.25
12/12/2023 07:00,6.1
12/12/2023 08:00,4.31
12/12/2023 09:00,8.62
12/12/2023 10:00,11.44
12/12/2023 11:00,14.53
12/12/2023 12:00,17.5
12/12/2023 13:00,20.63
12/12/2023 14:00,22.94
12/12/2023 15:00,20.78
12/12/2023 16:00,24.47
12/12/2023 17:00,24.03
12/12/2023 18:00,9.87
12/12/2023 19:00,8.63
12/12/2023 20:00,7
12/12/2023 21:00,6.87
12/12/2023 22:00,6.97
12/12/2023 23:00,6.44
13/12/2023 00:00,
13/12/2023 01:00,6.53
13/12/2023 02:00,6.59
13/12/2023 03:00,6.44
13/12/2023 04:00,6.47
13/12/2023 05:00,6.19
13/12/2023 06:00,6.34
13/12/2023 07:00,6.31
13/12/2023 08:00,8.03
13/12/2023 09:00,9.94
13/12/2023 10:00,14.31
13/12/2023 11:00,15.66
13/12/2023 12:00,23
13/12/2023 13:00,20.97
13/12/2023 14:00,21.19
13/12/2023 15:00,19.22
13/12/2023 16:00,23.46
13/12/2023 17:00,21.91
13/12/2023 18:00,15.69
13/12/2023 19:00,12.53
13/12/2023 20:00,10.94
13/12/2023 21:00,10.18
13/12/2023 22:00,9.72
13/12/2023 23:00,9.69
14/12/2023 00:00,
14/12/2023 01:00,9.12
14/12/2023 02:00,9.13
14/12/2023 03:00,9
14/12/2023 04:00,8.87
14/12/2023 05:00,8.47
14/12/2023 06:00,8.5
14/12/2023 07:00,8.63
14/12/2023 08:00,10.12
14/12/2023 09:00,10
14/12/2023 10:00,11.03
14/12/2023 11:00,7.91
14/12/2023 12:00,14.91
14/12/2023 13:00,10.03
14/12/2023 14:00,11.53
14/12/2023 15:00,12.12
14/12/2023 16:00,17.1
14/12/2023 17:00,20.84
14/12/2023 18:00,10.41
14/12/2023 19:00,7.93
14/12/2023 20:00,6.75
14/12/2023 21:00,6.85
14/12/2023 22:00,6.44
14/12/2023 23:00,6.5
15/12/2023 00:00,
15/12/2023 01:00,6.25
15/12/2023 02:00,6.47
15/12/2023 03:00,6.4
15/12/2023 04:00,6.38
15/12/2023 05:00,5.97
15/12/2023 06:00,6.15
15/12/2023 07:00,5.82
15/12/2023 08:00,6.56
15/12/2023 09:00,6.97
15/12/2023 10:00,9.59
15/12/2023 11:00,9.75
15/12/2023 12:00,19.22
15/12/2023 13:00,16.37
15/12/2023 14:00,22.22
15/12/2023 15:00,24.97
15/12/2023 16:00,25.56
15/12/2023 17:00,20.04
15/12/2023 18:00,10.9
15/12/2023 19:00,7.41
15/12/2023 20:00,7
15/12/2023 21:00,6.84
15/12/2023 22:00,6.66
15/12/2023 23:00,6.59
16/12/2023 00:00,
16/12/2023 01:00,6.66
16/12/2023 02:00,6.69
16/12/2023 03:00,6.78
16/12/2023 04:00,6.72
16/12/2023 05:00,6.15
16/12/2023 06:00,6.35
16/12/2023 07:00,6.15
16/12/2023 08:00,3.63
16/12/2023 09:00,0.09
16/12/2023 10:00,0
16/12/2023 11:00,0
16/12/2023 12:00,0
16/12/2023 13:00,0
16/12/2023 14:00,0.06
16/12/2023 15:00,0.6
16/12/2023 16:00,3.84
16/12/2023 17:00,7.69
16/12/2023 18:00,8.12
16/12/2023 19:00,6.85
16/12/2023 20:00,7
16/12/2023 21:00,6.81
16/12/2023 22:00,6.66
16/12/2023 23:00,6.62
17/12/2023 00:00,
17/12/2023 01:00,6.41
17/12/2023 02:00,6.37
17/12/2023 03:00,6.35
17/12/2023 04:00,6.34
17/12/2023 05:00,5.91
17/12/2023 06:00,6.22
17/12/2023 07:00,6.03
17/12/2023 08:00,3.87
17/12/2023 09:00,0.44
17/12/2023 10:00,0.12
17/12/2023 11:00,0.16
17/12/2023 12:00,0.06
17/12/2023 13:00,0
17/12/2023 14:00,0
17/12/2023 15:00,0
17/12/2023 16:00,0.66
17/12/2023 17:00,4.78
17/12/2023 18:00,7.06
17/12/2023 19:00,7.41
17/12/2023 20:00,7.44
17/12/2023 21:00,7.09
17/12/2023 22:00,6.72
17/12/2023 23:00,6.69
18/12/2023 00:00,
18/12/2023 01:00,6.69
18/12/2023 02:00,6.96
18/12/2023 03:00,6.72
18/12/2023 04:00,6.72
18/12/2023 05:00,6.35
18/12/2023 06:00,6.4
18/12/2023 07:00,6.56
18/12/2023 08:00,3.94
18/12/2023 09:00,7.66
18/12/2023 10:00,8.22
18/12/2023 11:00,16.43
18/12/2023 12:00,15.54
18/12/2023 13:00,20.09
18/12/2023 14:00,26.06
18/12/2023 15:00,29.38
18/12/2023 16:00,32.84
18/12/2023 17:00,25.22
18/12/2023 18:00,12.5
18/12/2023 19:00,7.22
18/12/2023 20:00,6.97
18/12/2023 21:00,6.65
18/12/2023 22:00,6.35
18/12/2023 23:00,6.31
19/12/2023 00:00,
19/12/2023 01:00,6.29
19/12/2023 02:00,6.5
19/12/2023 03:00,6.59
19/12/2023 04:00,6.31
19/12/2023 05:00,5.91
19/12/2023 06:00,6.19
19/12/2023 07:00,6.03
19/12/2023 08:00,3.59
19/12/2023 09:00,4.34
19/12/2023 10:00,17.22
19/12/2023 11:00,16.25
19/12/2023 12:00,16.07
19/12/2023 13:00,19.56
19/12/2023 14:00,20.87
19/12/2023 15:00,21.82
19/12/2023 16:00,23.93
19/12/2023 17:00,22.57
19/12/2023 18:00,15.84
19/12/2023 19:00,7.84
19/12/2023 20:00,6.91
19/12/2023 21:00,6.87
19/12/2023 22:00,6.32
19/12/2023 23:00,6.25
20/12/2023 00:00,
20/12/2023 01:00,6.06
20/12/2023 02:00,6.34
20/12/2023 03:00,6.44
20/12/2023 04:00,6.19
20/12/2023 05:00,5.75
20/12/2023 06:00,5.87
20/12/2023 07:00,5.85
20/12/2023 08:00,4.4
20/12/2023 09:00,9.19
20/12/2023 10:00,16.66
20/12/2023 11:00,14.25
20/12/2023 12:00,13.43
20/12/2023 13:00,21.47
20/12/2023 14:00,19.78
20/12/2023 15:00,19.1
20/12/2023 16:00,24.72
20/12/2023 17:00,21.4
20/12/2023 18:00,17.75
20/12/2023 19:00,12.03
20/12/2023 20:00,11.04
20/12/2023 21:00,10.65
20/12/2023 22:00,9.88
20/12/2023 23:00,6.81
21/12/2023 00:00,
21/12/2023 01:00,6.25
21/12/2023 02:00,6.5
21/12/2023 03:00,6.56
21/12/2023 04:00,6.31
21/12/2023 05:00,6.03
21/12/2023 06:00,6
21/12/2023 07:00,6.03
21/12/2023 08:00,6.1
21/12/2023 09:00,10.53
21/12/2023 10:00,16.62
21/12/2023 11:00,18.72
21/12/2023 12:00,14.19
21/12/2023 13:00,14.66
21/12/2023 14:00,13.12
21/12/2023 15:00,16.47
21/12/2023 16:00,20.41
21/12/2023 17:00,20.12
21/12/2023 18:00,13.28
21/12/2023 19:00,12.13
21/12/2023 20:00,11.68
21/12/2023 21:00,10.32
21/12/2023 22:00,10.18
21/12/2023 23:00,9.72
22/12/2023 00:00,
22/12/2023 01:00,8.97
22/12/2023 02:00,9
22/12/2023 03:00,8.72
22/12/2023 04:00,8.59
22/12/2023 05:00,8.34
22/12/2023 06:00,8.13
22/12/2023 07:00,8.19
22/12/2023 08:00,7.12
22/12/2023 09:00,4.75
22/12/2023 10:00,4.44
22/12/2023 11:00,2.87
22/12/2023 12:00,3.82
22/12/2023 13:00,3.71
22/12/2023 14:00,5.72
22/12/2023 15:00,9.91
22/12/2023 16:00,16.84
22/12/2023 17:00,17.07
22/12/2023 18:00,14.31
22/12/2023 19:00,10.78
22/12/2023 20:00,9.44
22/12/2023 21:00,8.47
22/12/2023 22:00,8.37
22/12/2023 23:00,8.25
23/12/2023 00:00,
23/12/2023 01:00,5.75
23/12/2023 02:00,5.6
23/12/2023 03:00,5.56
23/12/2023 04:00,5.53
23/12/2023 05:00,5.66
23/12/2023 06:00,5.18
23/12/2023 07:00,5.16
23/12/2023 08:00,2.06
23/12/2023 09:00,0
23/12/2023 10:00,0
23/12/2023 11:00,0
23/12/2023 12:00,0
23/12/2023 13:00,0
23/12/2023 14:00,0
23/12/2023 15:00,0
23/12/2023 16:00,0.22
23/12/2023 17:00,3.44
23/12/2023 18:00,5.91
23/12/2023 19:00,5.93
23/12/2023 20:00,6
23/12/2023 21:00,5.78
23/12/2023 22:00,5.72
23/12/2023 23:00,5.72
24/12/2023 00:00,
24/12/2023 01:00,5.63
24/12/2023 02:00,5.53
24/12/2023 03:00,5.53
24/12/2023 04:00,5.41
24/12/2023 05:00,5.53
24/12/2023 06:00,5.09
24/12/2023 07:00,5.09
24/12/2023 08:00,2.79
24/12/2023 09:00,0.12
24/12/2023 10:00,0
24/12/2023 11:00,0
24/12/2023 12:00,0
24/12/2023 13:00,0
24/12/2023 14:00,0
24/12/2023 15:00,0
24/12/2023 16:00,0.47
24/12/2023 17:00,4.66
24/12/2023 18:00,6.78
24/12/2023 19:00,6.37
24/12/2023 20:00,6.88
24/12/2023 21:00,6.62
24/12/2023 22:00,6.41
24/12/2023 23:00,6.15
25/12/2023 00:00,
25/12/2023 01:00,5.5
25/12/2023 02:00,5.5
25/12/2023 03:00,5.53
25/12/2023 04:00,5.34
25/12/2023 05:00,5.34
25/12/2023 06:00,5.13
25/12/2023 07:00,5.31
25/12/2023 08:00,4.03
25/12/2023 09:00,1.38
25/12/2023 10:00,0.84
25/12/2023 11:00,0.06
25/12/2023 12:00,0.04
25/12/2023 13:00,0.06
25/12/2023 14:00,2.87
25/12/2023 15:00,7.78
25/12/2023 16:00,14.75
25/12/2023 17:00,12.91
25/12/2023 18:00,8.28
25/12/2023 19:00,6.19
25/12/2023 20:00,6.28
25/12/2023 21:00,6.09
25/12/2023 22:00,5.94
25/12/2023 23:00,5.88
26/12/2023 00:00,
26/12/2023 01:00,5.84
26/12/2023 02:00,5.69
26/12/2023 03:00,5.59
26/12/2023 04:00,5.54
26/12/2023 05:00,5.5
26/12/2023 06:00,5.12
26/12/2023 07:00,5.19
26/12/2023 08:00,3.5
26/12/2023 09:00,1.15
26/12/2023 10:00,2.47
26/12/2023 11:00,0.85
26/12/2023 12:00,1.03
26/12/2023 13:00,0.87
26/12/2023 14:00,1.78
26/12/2023 15:00,5.04
26/12/2023 16:00,8.59
26/12/2023 17:00,11.84
26/12/2023 18:00,6.85
26/12/2023 19:00,5.75
26/12/2023 20:00,6.22
26/12/2023 21:00,6
26/12/2023 22:00,5.62
26/12/2023 23:00,5.31
27/12/2023 00:00,
27/12/2023 01:00,5.38
27/12/2023 02:00,5.22
27/12/2023 03:00,5.25
27/12/2023 04:00,5.31
27/12/2023 05:00,5.06
27/12/2023 06:00,4.88
27/12/2023 07:00,5.06
27/12/2023 08:00,4.03
27/12/2023 09:00,0.47
27/12/2023 10:00,1.59
27/12/2023 11:00,0.35
27/12/2023 12:00,0.68
27/12/2023 13:00,0.1
27/12/2023 14:00,1.37
27/12/2023 15:00,5.56
27/12/2023 16:00,9.44
27/12/2023 17:00,13.1
27/12/2023 18:00,9.96
27/12/2023 19:00,8.69
27/12/2023 20:00,8.22
27/12/2023 21:00,7.91
27/12/2023 22:00,7.62
27/12/2023 23:00,7.38
28/12/2023 00:00,
28/12/2023 01:00,7.15
28/12/2023 02:00,7.32
28/12/2023 03:00,7.03
28/12/2023 04:00,7.09
28/12/2023 05:00,6.88
28/12/2023 06:00,6.68
28/12/2023 07:00,6.85
28/12/2023 08:00,5.4
28/12/2023 09:00,1.35
28/12/2023 10:00,0.06
28/12/2023 11:00,0.03
28/12/2023 12:00,3.28
28/12/2023 13:00,11.5
28/12/2023 14:00,11.06
28/12/2023 15:00,8.54
28/12/2023 16:00,5.96
28/12/2023 17:00,8.1
28/12/2023 18:00,7.53
28/12/2023 19:00,7.03
28/12/2023 20:00,6.31
28/12/2023 21:00,6.38
28/12/2023 22:00,5.81
28/12/2023 23:00,5.72
29/12/2023 00:00,
29/12/2023 01:00,5.53
29/12/2023 02:00,5.75
29/12/2023 03:00,5.69
29/12/2023 04:00,5.53
29/12/2023 05:00,5.28
29/12/2023 06:00,5.25
29/12/2023 07:00,5.28
29/12/2023 08:00,2.69
29/12/2023 09:00,0
29/12/2023 10:00,
29/12/2023 11:00,
29/12/2023 12:00,
29/12/2023 13:00,
29/12/2023 14:00,
29/12/2023 15:00,
29/12/2023 16:00,
29/12/2023 17:00,
29/12/2023 18:00,
29/12/2023 19:00,
29/12/2023 20:00,4.03
29/12/2023 21:00,6.47
29/12/2023 22:00,5.81
29/12/2023 23:00,5.59
30/12/2023 00:00,
30/12/2023 01:00,5.56
30/12/2023 02:00,5.84
30/12/2023 03:00,5.75
30/12/2023 04:00,5.5
30/12/2023 05:00,5.53
30/12/2023 06:00,5.35
30/12/2023 07:00,5.25
30/12/2023 08:00,3.31
30/12/2023 09:00,0.69
30/12/2023 10:00,0.15
30/12/2023 11:00,0
30/12/2023 12:00,0
30/12/2023 13:00,0
30/12/2023 14:00,0
30/12/2023 15:00,0
30/12/2023 16:00,0.78
30/12/2023 17:00,3.07
30/12/2023 18:00,6.06
30/12/2023 19:00,6.44
30/12/2023 20:00,6.4
30/12/2023 21:00,6.53
30/12/2023 22:00,5.88
30/12/2023 23:00,5.75
31/12/2023 00:00,
31/12/2023 01:00,5.81
31/12/2023 02:00,5.82
31/12/2023 03:00,5.72
31/12/2023 04:00,5.68
31/12/2023 05:00,5.32
31/12/2023 06:00,5.31
31/12/2023 07:00,5.44
31/12/2023 08:00,2.9
31/12/2023 09:00,0.03
31/12/2023 10:00,0.03
31/12/2023 11:00,0
31/12/2023 12:00,0
31/12/2023 13:00,0
31/12/2023 14:00,0
31/12/2023 15:00,0.47
31/12/2023 16:00,2.16
31/12/2023 17:00,3.87
31/12/2023 18:00,6.29
31/12/2023 19:00,6.28
31/12/2023 20:00,6.53
31/12/2023 21:00,6.47
31/12/2023 22:00,5.87
31/12/2023 23:00,5.78
